ISO-10303-21;
HEADER;
FILE_DESCRIPTION(('STEP AP214'),'1');
FILE_NAME('1050170001.stp','2026-04-14T18:50:07',('TraceParts'),('TraceParts S.A.S.'),'Spatial InterOp 3D',' ',' ');
FILE_SCHEMA(('AUTOMOTIVE_DESIGN { 1 0 10303 214 1 1 1 1 }'));
ENDSEC;
DATA;
#1=MECHANICAL_DESIGN_GEOMETRIC_PRESENTATION_REPRESENTATION(' ',(#10,#11,#12,#13,#14,#15,#16,#17,#18,#19,#20,#21,#22,#23,#24,#25,#26,#27,#28,#29,#30,#31,#32,#33,#34,#35,#36,#37,#38,#39,#40,#41,#42,#43,#44,#45,#46,#47,#48,#49,#50,#51,#52,#53,#54,#55,#56,#57,#58,#59,#60,#61,#62,#63,#64,#65,#66,#67,#68,#69,#70,#71,#72,#73,#74,#75,#76,#77,#78,#79,#80,#81,#82,#83,#84,#85,#86,#87,#88,#89,#90,#91,#92,#93,#94,#95,#96,#97,#98,#99,#100,#101,#102,#103,#104,#105,#106,#107,#108,#109,#110,#111,#112,#113,#114,#115,#116,#117,#118,#119,#120,#121,#122,#123,#124,#125,#126,#127,#128,#129,#130,#131,#132,#133,#134,#135,#136,#137,#138,#139,#140,#141,#142,#143,#144,#145,#146,#147,#148,#149,#150,#151,#152,#153,#154,#155,#156,#157,#158,#159,#160,#161,#162,#163,#164,#165,#166,#167,#168,#169,#170,#171,#172,#173,#174,#175,#176,#177,#178,#179,#180,#181,#182,#183,#184,#185,#186,#187,#188,#189,#190,#191,#192,#193,#194,#195,#196,#197,#198,#199,#200,#201,#202,#203,#204,#205,#206,#207,#208,#209,#210,#211,#212,#213,#214,#215,#216,#217,#218,#219,#220,#221,#222,#223,#224,#225,#226,#227,#228,#229,#230,#231,#232,#233,#234,#235,#236,#237,#238,#239,#240,#241,#242,#243,#244,#245,#246,#247,#248,#249,#250,#251,#252,#253,#254,#255,#256,#257,#258,#259,#260,#261,#262,#263,#264,#265,#266,#267,#268,#269,#270,#271,#272,#273,#274,#275,#276,#277,#278,#279,#280,#281,#282,#283,#284,#285,#286,#287,#288,#289,#290,#291,#292,#293,#294,#295,#296,#297,#298,#299,#300,#301,#302,#303,#304,#305,#306,#307,#308,#309,#310,#311,#312,#313,#314,#315,#316,#317,#318,#319,#320,#321,#322,#323,#324,#325,#326,#327,#328,#329,#330,#331,#332,#333,#334,#335,#336,#337,#338,#339,#340,#341,#342,#343,#344,#345,#346,#347,#348,#349,#350,#351,#352,#353,#354,#355,#356,#357,#358,#359,#360,#361,#362,#363,#364,#365,#366,#367,#368,#369,#370,#371,#372,#373,#374,#375,#376,#377,#378,#379,#380,#381,#382,#383,#384,#385,#386,#387,#388,#389,#390,#391,#392,#393,#394,#395,#396,#397,#398,#399,#400,#401,#402,#403,#404,#405,#406,#407,#408,#409,#410,#411,#412,#413,#414,#415,#416,#417,#418,#419,#420,#421,#422,#423,#424,#425,#426,#427,#428,#429,#430,#431,#432,#433,#434,#435,#436,#437,#438,#439,#440,#441,#442,#443,#444,#445,#446),#6);
#2=PRODUCT_DEFINITION_CONTEXT('',#447,'design');
#3=APPLICATION_PROTOCOL_DEFINITION('INTERNATIONAL STANDARD','automotive_design',1994,#447);
#4=PRODUCT_CATEGORY_RELATIONSHIP('NONE','NONE',#448,#449);
#5=SHAPE_DEFINITION_REPRESENTATION(#450,#451);
#6= (GEOMETRIC_REPRESENTATION_CONTEXT(3)GLOBAL_UNCERTAINTY_ASSIGNED_CONTEXT((#454))GLOBAL_UNIT_ASSIGNED_CONTEXT((#456,#457,#458))REPRESENTATION_CONTEXT('NONE','WORKSPACE'));
#10=STYLED_ITEM('',(#460),#461);
#11=STYLED_ITEM('',(#462),#463);
#12=STYLED_ITEM('',(#464),#465);
#13=STYLED_ITEM('',(#466),#467);
#14=STYLED_ITEM('',(#468),#469);
#15=STYLED_ITEM('',(#470),#471);
#16=STYLED_ITEM('',(#472),#473);
#17=STYLED_ITEM('',(#474),#475);
#18=STYLED_ITEM('',(#476),#477);
#19=STYLED_ITEM('',(#478),#479);
#20=STYLED_ITEM('',(#480),#481);
#21=STYLED_ITEM('',(#482),#483);
#22=STYLED_ITEM('',(#484),#485);
#23=STYLED_ITEM('',(#486),#487);
#24=STYLED_ITEM('',(#488),#489);
#25=STYLED_ITEM('',(#490),#491);
#26=STYLED_ITEM('',(#492),#493);
#27=STYLED_ITEM('',(#494),#495);
#28=STYLED_ITEM('',(#496),#497);
#29=STYLED_ITEM('',(#498),#499);
#30=STYLED_ITEM('',(#500),#501);
#31=STYLED_ITEM('',(#502),#503);
#32=STYLED_ITEM('',(#504),#505);
#33=STYLED_ITEM('',(#506),#507);
#34=STYLED_ITEM('',(#508),#509);
#35=STYLED_ITEM('',(#510),#511);
#36=STYLED_ITEM('',(#512),#513);
#37=STYLED_ITEM('',(#514),#515);
#38=STYLED_ITEM('',(#516),#517);
#39=STYLED_ITEM('',(#518),#519);
#40=STYLED_ITEM('',(#520),#521);
#41=STYLED_ITEM('',(#522),#523);
#42=STYLED_ITEM('',(#524),#525);
#43=STYLED_ITEM('',(#526),#527);
#44=STYLED_ITEM('',(#528),#529);
#45=STYLED_ITEM('',(#530),#531);
#46=STYLED_ITEM('',(#532),#533);
#47=STYLED_ITEM('',(#534),#535);
#48=STYLED_ITEM('',(#536),#537);
#49=STYLED_ITEM('',(#538),#539);
#50=STYLED_ITEM('',(#540),#541);
#51=STYLED_ITEM('',(#542),#543);
#52=STYLED_ITEM('',(#544),#545);
#53=STYLED_ITEM('',(#546),#547);
#54=STYLED_ITEM('',(#548),#549);
#55=STYLED_ITEM('',(#550),#551);
#56=STYLED_ITEM('',(#552),#553);
#57=STYLED_ITEM('',(#554),#555);
#58=STYLED_ITEM('',(#556),#557);
#59=STYLED_ITEM('',(#558),#559);
#60=STYLED_ITEM('',(#560),#561);
#61=STYLED_ITEM('',(#562),#563);
#62=STYLED_ITEM('',(#564),#565);
#63=STYLED_ITEM('',(#566),#567);
#64=STYLED_ITEM('',(#568),#569);
#65=STYLED_ITEM('',(#570),#571);
#66=STYLED_ITEM('',(#572),#573);
#67=STYLED_ITEM('',(#574),#575);
#68=STYLED_ITEM('',(#576),#577);
#69=STYLED_ITEM('',(#578),#579);
#70=STYLED_ITEM('',(#580),#581);
#71=STYLED_ITEM('',(#582),#583);
#72=STYLED_ITEM('',(#584),#585);
#73=STYLED_ITEM('',(#586),#587);
#74=STYLED_ITEM('',(#588),#589);
#75=STYLED_ITEM('',(#590),#591);
#76=STYLED_ITEM('',(#592),#593);
#77=STYLED_ITEM('',(#594),#595);
#78=STYLED_ITEM('',(#596),#597);
#79=STYLED_ITEM('',(#598),#599);
#80=STYLED_ITEM('',(#600),#601);
#81=STYLED_ITEM('',(#602),#603);
#82=STYLED_ITEM('',(#604),#605);
#83=STYLED_ITEM('',(#606),#607);
#84=STYLED_ITEM('',(#608),#609);
#85=STYLED_ITEM('',(#610),#611);
#86=STYLED_ITEM('',(#612),#613);
#87=STYLED_ITEM('',(#614),#615);
#88=STYLED_ITEM('',(#616),#617);
#89=STYLED_ITEM('',(#618),#619);
#90=STYLED_ITEM('',(#620),#621);
#91=STYLED_ITEM('',(#622),#623);
#92=STYLED_ITEM('',(#624),#625);
#93=STYLED_ITEM('',(#626),#627);
#94=STYLED_ITEM('',(#628),#629);
#95=STYLED_ITEM('',(#630),#631);
#96=STYLED_ITEM('',(#632),#633);
#97=STYLED_ITEM('',(#634),#635);
#98=STYLED_ITEM('',(#636),#637);
#99=STYLED_ITEM('',(#638),#639);
#100=STYLED_ITEM('',(#640),#641);
#101=STYLED_ITEM('',(#642),#643);
#102=STYLED_ITEM('',(#644),#645);
#103=STYLED_ITEM('',(#646),#647);
#104=STYLED_ITEM('',(#648),#649);
#105=STYLED_ITEM('',(#650),#651);
#106=STYLED_ITEM('',(#652),#653);
#107=STYLED_ITEM('',(#654),#655);
#108=STYLED_ITEM('',(#656),#657);
#109=STYLED_ITEM('',(#658),#659);
#110=STYLED_ITEM('',(#660),#661);
#111=STYLED_ITEM('',(#662),#663);
#112=STYLED_ITEM('',(#664),#665);
#113=STYLED_ITEM('',(#666),#667);
#114=STYLED_ITEM('',(#668),#669);
#115=STYLED_ITEM('',(#670),#671);
#116=STYLED_ITEM('',(#672),#673);
#117=STYLED_ITEM('',(#674),#675);
#118=STYLED_ITEM('',(#676),#677);
#119=STYLED_ITEM('',(#678),#679);
#120=STYLED_ITEM('',(#680),#681);
#121=STYLED_ITEM('',(#682),#683);
#122=STYLED_ITEM('',(#684),#685);
#123=STYLED_ITEM('',(#686),#687);
#124=STYLED_ITEM('',(#688),#689);
#125=STYLED_ITEM('',(#690),#691);
#126=STYLED_ITEM('',(#692),#693);
#127=STYLED_ITEM('',(#694),#695);
#128=STYLED_ITEM('',(#696),#697);
#129=STYLED_ITEM('',(#698),#699);
#130=STYLED_ITEM('',(#700),#701);
#131=STYLED_ITEM('',(#702),#703);
#132=STYLED_ITEM('',(#704),#705);
#133=STYLED_ITEM('',(#706),#707);
#134=STYLED_ITEM('',(#708),#709);
#135=STYLED_ITEM('',(#710),#711);
#136=STYLED_ITEM('',(#712),#713);
#137=STYLED_ITEM('',(#714),#715);
#138=STYLED_ITEM('',(#716),#717);
#139=STYLED_ITEM('',(#718),#719);
#140=STYLED_ITEM('',(#720),#721);
#141=STYLED_ITEM('',(#722),#723);
#142=STYLED_ITEM('',(#724),#725);
#143=STYLED_ITEM('',(#726),#727);
#144=STYLED_ITEM('',(#728),#729);
#145=STYLED_ITEM('',(#730),#731);
#146=STYLED_ITEM('',(#732),#733);
#147=STYLED_ITEM('',(#734),#735);
#148=STYLED_ITEM('',(#736),#737);
#149=STYLED_ITEM('',(#738),#739);
#150=STYLED_ITEM('',(#740),#741);
#151=STYLED_ITEM('',(#742),#743);
#152=STYLED_ITEM('',(#744),#745);
#153=STYLED_ITEM('',(#746),#747);
#154=STYLED_ITEM('',(#748),#749);
#155=STYLED_ITEM('',(#750),#751);
#156=STYLED_ITEM('',(#752),#753);
#157=STYLED_ITEM('',(#754),#755);
#158=STYLED_ITEM('',(#756),#757);
#159=STYLED_ITEM('',(#758),#759);
#160=STYLED_ITEM('',(#760),#761);
#161=STYLED_ITEM('',(#762),#763);
#162=STYLED_ITEM('',(#764),#765);
#163=STYLED_ITEM('',(#766),#767);
#164=STYLED_ITEM('',(#768),#769);
#165=STYLED_ITEM('',(#770),#771);
#166=STYLED_ITEM('',(#772),#773);
#167=STYLED_ITEM('',(#774),#775);
#168=STYLED_ITEM('',(#776),#777);
#169=STYLED_ITEM('',(#778),#779);
#170=STYLED_ITEM('',(#780),#781);
#171=STYLED_ITEM('',(#782),#783);
#172=STYLED_ITEM('',(#784),#785);
#173=STYLED_ITEM('',(#786),#787);
#174=STYLED_ITEM('',(#788),#789);
#175=STYLED_ITEM('',(#790),#791);
#176=STYLED_ITEM('',(#792),#793);
#177=STYLED_ITEM('',(#794),#795);
#178=STYLED_ITEM('',(#796),#797);
#179=STYLED_ITEM('',(#798),#799);
#180=STYLED_ITEM('',(#800),#801);
#181=STYLED_ITEM('',(#802),#803);
#182=STYLED_ITEM('',(#804),#805);
#183=STYLED_ITEM('',(#806),#807);
#184=STYLED_ITEM('',(#808),#809);
#185=STYLED_ITEM('',(#810),#811);
#186=STYLED_ITEM('',(#812),#813);
#187=STYLED_ITEM('',(#814),#815);
#188=STYLED_ITEM('',(#816),#817);
#189=STYLED_ITEM('',(#818),#819);
#190=STYLED_ITEM('',(#820),#821);
#191=STYLED_ITEM('',(#822),#823);
#192=STYLED_ITEM('',(#824),#825);
#193=STYLED_ITEM('',(#826),#827);
#194=STYLED_ITEM('',(#828),#829);
#195=STYLED_ITEM('',(#830),#831);
#196=STYLED_ITEM('',(#832),#833);
#197=STYLED_ITEM('',(#834),#835);
#198=STYLED_ITEM('',(#836),#837);
#199=STYLED_ITEM('',(#838),#839);
#200=STYLED_ITEM('',(#840),#841);
#201=STYLED_ITEM('',(#842),#843);
#202=STYLED_ITEM('',(#844),#845);
#203=STYLED_ITEM('',(#846),#847);
#204=STYLED_ITEM('',(#848),#849);
#205=STYLED_ITEM('',(#850),#851);
#206=STYLED_ITEM('',(#852),#853);
#207=STYLED_ITEM('',(#854),#855);
#208=STYLED_ITEM('',(#856),#857);
#209=STYLED_ITEM('',(#858),#859);
#210=STYLED_ITEM('',(#860),#861);
#211=STYLED_ITEM('',(#862),#863);
#212=STYLED_ITEM('',(#864),#865);
#213=STYLED_ITEM('',(#866),#867);
#214=STYLED_ITEM('',(#868),#869);
#215=STYLED_ITEM('',(#870),#871);
#216=STYLED_ITEM('',(#872),#873);
#217=STYLED_ITEM('',(#874),#875);
#218=STYLED_ITEM('',(#876),#877);
#219=STYLED_ITEM('',(#878),#879);
#220=STYLED_ITEM('',(#880),#881);
#221=STYLED_ITEM('',(#882),#883);
#222=STYLED_ITEM('',(#884),#885);
#223=STYLED_ITEM('',(#886),#887);
#224=STYLED_ITEM('',(#888),#889);
#225=STYLED_ITEM('',(#890),#891);
#226=STYLED_ITEM('',(#892),#893);
#227=STYLED_ITEM('',(#894),#895);
#228=STYLED_ITEM('',(#896),#897);
#229=STYLED_ITEM('',(#898),#899);
#230=STYLED_ITEM('',(#900),#901);
#231=STYLED_ITEM('',(#902),#903);
#232=STYLED_ITEM('',(#904),#905);
#233=STYLED_ITEM('',(#906),#907);
#234=STYLED_ITEM('',(#908),#909);
#235=STYLED_ITEM('',(#910),#911);
#236=STYLED_ITEM('',(#912),#913);
#237=STYLED_ITEM('',(#914),#915);
#238=STYLED_ITEM('',(#916),#917);
#239=STYLED_ITEM('',(#918),#919);
#240=STYLED_ITEM('',(#920),#921);
#241=STYLED_ITEM('',(#922),#923);
#242=STYLED_ITEM('',(#924),#925);
#243=STYLED_ITEM('',(#926),#927);
#244=STYLED_ITEM('',(#928),#929);
#245=STYLED_ITEM('',(#930),#931);
#246=STYLED_ITEM('',(#932),#933);
#247=STYLED_ITEM('',(#934),#935);
#248=STYLED_ITEM('',(#936),#937);
#249=STYLED_ITEM('',(#938),#939);
#250=STYLED_ITEM('',(#940),#941);
#251=STYLED_ITEM('',(#942),#943);
#252=STYLED_ITEM('',(#944),#945);
#253=STYLED_ITEM('',(#946),#947);
#254=STYLED_ITEM('',(#948),#949);
#255=STYLED_ITEM('',(#950),#951);
#256=STYLED_ITEM('',(#952),#953);
#257=STYLED_ITEM('',(#954),#955);
#258=STYLED_ITEM('',(#956),#957);
#259=STYLED_ITEM('',(#958),#959);
#260=STYLED_ITEM('',(#960),#961);
#261=STYLED_ITEM('',(#962),#963);
#262=STYLED_ITEM('',(#964),#965);
#263=STYLED_ITEM('',(#966),#967);
#264=STYLED_ITEM('',(#968),#969);
#265=STYLED_ITEM('',(#970),#971);
#266=STYLED_ITEM('',(#972),#973);
#267=STYLED_ITEM('',(#974),#975);
#268=STYLED_ITEM('',(#976),#977);
#269=STYLED_ITEM('',(#978),#979);
#270=STYLED_ITEM('',(#980),#981);
#271=STYLED_ITEM('',(#982),#983);
#272=STYLED_ITEM('',(#984),#985);
#273=STYLED_ITEM('',(#986),#987);
#274=STYLED_ITEM('',(#988),#989);
#275=STYLED_ITEM('',(#990),#991);
#276=STYLED_ITEM('',(#992),#993);
#277=STYLED_ITEM('',(#994),#995);
#278=STYLED_ITEM('',(#996),#997);
#279=STYLED_ITEM('',(#998),#999);
#280=STYLED_ITEM('',(#1000),#1001);
#281=STYLED_ITEM('',(#1002),#1003);
#282=STYLED_ITEM('',(#1004),#1005);
#283=STYLED_ITEM('',(#1006),#1007);
#284=STYLED_ITEM('',(#1008),#1009);
#285=STYLED_ITEM('',(#1010),#1011);
#286=STYLED_ITEM('',(#1012),#1013);
#287=STYLED_ITEM('',(#1014),#1015);
#288=STYLED_ITEM('',(#1016),#1017);
#289=STYLED_ITEM('',(#1018),#1019);
#290=STYLED_ITEM('',(#1020),#1021);
#291=STYLED_ITEM('',(#1022),#1023);
#292=STYLED_ITEM('',(#1024),#1025);
#293=STYLED_ITEM('',(#1026),#1027);
#294=STYLED_ITEM('',(#1028),#1029);
#295=STYLED_ITEM('',(#1030),#1031);
#296=STYLED_ITEM('',(#1032),#1033);
#297=STYLED_ITEM('',(#1034),#1035);
#298=STYLED_ITEM('',(#1036),#1037);
#299=STYLED_ITEM('',(#1038),#1039);
#300=STYLED_ITEM('',(#1040),#1041);
#301=STYLED_ITEM('',(#1042),#1043);
#302=STYLED_ITEM('',(#1044),#1045);
#303=STYLED_ITEM('',(#1046),#1047);
#304=STYLED_ITEM('',(#1048),#1049);
#305=STYLED_ITEM('',(#1050),#1051);
#306=STYLED_ITEM('',(#1052),#1053);
#307=STYLED_ITEM('',(#1054),#1055);
#308=STYLED_ITEM('',(#1056),#1057);
#309=STYLED_ITEM('',(#1058),#1059);
#310=STYLED_ITEM('',(#1060),#1061);
#311=STYLED_ITEM('',(#1062),#1063);
#312=STYLED_ITEM('',(#1064),#1065);
#313=STYLED_ITEM('',(#1066),#1067);
#314=STYLED_ITEM('',(#1068),#1069);
#315=STYLED_ITEM('',(#1070),#1071);
#316=STYLED_ITEM('',(#1072),#1073);
#317=STYLED_ITEM('',(#1074),#1075);
#318=STYLED_ITEM('',(#1076),#1077);
#319=STYLED_ITEM('',(#1078),#1079);
#320=STYLED_ITEM('',(#1080),#1081);
#321=STYLED_ITEM('',(#1082),#1083);
#322=STYLED_ITEM('',(#1084),#1085);
#323=STYLED_ITEM('',(#1086),#1087);
#324=STYLED_ITEM('',(#1088),#1089);
#325=STYLED_ITEM('',(#1090),#1091);
#326=STYLED_ITEM('',(#1092),#1093);
#327=STYLED_ITEM('',(#1094),#1095);
#328=STYLED_ITEM('',(#1096),#1097);
#329=STYLED_ITEM('',(#1098),#1099);
#330=STYLED_ITEM('',(#1100),#1101);
#331=STYLED_ITEM('',(#1102),#1103);
#332=STYLED_ITEM('',(#1104),#1105);
#333=STYLED_ITEM('',(#1106),#1107);
#334=STYLED_ITEM('',(#1108),#1109);
#335=STYLED_ITEM('',(#1110),#1111);
#336=STYLED_ITEM('',(#1112),#1113);
#337=STYLED_ITEM('',(#1114),#1115);
#338=STYLED_ITEM('',(#1116),#1117);
#339=STYLED_ITEM('',(#1118),#1119);
#340=STYLED_ITEM('',(#1120),#1121);
#341=STYLED_ITEM('',(#1122),#1123);
#342=STYLED_ITEM('',(#1124),#1125);
#343=STYLED_ITEM('',(#1126),#1127);
#344=STYLED_ITEM('',(#1128),#1129);
#345=STYLED_ITEM('',(#1130),#1131);
#346=STYLED_ITEM('',(#1132),#1133);
#347=STYLED_ITEM('',(#1134),#1135);
#348=STYLED_ITEM('',(#1136),#1137);
#349=STYLED_ITEM('',(#1138),#1139);
#350=STYLED_ITEM('',(#1140),#1141);
#351=STYLED_ITEM('',(#1142),#1143);
#352=STYLED_ITEM('',(#1144),#1145);
#353=STYLED_ITEM('',(#1146),#1147);
#354=STYLED_ITEM('',(#1148),#1149);
#355=STYLED_ITEM('',(#1150),#1151);
#356=STYLED_ITEM('',(#1152),#1153);
#357=STYLED_ITEM('',(#1154),#1155);
#358=STYLED_ITEM('',(#1156),#1157);
#359=STYLED_ITEM('',(#1158),#1159);
#360=STYLED_ITEM('',(#1160),#1161);
#361=STYLED_ITEM('',(#1162),#1163);
#362=STYLED_ITEM('',(#1164),#1165);
#363=STYLED_ITEM('',(#1166),#1167);
#364=STYLED_ITEM('',(#1168),#1169);
#365=STYLED_ITEM('',(#1170),#1171);
#366=STYLED_ITEM('',(#1172),#1173);
#367=STYLED_ITEM('',(#1174),#1175);
#368=STYLED_ITEM('',(#1176),#1177);
#369=STYLED_ITEM('',(#1178),#1179);
#370=STYLED_ITEM('',(#1180),#1181);
#371=STYLED_ITEM('',(#1182),#1183);
#372=STYLED_ITEM('',(#1184),#1185);
#373=STYLED_ITEM('',(#1186),#1187);
#374=STYLED_ITEM('',(#1188),#1189);
#375=STYLED_ITEM('',(#1190),#1191);
#376=STYLED_ITEM('',(#1192),#1193);
#377=STYLED_ITEM('',(#1194),#1195);
#378=STYLED_ITEM('',(#1196),#1197);
#379=STYLED_ITEM('',(#1198),#1199);
#380=STYLED_ITEM('',(#1200),#1201);
#381=STYLED_ITEM('',(#1202),#1203);
#382=STYLED_ITEM('',(#1204),#1205);
#383=STYLED_ITEM('',(#1206),#1207);
#384=STYLED_ITEM('',(#1208),#1209);
#385=STYLED_ITEM('',(#1210),#1211);
#386=STYLED_ITEM('',(#1212),#1213);
#387=STYLED_ITEM('',(#1214),#1215);
#388=STYLED_ITEM('',(#1216),#1217);
#389=STYLED_ITEM('',(#1218),#1219);
#390=STYLED_ITEM('',(#1220),#1221);
#391=STYLED_ITEM('',(#1222),#1223);
#392=STYLED_ITEM('',(#1224),#1225);
#393=STYLED_ITEM('',(#1226),#1227);
#394=STYLED_ITEM('',(#1228),#1229);
#395=STYLED_ITEM('',(#1230),#1231);
#396=STYLED_ITEM('',(#1232),#1233);
#397=STYLED_ITEM('',(#1234),#1235);
#398=STYLED_ITEM('',(#1236),#1237);
#399=STYLED_ITEM('',(#1238),#1239);
#400=STYLED_ITEM('',(#1240),#1241);
#401=STYLED_ITEM('',(#1242),#1243);
#402=STYLED_ITEM('',(#1244),#1245);
#403=STYLED_ITEM('',(#1246),#1247);
#404=STYLED_ITEM('',(#1248),#1249);
#405=STYLED_ITEM('',(#1250),#1251);
#406=STYLED_ITEM('',(#1252),#1253);
#407=STYLED_ITEM('',(#1254),#1255);
#408=STYLED_ITEM('',(#1256),#1257);
#409=STYLED_ITEM('',(#1258),#1259);
#410=STYLED_ITEM('',(#1260),#1261);
#411=STYLED_ITEM('',(#1262),#1263);
#412=STYLED_ITEM('',(#1264),#1265);
#413=STYLED_ITEM('',(#1266),#1267);
#414=STYLED_ITEM('',(#1268),#1269);
#415=STYLED_ITEM('',(#1270),#1271);
#416=STYLED_ITEM('',(#1272),#1273);
#417=STYLED_ITEM('',(#1274),#1275);
#418=STYLED_ITEM('',(#1276),#1277);
#419=STYLED_ITEM('',(#1278),#1279);
#420=STYLED_ITEM('',(#1280),#1281);
#421=STYLED_ITEM('',(#1282),#1283);
#422=STYLED_ITEM('',(#1284),#1285);
#423=STYLED_ITEM('',(#1286),#1287);
#424=STYLED_ITEM('',(#1288),#1289);
#425=STYLED_ITEM('',(#1290),#1291);
#426=STYLED_ITEM('',(#1292),#1293);
#427=STYLED_ITEM('',(#1294),#1295);
#428=STYLED_ITEM('',(#1296),#1297);
#429=STYLED_ITEM('',(#1298),#1299);
#430=STYLED_ITEM('',(#1300),#1301);
#431=STYLED_ITEM('',(#1302),#1303);
#432=STYLED_ITEM('',(#1304),#1305);
#433=STYLED_ITEM('',(#1306),#1307);
#434=STYLED_ITEM('',(#1308),#1309);
#435=STYLED_ITEM('',(#1310),#1311);
#436=STYLED_ITEM('',(#1312),#1313);
#437=STYLED_ITEM('',(#1314),#1315);
#438=STYLED_ITEM('',(#1316),#1317);
#439=STYLED_ITEM('',(#1318),#1319);
#440=STYLED_ITEM('',(#1320),#1321);
#441=STYLED_ITEM('',(#1322),#1323);
#442=STYLED_ITEM('',(#1324),#1325);
#443=STYLED_ITEM('',(#1326),#1327);
#444=STYLED_ITEM('',(#1328),#1329);
#445=STYLED_ITEM('',(#1330),#1331);
#446=STYLED_ITEM('',(#1332),#1333);
#447=APPLICATION_CONTEXT(' ');
#448=PRODUCT_CATEGORY('part','NONE');
#449=PRODUCT_RELATED_PRODUCT_CATEGORY('detail',' ',(#1334));
#450=PRODUCT_DEFINITION_SHAPE('NONE','NONE',#1335);
#451=ADVANCED_BREP_SHAPE_REPRESENTATION('1',(#1333,#1336),#6);
#454=UNCERTAINTY_MEASURE_WITH_UNIT(LENGTH_MEASURE(1.0E-06),#456,'','');
#456= (CONVERSION_BASED_UNIT('MILLIMETRE',#1339)LENGTH_UNIT()NAMED_UNIT(#1342));
#457= (NAMED_UNIT(#1344)PLANE_ANGLE_UNIT()SI_UNIT($,.RADIAN.));
#458= (NAMED_UNIT(#1344)SOLID_ANGLE_UNIT()SI_UNIT($,.STERADIAN.));
#460=PRESENTATION_STYLE_ASSIGNMENT((#1350));
#461=ADVANCED_FACE('Face appearance 3',(#1351),#1352,.F.);
#462=PRESENTATION_STYLE_ASSIGNMENT((#1353));
#463=ADVANCED_FACE('Face appearance 3',(#1354),#1355,.F.);
#464=PRESENTATION_STYLE_ASSIGNMENT((#1356));
#465=ADVANCED_FACE('Face appearance 2',(#1357),#1358,.T.);
#466=PRESENTATION_STYLE_ASSIGNMENT((#1359));
#467=ADVANCED_FACE('Face appearance 2',(#1360),#1361,.T.);
#468=PRESENTATION_STYLE_ASSIGNMENT((#1362));
#469=ADVANCED_FACE('Face appearance 2',(#1363),#1364,.T.);
#470=PRESENTATION_STYLE_ASSIGNMENT((#1365));
#471=ADVANCED_FACE('Face appearance 2',(#1366),#1367,.T.);
#472=PRESENTATION_STYLE_ASSIGNMENT((#1368));
#473=ADVANCED_FACE('Face appearance 2',(#1369),#1370,.T.);
#474=PRESENTATION_STYLE_ASSIGNMENT((#1371));
#475=ADVANCED_FACE('Face appearance 2',(#1372),#1373,.T.);
#476=PRESENTATION_STYLE_ASSIGNMENT((#1374));
#477=ADVANCED_FACE('Face appearance 2',(#1375),#1376,.T.);
#478=PRESENTATION_STYLE_ASSIGNMENT((#1377));
#479=ADVANCED_FACE('Face appearance 2',(#1378),#1379,.F.);
#480=PRESENTATION_STYLE_ASSIGNMENT((#1380));
#481=ADVANCED_FACE('Face appearance 2',(#1381),#1382,.F.);
#482=PRESENTATION_STYLE_ASSIGNMENT((#1383));
#483=ADVANCED_FACE('Face appearance 2',(#1384),#1385,.T.);
#484=PRESENTATION_STYLE_ASSIGNMENT((#1386));
#485=ADVANCED_FACE('Face appearance 3',(#1387,#1388,#1389),#1390,.F.);
#486=PRESENTATION_STYLE_ASSIGNMENT((#1391));
#487=ADVANCED_FACE('Face appearance 3',(#1392),#1393,.F.);
#488=PRESENTATION_STYLE_ASSIGNMENT((#1394));
#489=ADVANCED_FACE('Face appearance 3',(#1395),#1396,.T.);
#490=PRESENTATION_STYLE_ASSIGNMENT((#1397));
#491=ADVANCED_FACE('Face appearance 3',(#1398),#1399,.F.);
#492=PRESENTATION_STYLE_ASSIGNMENT((#1400));
#493=ADVANCED_FACE('Face appearance 3',(#1401),#1402,.T.);
#494=PRESENTATION_STYLE_ASSIGNMENT((#1403));
#495=ADVANCED_FACE('Face appearance 3',(#1404),#1405,.F.);
#496=PRESENTATION_STYLE_ASSIGNMENT((#1406));
#497=ADVANCED_FACE('Face appearance 3',(#1407),#1408,.F.);
#498=PRESENTATION_STYLE_ASSIGNMENT((#1409));
#499=ADVANCED_FACE('Face appearance 3',(#1410),#1411,.F.);
#500=PRESENTATION_STYLE_ASSIGNMENT((#1412));
#501=ADVANCED_FACE('Face appearance 3',(#1413),#1414,.F.);
#502=PRESENTATION_STYLE_ASSIGNMENT((#1415));
#503=ADVANCED_FACE('Face appearance 3',(#1416),#1417,.F.);
#504=PRESENTATION_STYLE_ASSIGNMENT((#1418));
#505=ADVANCED_FACE('Face appearance 3',(#1419),#1420,.F.);
#506=PRESENTATION_STYLE_ASSIGNMENT((#1421));
#507=ADVANCED_FACE('Face appearance 3',(#1422),#1423,.F.);
#508=PRESENTATION_STYLE_ASSIGNMENT((#1424));
#509=ADVANCED_FACE('Face appearance 3',(#1425),#1426,.F.);
#510=PRESENTATION_STYLE_ASSIGNMENT((#1427));
#511=ADVANCED_FACE('Face appearance 3',(#1428),#1429,.F.);
#512=PRESENTATION_STYLE_ASSIGNMENT((#1430));
#513=ADVANCED_FACE('Face appearance 3',(#1431),#1432,.F.);
#514=PRESENTATION_STYLE_ASSIGNMENT((#1433));
#515=ADVANCED_FACE('Face appearance 3',(#1434),#1435,.F.);
#516=PRESENTATION_STYLE_ASSIGNMENT((#1436));
#517=ADVANCED_FACE('Face appearance 3',(#1437),#1438,.T.);
#518=PRESENTATION_STYLE_ASSIGNMENT((#1439));
#519=ADVANCED_FACE('Face appearance 3',(#1440),#1441,.T.);
#520=PRESENTATION_STYLE_ASSIGNMENT((#1442));
#521=ADVANCED_FACE('Face appearance 3',(#1443),#1444,.T.);
#522=PRESENTATION_STYLE_ASSIGNMENT((#1445));
#523=ADVANCED_FACE('Face appearance 3',(#1446),#1447,.T.);
#524=PRESENTATION_STYLE_ASSIGNMENT((#1448));
#525=ADVANCED_FACE('Face appearance 3',(#1449),#1450,.T.);
#526=PRESENTATION_STYLE_ASSIGNMENT((#1451));
#527=ADVANCED_FACE('Face appearance 3',(#1452),#1453,.T.);
#528=PRESENTATION_STYLE_ASSIGNMENT((#1454));
#529=ADVANCED_FACE('Face appearance 3',(#1455),#1456,.F.);
#530=PRESENTATION_STYLE_ASSIGNMENT((#1457));
#531=ADVANCED_FACE('Face appearance 3',(#1458),#1459,.F.);
#532=PRESENTATION_STYLE_ASSIGNMENT((#1460));
#533=ADVANCED_FACE('Face appearance 3',(#1461),#1462,.F.);
#534=PRESENTATION_STYLE_ASSIGNMENT((#1463));
#535=ADVANCED_FACE('Face appearance 3',(#1464),#1465,.F.);
#536=PRESENTATION_STYLE_ASSIGNMENT((#1466));
#537=ADVANCED_FACE('Face appearance 3',(#1467),#1468,.F.);
#538=PRESENTATION_STYLE_ASSIGNMENT((#1469));
#539=ADVANCED_FACE('Face appearance 3',(#1470),#1471,.T.);
#540=PRESENTATION_STYLE_ASSIGNMENT((#1472));
#541=ADVANCED_FACE('Face appearance 3',(#1473),#1474,.F.);
#542=PRESENTATION_STYLE_ASSIGNMENT((#1475));
#543=ADVANCED_FACE('Face appearance 3',(#1476),#1477,.F.);
#544=PRESENTATION_STYLE_ASSIGNMENT((#1478));
#545=ADVANCED_FACE('Face appearance 3',(#1479),#1480,.T.);
#546=PRESENTATION_STYLE_ASSIGNMENT((#1481));
#547=ADVANCED_FACE('Face appearance 3',(#1482),#1483,.F.);
#548=PRESENTATION_STYLE_ASSIGNMENT((#1484));
#549=ADVANCED_FACE('Face appearance 3',(#1485),#1486,.F.);
#550=PRESENTATION_STYLE_ASSIGNMENT((#1487));
#551=ADVANCED_FACE('Face appearance 3',(#1488),#1489,.F.);
#552=PRESENTATION_STYLE_ASSIGNMENT((#1490));
#553=ADVANCED_FACE('Face appearance 3',(#1491),#1492,.F.);
#554=PRESENTATION_STYLE_ASSIGNMENT((#1493));
#555=ADVANCED_FACE('Face appearance 3',(#1494),#1495,.F.);
#556=PRESENTATION_STYLE_ASSIGNMENT((#1496));
#557=ADVANCED_FACE('Face appearance 3',(#1497),#1498,.F.);
#558=PRESENTATION_STYLE_ASSIGNMENT((#1499));
#559=ADVANCED_FACE('Face appearance 3',(#1500),#1501,.F.);
#560=PRESENTATION_STYLE_ASSIGNMENT((#1502));
#561=ADVANCED_FACE('Face appearance 3',(#1503),#1504,.T.);
#562=PRESENTATION_STYLE_ASSIGNMENT((#1505));
#563=ADVANCED_FACE('Face appearance 3',(#1506),#1507,.F.);
#564=PRESENTATION_STYLE_ASSIGNMENT((#1508));
#565=ADVANCED_FACE('Face appearance 3',(#1509),#1510,.F.);
#566=PRESENTATION_STYLE_ASSIGNMENT((#1511));
#567=ADVANCED_FACE('Face appearance 3',(#1512),#1513,.T.);
#568=PRESENTATION_STYLE_ASSIGNMENT((#1514));
#569=ADVANCED_FACE('Face appearance 3',(#1515),#1516,.F.);
#570=PRESENTATION_STYLE_ASSIGNMENT((#1517));
#571=ADVANCED_FACE('Face appearance 3',(#1518),#1519,.F.);
#572=PRESENTATION_STYLE_ASSIGNMENT((#1520));
#573=ADVANCED_FACE('Face appearance 3',(#1521),#1522,.T.);
#574=PRESENTATION_STYLE_ASSIGNMENT((#1523));
#575=ADVANCED_FACE('Face appearance 3',(#1524),#1525,.T.);
#576=PRESENTATION_STYLE_ASSIGNMENT((#1526));
#577=ADVANCED_FACE('Face appearance 3',(#1527),#1528,.T.);
#578=PRESENTATION_STYLE_ASSIGNMENT((#1529));
#579=ADVANCED_FACE('Face appearance 3',(#1530),#1531,.T.);
#580=PRESENTATION_STYLE_ASSIGNMENT((#1532));
#581=ADVANCED_FACE('Face appearance 3',(#1533),#1534,.T.);
#582=PRESENTATION_STYLE_ASSIGNMENT((#1535));
#583=ADVANCED_FACE('Face appearance 3',(#1536),#1537,.T.);
#584=PRESENTATION_STYLE_ASSIGNMENT((#1538));
#585=ADVANCED_FACE('Face appearance 3',(#1539),#1540,.F.);
#586=PRESENTATION_STYLE_ASSIGNMENT((#1541));
#587=ADVANCED_FACE('Face appearance 3',(#1542),#1543,.F.);
#588=PRESENTATION_STYLE_ASSIGNMENT((#1544));
#589=ADVANCED_FACE('Face appearance 3',(#1545),#1546,.F.);
#590=PRESENTATION_STYLE_ASSIGNMENT((#1547));
#591=ADVANCED_FACE('Face appearance 3',(#1548),#1549,.F.);
#592=PRESENTATION_STYLE_ASSIGNMENT((#1550));
#593=ADVANCED_FACE('Face appearance 3',(#1551),#1552,.F.);
#594=PRESENTATION_STYLE_ASSIGNMENT((#1553));
#595=ADVANCED_FACE('Face appearance 3',(#1554),#1555,.F.);
#596=PRESENTATION_STYLE_ASSIGNMENT((#1556));
#597=ADVANCED_FACE('Face appearance 3',(#1557),#1558,.F.);
#598=PRESENTATION_STYLE_ASSIGNMENT((#1559));
#599=ADVANCED_FACE('Face appearance 3',(#1560),#1561,.T.);
#600=PRESENTATION_STYLE_ASSIGNMENT((#1562));
#601=ADVANCED_FACE('Face appearance 3',(#1563),#1564,.F.);
#602=PRESENTATION_STYLE_ASSIGNMENT((#1565));
#603=ADVANCED_FACE('Face appearance 3',(#1566),#1567,.T.);
#604=PRESENTATION_STYLE_ASSIGNMENT((#1568));
#605=ADVANCED_FACE('Face appearance 3',(#1569),#1570,.F.);
#606=PRESENTATION_STYLE_ASSIGNMENT((#1571));
#607=ADVANCED_FACE('Face appearance 3',(#1572),#1573,.F.);
#608=PRESENTATION_STYLE_ASSIGNMENT((#1574));
#609=ADVANCED_FACE('Face appearance 3',(#1575),#1576,.F.);
#610=PRESENTATION_STYLE_ASSIGNMENT((#1577));
#611=ADVANCED_FACE('Face appearance 3',(#1578),#1579,.T.);
#612=PRESENTATION_STYLE_ASSIGNMENT((#1580));
#613=ADVANCED_FACE('Face appearance 3',(#1581),#1582,.F.);
#614=PRESENTATION_STYLE_ASSIGNMENT((#1583));
#615=ADVANCED_FACE('Face appearance 3',(#1584),#1585,.T.);
#616=PRESENTATION_STYLE_ASSIGNMENT((#1586));
#617=ADVANCED_FACE('Face appearance 3',(#1587),#1588,.T.);
#618=PRESENTATION_STYLE_ASSIGNMENT((#1589));
#619=ADVANCED_FACE('Face appearance 3',(#1590),#1591,.F.);
#620=PRESENTATION_STYLE_ASSIGNMENT((#1592));
#621=ADVANCED_FACE('Face appearance 3',(#1593),#1594,.F.);
#622=PRESENTATION_STYLE_ASSIGNMENT((#1595));
#623=ADVANCED_FACE('Face appearance 3',(#1596),#1597,.T.);
#624=PRESENTATION_STYLE_ASSIGNMENT((#1598));
#625=ADVANCED_FACE('Face appearance 3',(#1599),#1600,.F.);
#626=PRESENTATION_STYLE_ASSIGNMENT((#1601));
#627=ADVANCED_FACE('Face appearance 3',(#1602),#1603,.T.);
#628=PRESENTATION_STYLE_ASSIGNMENT((#1604));
#629=ADVANCED_FACE('Face appearance 3',(#1605),#1606,.F.);
#630=PRESENTATION_STYLE_ASSIGNMENT((#1607));
#631=ADVANCED_FACE('Face appearance 3',(#1608),#1609,.T.);
#632=PRESENTATION_STYLE_ASSIGNMENT((#1610));
#633=ADVANCED_FACE('Face appearance 3',(#1611),#1612,.F.);
#634=PRESENTATION_STYLE_ASSIGNMENT((#1613));
#635=ADVANCED_FACE('Face appearance 3',(#1614),#1615,.F.);
#636=PRESENTATION_STYLE_ASSIGNMENT((#1616));
#637=ADVANCED_FACE('Face appearance 3',(#1617),#1618,.T.);
#638=PRESENTATION_STYLE_ASSIGNMENT((#1619));
#639=ADVANCED_FACE('Face appearance 3',(#1620),#1621,.T.);
#640=PRESENTATION_STYLE_ASSIGNMENT((#1622));
#641=ADVANCED_FACE('Face appearance 3',(#1623),#1624,.F.);
#642=PRESENTATION_STYLE_ASSIGNMENT((#1625));
#643=ADVANCED_FACE('Face appearance 3',(#1626),#1627,.F.);
#644=PRESENTATION_STYLE_ASSIGNMENT((#1628));
#645=ADVANCED_FACE('Face appearance 3',(#1629),#1630,.F.);
#646=PRESENTATION_STYLE_ASSIGNMENT((#1631));
#647=ADVANCED_FACE('Face appearance 3',(#1632),#1633,.T.);
#648=PRESENTATION_STYLE_ASSIGNMENT((#1634));
#649=ADVANCED_FACE('Face appearance 3',(#1635),#1636,.F.);
#650=PRESENTATION_STYLE_ASSIGNMENT((#1637));
#651=ADVANCED_FACE('Face appearance 3',(#1638),#1639,.F.);
#652=PRESENTATION_STYLE_ASSIGNMENT((#1640));
#653=ADVANCED_FACE('Face appearance 3',(#1641),#1642,.F.);
#654=PRESENTATION_STYLE_ASSIGNMENT((#1643));
#655=ADVANCED_FACE('Face appearance 3',(#1644),#1645,.T.);
#656=PRESENTATION_STYLE_ASSIGNMENT((#1646));
#657=ADVANCED_FACE('Face appearance 3',(#1647),#1648,.F.);
#658=PRESENTATION_STYLE_ASSIGNMENT((#1649));
#659=ADVANCED_FACE('Face appearance 3',(#1650),#1651,.F.);
#660=PRESENTATION_STYLE_ASSIGNMENT((#1652));
#661=ADVANCED_FACE('Face appearance 3',(#1653),#1654,.T.);
#662=PRESENTATION_STYLE_ASSIGNMENT((#1655));
#663=ADVANCED_FACE('Face appearance 3',(#1656),#1657,.T.);
#664=PRESENTATION_STYLE_ASSIGNMENT((#1658));
#665=ADVANCED_FACE('Face appearance 3',(#1659),#1660,.F.);
#666=PRESENTATION_STYLE_ASSIGNMENT((#1661));
#667=ADVANCED_FACE('Face appearance 3',(#1662),#1663,.T.);
#668=PRESENTATION_STYLE_ASSIGNMENT((#1664));
#669=ADVANCED_FACE('Face appearance 3',(#1665),#1666,.T.);
#670=PRESENTATION_STYLE_ASSIGNMENT((#1667));
#671=ADVANCED_FACE('Face appearance 3',(#1668),#1669,.T.);
#672=PRESENTATION_STYLE_ASSIGNMENT((#1670));
#673=ADVANCED_FACE('Face appearance 3',(#1671),#1672,.T.);
#674=PRESENTATION_STYLE_ASSIGNMENT((#1673));
#675=ADVANCED_FACE('Face appearance 3',(#1674),#1675,.F.);
#676=PRESENTATION_STYLE_ASSIGNMENT((#1676));
#677=ADVANCED_FACE('Face appearance 3',(#1677),#1678,.T.);
#678=PRESENTATION_STYLE_ASSIGNMENT((#1679));
#679=ADVANCED_FACE('Face appearance 3',(#1680),#1681,.T.);
#680=PRESENTATION_STYLE_ASSIGNMENT((#1682));
#681=ADVANCED_FACE('Face appearance 3',(#1683),#1684,.T.);
#682=PRESENTATION_STYLE_ASSIGNMENT((#1685));
#683=ADVANCED_FACE('Face appearance 3',(#1686),#1687,.F.);
#684=PRESENTATION_STYLE_ASSIGNMENT((#1688));
#685=ADVANCED_FACE('Face appearance 3',(#1689),#1690,.F.);
#686=PRESENTATION_STYLE_ASSIGNMENT((#1691));
#687=ADVANCED_FACE('Face appearance 3',(#1692),#1693,.T.);
#688=PRESENTATION_STYLE_ASSIGNMENT((#1694));
#689=ADVANCED_FACE('Face appearance 3',(#1695),#1696,.T.);
#690=PRESENTATION_STYLE_ASSIGNMENT((#1697));
#691=ADVANCED_FACE('Face appearance 3',(#1698),#1699,.F.);
#692=PRESENTATION_STYLE_ASSIGNMENT((#1700));
#693=ADVANCED_FACE('Face appearance 3',(#1701),#1702,.F.);
#694=PRESENTATION_STYLE_ASSIGNMENT((#1703));
#695=ADVANCED_FACE('Face appearance 3',(#1704),#1705,.F.);
#696=PRESENTATION_STYLE_ASSIGNMENT((#1706));
#697=ADVANCED_FACE('Face appearance 3',(#1707),#1708,.F.);
#698=PRESENTATION_STYLE_ASSIGNMENT((#1709));
#699=ADVANCED_FACE('Face appearance 3',(#1710),#1711,.F.);
#700=PRESENTATION_STYLE_ASSIGNMENT((#1712));
#701=ADVANCED_FACE('Face appearance 3',(#1713),#1714,.F.);
#702=PRESENTATION_STYLE_ASSIGNMENT((#1715));
#703=ADVANCED_FACE('Face appearance 3',(#1716),#1717,.F.);
#704=PRESENTATION_STYLE_ASSIGNMENT((#1718));
#705=ADVANCED_FACE('Face appearance 3',(#1719),#1720,.F.);
#706=PRESENTATION_STYLE_ASSIGNMENT((#1721));
#707=ADVANCED_FACE('Face appearance 3',(#1722),#1723,.F.);
#708=PRESENTATION_STYLE_ASSIGNMENT((#1724));
#709=ADVANCED_FACE('Face appearance 3',(#1725),#1726,.T.);
#710=PRESENTATION_STYLE_ASSIGNMENT((#1727));
#711=ADVANCED_FACE('Face appearance 3',(#1728),#1729,.F.);
#712=PRESENTATION_STYLE_ASSIGNMENT((#1730));
#713=ADVANCED_FACE('Face appearance 3',(#1731),#1732,.F.);
#714=PRESENTATION_STYLE_ASSIGNMENT((#1733));
#715=ADVANCED_FACE('Face appearance 3',(#1734),#1735,.F.);
#716=PRESENTATION_STYLE_ASSIGNMENT((#1736));
#717=ADVANCED_FACE('Face appearance 3',(#1737),#1738,.F.);
#718=PRESENTATION_STYLE_ASSIGNMENT((#1739));
#719=ADVANCED_FACE('Face appearance 3',(#1740),#1741,.T.);
#720=PRESENTATION_STYLE_ASSIGNMENT((#1742));
#721=ADVANCED_FACE('Face appearance 3',(#1743),#1744,.F.);
#722=PRESENTATION_STYLE_ASSIGNMENT((#1745));
#723=ADVANCED_FACE('Face appearance 3',(#1746),#1747,.F.);
#724=PRESENTATION_STYLE_ASSIGNMENT((#1748));
#725=ADVANCED_FACE('Face appearance 3',(#1749),#1750,.F.);
#726=PRESENTATION_STYLE_ASSIGNMENT((#1751));
#727=ADVANCED_FACE('Face appearance 3',(#1752),#1753,.F.);
#728=PRESENTATION_STYLE_ASSIGNMENT((#1754));
#729=ADVANCED_FACE('Face appearance 3',(#1755),#1756,.F.);
#730=PRESENTATION_STYLE_ASSIGNMENT((#1757));
#731=ADVANCED_FACE('Face appearance 3',(#1758),#1759,.T.);
#732=PRESENTATION_STYLE_ASSIGNMENT((#1760));
#733=ADVANCED_FACE('Face appearance 3',(#1761),#1762,.F.);
#734=PRESENTATION_STYLE_ASSIGNMENT((#1763));
#735=ADVANCED_FACE('Face appearance 3',(#1764),#1765,.T.);
#736=PRESENTATION_STYLE_ASSIGNMENT((#1766));
#737=ADVANCED_FACE('Face appearance 3',(#1767),#1768,.T.);
#738=PRESENTATION_STYLE_ASSIGNMENT((#1769));
#739=ADVANCED_FACE('Face appearance 3',(#1770),#1771,.F.);
#740=PRESENTATION_STYLE_ASSIGNMENT((#1772));
#741=ADVANCED_FACE('Face appearance 3',(#1773),#1774,.F.);
#742=PRESENTATION_STYLE_ASSIGNMENT((#1775));
#743=ADVANCED_FACE('Face appearance 3',(#1776),#1777,.T.);
#744=PRESENTATION_STYLE_ASSIGNMENT((#1778));
#745=ADVANCED_FACE('Face appearance 3',(#1779),#1780,.F.);
#746=PRESENTATION_STYLE_ASSIGNMENT((#1781));
#747=ADVANCED_FACE('Face appearance 3',(#1782),#1783,.T.);
#748=PRESENTATION_STYLE_ASSIGNMENT((#1784));
#749=ADVANCED_FACE('Face appearance 3',(#1785),#1786,.T.);
#750=PRESENTATION_STYLE_ASSIGNMENT((#1787));
#751=ADVANCED_FACE('Face appearance 3',(#1788),#1789,.T.);
#752=PRESENTATION_STYLE_ASSIGNMENT((#1790));
#753=ADVANCED_FACE('Face appearance 3',(#1791),#1792,.T.);
#754=PRESENTATION_STYLE_ASSIGNMENT((#1793));
#755=ADVANCED_FACE('Face appearance 3',(#1794),#1795,.F.);
#756=PRESENTATION_STYLE_ASSIGNMENT((#1796));
#757=ADVANCED_FACE('Face appearance 3',(#1797),#1798,.F.);
#758=PRESENTATION_STYLE_ASSIGNMENT((#1799));
#759=ADVANCED_FACE('Face appearance 3',(#1800),#1801,.T.);
#760=PRESENTATION_STYLE_ASSIGNMENT((#1802));
#761=ADVANCED_FACE('Face appearance 3',(#1803),#1804,.F.);
#762=PRESENTATION_STYLE_ASSIGNMENT((#1805));
#763=ADVANCED_FACE('Face appearance 3',(#1806),#1807,.T.);
#764=PRESENTATION_STYLE_ASSIGNMENT((#1808));
#765=ADVANCED_FACE('Face appearance 3',(#1809),#1810,.F.);
#766=PRESENTATION_STYLE_ASSIGNMENT((#1811));
#767=ADVANCED_FACE('Face appearance 3',(#1812),#1813,.F.);
#768=PRESENTATION_STYLE_ASSIGNMENT((#1814));
#769=ADVANCED_FACE('Face appearance 3',(#1815),#1816,.T.);
#770=PRESENTATION_STYLE_ASSIGNMENT((#1817));
#771=ADVANCED_FACE('Face appearance 3',(#1818),#1819,.F.);
#772=PRESENTATION_STYLE_ASSIGNMENT((#1820));
#773=ADVANCED_FACE('Face appearance 3',(#1821),#1822,.T.);
#774=PRESENTATION_STYLE_ASSIGNMENT((#1823));
#775=ADVANCED_FACE('Face appearance 3',(#1824),#1825,.T.);
#776=PRESENTATION_STYLE_ASSIGNMENT((#1826));
#777=ADVANCED_FACE('Face appearance 3',(#1827),#1828,.T.);
#778=PRESENTATION_STYLE_ASSIGNMENT((#1829));
#779=ADVANCED_FACE('Face appearance 3',(#1830),#1831,.F.);
#780=PRESENTATION_STYLE_ASSIGNMENT((#1832));
#781=ADVANCED_FACE('Face appearance 3',(#1833),#1834,.T.);
#782=PRESENTATION_STYLE_ASSIGNMENT((#1835));
#783=ADVANCED_FACE('Face appearance 3',(#1836),#1837,.T.);
#784=PRESENTATION_STYLE_ASSIGNMENT((#1838));
#785=ADVANCED_FACE('Face appearance 3',(#1839),#1840,.F.);
#786=PRESENTATION_STYLE_ASSIGNMENT((#1841));
#787=ADVANCED_FACE('Face appearance 3',(#1842),#1843,.F.);
#788=PRESENTATION_STYLE_ASSIGNMENT((#1844));
#789=ADVANCED_FACE('Face appearance 3',(#1845),#1846,.T.);
#790=PRESENTATION_STYLE_ASSIGNMENT((#1847));
#791=ADVANCED_FACE('Face appearance 3',(#1848),#1849,.F.);
#792=PRESENTATION_STYLE_ASSIGNMENT((#1850));
#793=ADVANCED_FACE('Face appearance 3',(#1851),#1852,.F.);
#794=PRESENTATION_STYLE_ASSIGNMENT((#1853));
#795=ADVANCED_FACE('Face appearance 3',(#1854),#1855,.F.);
#796=PRESENTATION_STYLE_ASSIGNMENT((#1856));
#797=ADVANCED_FACE('Face appearance 3',(#1857),#1858,.F.);
#798=PRESENTATION_STYLE_ASSIGNMENT((#1859));
#799=ADVANCED_FACE('Face appearance 3',(#1860),#1861,.T.);
#800=PRESENTATION_STYLE_ASSIGNMENT((#1862));
#801=ADVANCED_FACE('Face appearance 3',(#1863),#1864,.T.);
#802=PRESENTATION_STYLE_ASSIGNMENT((#1865));
#803=ADVANCED_FACE('Face appearance 3',(#1866),#1867,.F.);
#804=PRESENTATION_STYLE_ASSIGNMENT((#1868));
#805=ADVANCED_FACE('Face appearance 3',(#1869),#1870,.T.);
#806=PRESENTATION_STYLE_ASSIGNMENT((#1871));
#807=ADVANCED_FACE('Face appearance 3',(#1872),#1873,.F.);
#808=PRESENTATION_STYLE_ASSIGNMENT((#1874));
#809=ADVANCED_FACE('Face appearance 3',(#1875),#1876,.T.);
#810=PRESENTATION_STYLE_ASSIGNMENT((#1877));
#811=ADVANCED_FACE('Face appearance 3',(#1878),#1879,.T.);
#812=PRESENTATION_STYLE_ASSIGNMENT((#1880));
#813=ADVANCED_FACE('Face appearance 3',(#1881),#1882,.F.);
#814=PRESENTATION_STYLE_ASSIGNMENT((#1883));
#815=ADVANCED_FACE('Face appearance 3',(#1884),#1885,.F.);
#816=PRESENTATION_STYLE_ASSIGNMENT((#1886));
#817=ADVANCED_FACE('Face appearance 3',(#1887),#1888,.F.);
#818=PRESENTATION_STYLE_ASSIGNMENT((#1889));
#819=ADVANCED_FACE('Face appearance 3',(#1890),#1891,.T.);
#820=PRESENTATION_STYLE_ASSIGNMENT((#1892));
#821=ADVANCED_FACE('Face appearance 3',(#1893),#1894,.T.);
#822=PRESENTATION_STYLE_ASSIGNMENT((#1895));
#823=ADVANCED_FACE('Face appearance 3',(#1896),#1897,.F.);
#824=PRESENTATION_STYLE_ASSIGNMENT((#1898));
#825=ADVANCED_FACE('Face appearance 3',(#1899),#1900,.T.);
#826=PRESENTATION_STYLE_ASSIGNMENT((#1901));
#827=ADVANCED_FACE('Face appearance 3',(#1902),#1903,.F.);
#828=PRESENTATION_STYLE_ASSIGNMENT((#1904));
#829=ADVANCED_FACE('Face appearance 3',(#1905),#1906,.T.);
#830=PRESENTATION_STYLE_ASSIGNMENT((#1907));
#831=ADVANCED_FACE('Face appearance 3',(#1908),#1909,.F.);
#832=PRESENTATION_STYLE_ASSIGNMENT((#1910));
#833=ADVANCED_FACE('Face appearance 3',(#1911),#1912,.F.);
#834=PRESENTATION_STYLE_ASSIGNMENT((#1913));
#835=ADVANCED_FACE('Face appearance 3',(#1914),#1915,.T.);
#836=PRESENTATION_STYLE_ASSIGNMENT((#1916));
#837=ADVANCED_FACE('Face appearance 3',(#1917),#1918,.F.);
#838=PRESENTATION_STYLE_ASSIGNMENT((#1919));
#839=ADVANCED_FACE('Face appearance 3',(#1920),#1921,.F.);
#840=PRESENTATION_STYLE_ASSIGNMENT((#1922));
#841=ADVANCED_FACE('Face appearance 3',(#1923),#1924,.T.);
#842=PRESENTATION_STYLE_ASSIGNMENT((#1925));
#843=ADVANCED_FACE('Face appearance 3',(#1926),#1927,.T.);
#844=PRESENTATION_STYLE_ASSIGNMENT((#1928));
#845=ADVANCED_FACE('Face appearance 3',(#1929),#1930,.T.);
#846=PRESENTATION_STYLE_ASSIGNMENT((#1931));
#847=ADVANCED_FACE('Face appearance 3',(#1932),#1933,.T.);
#848=PRESENTATION_STYLE_ASSIGNMENT((#1934));
#849=ADVANCED_FACE('Face appearance 3',(#1935),#1936,.F.);
#850=PRESENTATION_STYLE_ASSIGNMENT((#1937));
#851=ADVANCED_FACE('Face appearance 3',(#1938),#1939,.F.);
#852=PRESENTATION_STYLE_ASSIGNMENT((#1940));
#853=ADVANCED_FACE('Face appearance 3',(#1941),#1942,.T.);
#854=PRESENTATION_STYLE_ASSIGNMENT((#1943));
#855=ADVANCED_FACE('Face appearance 3',(#1944),#1945,.T.);
#856=PRESENTATION_STYLE_ASSIGNMENT((#1946));
#857=ADVANCED_FACE('Face appearance 3',(#1947),#1948,.F.);
#858=PRESENTATION_STYLE_ASSIGNMENT((#1949));
#859=ADVANCED_FACE('Face appearance 3',(#1950),#1951,.T.);
#860=PRESENTATION_STYLE_ASSIGNMENT((#1952));
#861=ADVANCED_FACE('Face appearance 3',(#1953),#1954,.F.);
#862=PRESENTATION_STYLE_ASSIGNMENT((#1955));
#863=ADVANCED_FACE('Face appearance 3',(#1956),#1957,.F.);
#864=PRESENTATION_STYLE_ASSIGNMENT((#1958));
#865=ADVANCED_FACE('Face appearance 3',(#1959),#1960,.T.);
#866=PRESENTATION_STYLE_ASSIGNMENT((#1961));
#867=ADVANCED_FACE('Face appearance 3',(#1962),#1963,.T.);
#868=PRESENTATION_STYLE_ASSIGNMENT((#1964));
#869=ADVANCED_FACE('Face appearance 3',(#1965),#1966,.T.);
#870=PRESENTATION_STYLE_ASSIGNMENT((#1967));
#871=ADVANCED_FACE('Face appearance 3',(#1968),#1969,.F.);
#872=PRESENTATION_STYLE_ASSIGNMENT((#1970));
#873=ADVANCED_FACE('Face appearance 3',(#1971),#1972,.F.);
#874=PRESENTATION_STYLE_ASSIGNMENT((#1973));
#875=ADVANCED_FACE('Face appearance 3',(#1974,#1975,#1976,#1977),#1978,.F.);
#876=PRESENTATION_STYLE_ASSIGNMENT((#1979));
#877=ADVANCED_FACE('Face appearance 3',(#1980),#1981,.T.);
#878=PRESENTATION_STYLE_ASSIGNMENT((#1982));
#879=ADVANCED_FACE('Face appearance 3',(#1983),#1984,.F.);
#880=PRESENTATION_STYLE_ASSIGNMENT((#1985));
#881=ADVANCED_FACE('Face appearance 3',(#1986),#1987,.F.);
#882=PRESENTATION_STYLE_ASSIGNMENT((#1988));
#883=ADVANCED_FACE('Face appearance 3',(#1989),#1990,.F.);
#884=PRESENTATION_STYLE_ASSIGNMENT((#1991));
#885=ADVANCED_FACE('Face appearance 3',(#1992),#1993,.F.);
#886=PRESENTATION_STYLE_ASSIGNMENT((#1994));
#887=ADVANCED_FACE('Face appearance 3',(#1995),#1996,.F.);
#888=PRESENTATION_STYLE_ASSIGNMENT((#1997));
#889=ADVANCED_FACE('Face appearance 3',(#1998),#1999,.F.);
#890=PRESENTATION_STYLE_ASSIGNMENT((#2000));
#891=ADVANCED_FACE('Face appearance 3',(#2001),#2002,.T.);
#892=PRESENTATION_STYLE_ASSIGNMENT((#2003));
#893=ADVANCED_FACE('Face appearance 3',(#2004),#2005,.F.);
#894=PRESENTATION_STYLE_ASSIGNMENT((#2006));
#895=ADVANCED_FACE('Face appearance 3',(#2007),#2008,.T.);
#896=PRESENTATION_STYLE_ASSIGNMENT((#2009));
#897=ADVANCED_FACE('Face appearance 3',(#2010),#2011,.F.);
#898=PRESENTATION_STYLE_ASSIGNMENT((#2012));
#899=ADVANCED_FACE('Face appearance 3',(#2013),#2014,.T.);
#900=PRESENTATION_STYLE_ASSIGNMENT((#2015));
#901=ADVANCED_FACE('Face appearance 3',(#2016),#2017,.T.);
#902=PRESENTATION_STYLE_ASSIGNMENT((#2018));
#903=ADVANCED_FACE('Face appearance 3',(#2019),#2020,.F.);
#904=PRESENTATION_STYLE_ASSIGNMENT((#2021));
#905=ADVANCED_FACE('Face appearance 3',(#2022),#2023,.F.);
#906=PRESENTATION_STYLE_ASSIGNMENT((#2024));
#907=ADVANCED_FACE('Face appearance 3',(#2025),#2026,.F.);
#908=PRESENTATION_STYLE_ASSIGNMENT((#2027));
#909=ADVANCED_FACE('Face appearance 3',(#2028),#2029,.F.);
#910=PRESENTATION_STYLE_ASSIGNMENT((#2030));
#911=ADVANCED_FACE('Face appearance 3',(#2031),#2032,.F.);
#912=PRESENTATION_STYLE_ASSIGNMENT((#2033));
#913=ADVANCED_FACE('Face appearance 3',(#2034),#2035,.T.);
#914=PRESENTATION_STYLE_ASSIGNMENT((#2036));
#915=ADVANCED_FACE('Face appearance 3',(#2037),#2038,.T.);
#916=PRESENTATION_STYLE_ASSIGNMENT((#2039));
#917=ADVANCED_FACE('Face appearance 3',(#2040),#2041,.T.);
#918=PRESENTATION_STYLE_ASSIGNMENT((#2042));
#919=ADVANCED_FACE('Face appearance 3',(#2043),#2044,.T.);
#920=PRESENTATION_STYLE_ASSIGNMENT((#2045));
#921=ADVANCED_FACE('Face appearance 3',(#2046),#2047,.F.);
#922=PRESENTATION_STYLE_ASSIGNMENT((#2048));
#923=ADVANCED_FACE('Face appearance 3',(#2049),#2050,.T.);
#924=PRESENTATION_STYLE_ASSIGNMENT((#2051));
#925=ADVANCED_FACE('Face appearance 3',(#2052),#2053,.T.);
#926=PRESENTATION_STYLE_ASSIGNMENT((#2054));
#927=ADVANCED_FACE('Face appearance 3',(#2055),#2056,.T.);
#928=PRESENTATION_STYLE_ASSIGNMENT((#2057));
#929=ADVANCED_FACE('Face appearance 3',(#2058),#2059,.T.);
#930=PRESENTATION_STYLE_ASSIGNMENT((#2060));
#931=ADVANCED_FACE('Face appearance 3',(#2061),#2062,.F.);
#932=PRESENTATION_STYLE_ASSIGNMENT((#2063));
#933=ADVANCED_FACE('Face appearance 3',(#2064),#2065,.F.);
#934=PRESENTATION_STYLE_ASSIGNMENT((#2066));
#935=ADVANCED_FACE('Face appearance 3',(#2067),#2068,.F.);
#936=PRESENTATION_STYLE_ASSIGNMENT((#2069));
#937=ADVANCED_FACE('Face appearance 3',(#2070),#2071,.T.);
#938=PRESENTATION_STYLE_ASSIGNMENT((#2072));
#939=ADVANCED_FACE('Face appearance 3',(#2073),#2074,.T.);
#940=PRESENTATION_STYLE_ASSIGNMENT((#2075));
#941=ADVANCED_FACE('Face appearance 3',(#2076),#2077,.T.);
#942=PRESENTATION_STYLE_ASSIGNMENT((#2078));
#943=ADVANCED_FACE('Face appearance 3',(#2079),#2080,.T.);
#944=PRESENTATION_STYLE_ASSIGNMENT((#2081));
#945=ADVANCED_FACE('Face appearance 3',(#2082),#2083,.T.);
#946=PRESENTATION_STYLE_ASSIGNMENT((#2084));
#947=ADVANCED_FACE('Face appearance 3',(#2085),#2086,.T.);
#948=PRESENTATION_STYLE_ASSIGNMENT((#2087));
#949=ADVANCED_FACE('Face appearance 3',(#2088),#2089,.F.);
#950=PRESENTATION_STYLE_ASSIGNMENT((#2090));
#951=ADVANCED_FACE('Face appearance 3',(#2091),#2092,.F.);
#952=PRESENTATION_STYLE_ASSIGNMENT((#2093));
#953=ADVANCED_FACE('Face appearance 3',(#2094),#2095,.T.);
#954=PRESENTATION_STYLE_ASSIGNMENT((#2096));
#955=ADVANCED_FACE('Face appearance 3',(#2097),#2098,.T.);
#956=PRESENTATION_STYLE_ASSIGNMENT((#2099));
#957=ADVANCED_FACE('Face appearance 3',(#2100),#2101,.T.);
#958=PRESENTATION_STYLE_ASSIGNMENT((#2102));
#959=ADVANCED_FACE('Face appearance 3',(#2103),#2104,.F.);
#960=PRESENTATION_STYLE_ASSIGNMENT((#2105));
#961=ADVANCED_FACE('Face appearance 3',(#2106),#2107,.F.);
#962=PRESENTATION_STYLE_ASSIGNMENT((#2108));
#963=ADVANCED_FACE('Face appearance 3',(#2109),#2110,.T.);
#964=PRESENTATION_STYLE_ASSIGNMENT((#2111));
#965=ADVANCED_FACE('Face appearance 3',(#2112),#2113,.T.);
#966=PRESENTATION_STYLE_ASSIGNMENT((#2114));
#967=ADVANCED_FACE('Face appearance 3',(#2115),#2116,.T.);
#968=PRESENTATION_STYLE_ASSIGNMENT((#2117));
#969=ADVANCED_FACE('Face appearance 3',(#2118),#2119,.T.);
#970=PRESENTATION_STYLE_ASSIGNMENT((#2120));
#971=ADVANCED_FACE('Face appearance 3',(#2121),#2122,.F.);
#972=PRESENTATION_STYLE_ASSIGNMENT((#2123));
#973=ADVANCED_FACE('Face appearance 3',(#2124),#2125,.F.);
#974=PRESENTATION_STYLE_ASSIGNMENT((#2126));
#975=ADVANCED_FACE('Face appearance 3',(#2127),#2128,.F.);
#976=PRESENTATION_STYLE_ASSIGNMENT((#2129));
#977=ADVANCED_FACE('Face appearance 3',(#2130),#2131,.T.);
#978=PRESENTATION_STYLE_ASSIGNMENT((#2132));
#979=ADVANCED_FACE('Face appearance 3',(#2133),#2134,.T.);
#980=PRESENTATION_STYLE_ASSIGNMENT((#2135));
#981=ADVANCED_FACE('Face appearance 3',(#2136),#2137,.T.);
#982=PRESENTATION_STYLE_ASSIGNMENT((#2138));
#983=ADVANCED_FACE('Face appearance 3',(#2139),#2140,.F.);
#984=PRESENTATION_STYLE_ASSIGNMENT((#2141));
#985=ADVANCED_FACE('Face appearance 3',(#2142),#2143,.F.);
#986=PRESENTATION_STYLE_ASSIGNMENT((#2144));
#987=ADVANCED_FACE('Face appearance 3',(#2145),#2146,.T.);
#988=PRESENTATION_STYLE_ASSIGNMENT((#2147));
#989=ADVANCED_FACE('Face appearance 3',(#2148),#2149,.F.);
#990=PRESENTATION_STYLE_ASSIGNMENT((#2150));
#991=ADVANCED_FACE('Face appearance 3',(#2151),#2152,.F.);
#992=PRESENTATION_STYLE_ASSIGNMENT((#2153));
#993=ADVANCED_FACE('Face appearance 3',(#2154),#2155,.F.);
#994=PRESENTATION_STYLE_ASSIGNMENT((#2156));
#995=ADVANCED_FACE('Face appearance 3',(#2157),#2158,.T.);
#996=PRESENTATION_STYLE_ASSIGNMENT((#2159));
#997=ADVANCED_FACE('Face appearance 3',(#2160),#2161,.T.);
#998=PRESENTATION_STYLE_ASSIGNMENT((#2162));
#999=ADVANCED_FACE('Face appearance 3',(#2163),#2164,.T.);
#1000=PRESENTATION_STYLE_ASSIGNMENT((#2165));
#1001=ADVANCED_FACE('Face appearance 3',(#2166),#2167,.F.);
#1002=PRESENTATION_STYLE_ASSIGNMENT((#2168));
#1003=ADVANCED_FACE('Face appearance 3',(#2169),#2170,.T.);
#1004=PRESENTATION_STYLE_ASSIGNMENT((#2171));
#1005=ADVANCED_FACE('Face appearance 3',(#2172),#2173,.T.);
#1006=PRESENTATION_STYLE_ASSIGNMENT((#2174));
#1007=ADVANCED_FACE('Face appearance 3',(#2175),#2176,.T.);
#1008=PRESENTATION_STYLE_ASSIGNMENT((#2177));
#1009=ADVANCED_FACE('Face appearance 3',(#2178),#2179,.T.);
#1010=PRESENTATION_STYLE_ASSIGNMENT((#2180));
#1011=ADVANCED_FACE('Face appearance 3',(#2181),#2182,.T.);
#1012=PRESENTATION_STYLE_ASSIGNMENT((#2183));
#1013=ADVANCED_FACE('Face appearance 3',(#2184),#2185,.T.);
#1014=PRESENTATION_STYLE_ASSIGNMENT((#2186));
#1015=ADVANCED_FACE('Face appearance 3',(#2187),#2188,.T.);
#1016=PRESENTATION_STYLE_ASSIGNMENT((#2189));
#1017=ADVANCED_FACE('Face appearance 3',(#2190),#2191,.T.);
#1018=PRESENTATION_STYLE_ASSIGNMENT((#2192));
#1019=ADVANCED_FACE('Face appearance 3',(#2193),#2194,.F.);
#1020=PRESENTATION_STYLE_ASSIGNMENT((#2195));
#1021=ADVANCED_FACE('Face appearance 3',(#2196),#2197,.F.);
#1022=PRESENTATION_STYLE_ASSIGNMENT((#2198));
#1023=ADVANCED_FACE('Face appearance 3',(#2199),#2200,.F.);
#1024=PRESENTATION_STYLE_ASSIGNMENT((#2201));
#1025=ADVANCED_FACE('Face appearance 3',(#2202),#2203,.F.);
#1026=PRESENTATION_STYLE_ASSIGNMENT((#2204));
#1027=ADVANCED_FACE('Face appearance 3',(#2205),#2206,.T.);
#1028=PRESENTATION_STYLE_ASSIGNMENT((#2207));
#1029=ADVANCED_FACE('Face appearance 3',(#2208),#2209,.T.);
#1030=PRESENTATION_STYLE_ASSIGNMENT((#2210));
#1031=ADVANCED_FACE('Face appearance 3',(#2211),#2212,.T.);
#1032=PRESENTATION_STYLE_ASSIGNMENT((#2213));
#1033=ADVANCED_FACE('Face appearance 3',(#2214),#2215,.T.);
#1034=PRESENTATION_STYLE_ASSIGNMENT((#2216));
#1035=ADVANCED_FACE('Face appearance 3',(#2217),#2218,.F.);
#1036=PRESENTATION_STYLE_ASSIGNMENT((#2219));
#1037=ADVANCED_FACE('Face appearance 3',(#2220),#2221,.F.);
#1038=PRESENTATION_STYLE_ASSIGNMENT((#2222));
#1039=ADVANCED_FACE('Face appearance 3',(#2223),#2224,.T.);
#1040=PRESENTATION_STYLE_ASSIGNMENT((#2225));
#1041=ADVANCED_FACE('Face appearance 3',(#2226),#2227,.T.);
#1042=PRESENTATION_STYLE_ASSIGNMENT((#2228));
#1043=ADVANCED_FACE('Face appearance 3',(#2229),#2230,.T.);
#1044=PRESENTATION_STYLE_ASSIGNMENT((#2231));
#1045=ADVANCED_FACE('Face appearance 3',(#2232),#2233,.F.);
#1046=PRESENTATION_STYLE_ASSIGNMENT((#2234));
#1047=ADVANCED_FACE('Face appearance 3',(#2235),#2236,.F.);
#1048=PRESENTATION_STYLE_ASSIGNMENT((#2237));
#1049=ADVANCED_FACE('Face appearance 3',(#2238),#2239,.T.);
#1050=PRESENTATION_STYLE_ASSIGNMENT((#2240));
#1051=ADVANCED_FACE('Face appearance 3',(#2241),#2242,.T.);
#1052=PRESENTATION_STYLE_ASSIGNMENT((#2243));
#1053=ADVANCED_FACE('Face appearance 3',(#2244),#2245,.T.);
#1054=PRESENTATION_STYLE_ASSIGNMENT((#2246));
#1055=ADVANCED_FACE('Face appearance 3',(#2247),#2248,.T.);
#1056=PRESENTATION_STYLE_ASSIGNMENT((#2249));
#1057=ADVANCED_FACE('Face appearance 3',(#2250),#2251,.T.);
#1058=PRESENTATION_STYLE_ASSIGNMENT((#2252));
#1059=ADVANCED_FACE('Face appearance 3',(#2253),#2254,.T.);
#1060=PRESENTATION_STYLE_ASSIGNMENT((#2255));
#1061=ADVANCED_FACE('Face appearance 3',(#2256),#2257,.F.);
#1062=PRESENTATION_STYLE_ASSIGNMENT((#2258));
#1063=ADVANCED_FACE('Face appearance 3',(#2259),#2260,.F.);
#1064=PRESENTATION_STYLE_ASSIGNMENT((#2261));
#1065=ADVANCED_FACE('Face appearance 3',(#2262),#2263,.T.);
#1066=PRESENTATION_STYLE_ASSIGNMENT((#2264));
#1067=ADVANCED_FACE('Face appearance 3',(#2265),#2266,.F.);
#1068=PRESENTATION_STYLE_ASSIGNMENT((#2267));
#1069=ADVANCED_FACE('Face appearance 3',(#2268),#2269,.F.);
#1070=PRESENTATION_STYLE_ASSIGNMENT((#2270));
#1071=ADVANCED_FACE('Face appearance 3',(#2271),#2272,.T.);
#1072=PRESENTATION_STYLE_ASSIGNMENT((#2273));
#1073=ADVANCED_FACE('Face appearance 3',(#2274),#2275,.F.);
#1074=PRESENTATION_STYLE_ASSIGNMENT((#2276));
#1075=ADVANCED_FACE('Face appearance 3',(#2277),#2278,.T.);
#1076=PRESENTATION_STYLE_ASSIGNMENT((#2279));
#1077=ADVANCED_FACE('Face appearance 3',(#2280),#2281,.F.);
#1078=PRESENTATION_STYLE_ASSIGNMENT((#2282));
#1079=ADVANCED_FACE('Face appearance 3',(#2283),#2284,.T.);
#1080=PRESENTATION_STYLE_ASSIGNMENT((#2285));
#1081=ADVANCED_FACE('Face appearance 3',(#2286),#2287,.T.);
#1082=PRESENTATION_STYLE_ASSIGNMENT((#2288));
#1083=ADVANCED_FACE('Face appearance 3',(#2289),#2290,.T.);
#1084=PRESENTATION_STYLE_ASSIGNMENT((#2291));
#1085=ADVANCED_FACE('Face appearance 3',(#2292),#2293,.T.);
#1086=PRESENTATION_STYLE_ASSIGNMENT((#2294));
#1087=ADVANCED_FACE('Face appearance 3',(#2295),#2296,.T.);
#1088=PRESENTATION_STYLE_ASSIGNMENT((#2297));
#1089=ADVANCED_FACE('Face appearance 3',(#2298),#2299,.T.);
#1090=PRESENTATION_STYLE_ASSIGNMENT((#2300));
#1091=ADVANCED_FACE('Face appearance 3',(#2301),#2302,.T.);
#1092=PRESENTATION_STYLE_ASSIGNMENT((#2303));
#1093=ADVANCED_FACE('Face appearance 3',(#2304),#2305,.T.);
#1094=PRESENTATION_STYLE_ASSIGNMENT((#2306));
#1095=ADVANCED_FACE('Face appearance 3',(#2307),#2308,.T.);
#1096=PRESENTATION_STYLE_ASSIGNMENT((#2309));
#1097=ADVANCED_FACE('Face appearance 3',(#2310),#2311,.T.);
#1098=PRESENTATION_STYLE_ASSIGNMENT((#2312));
#1099=ADVANCED_FACE('Face appearance 2',(#2313),#2314,.T.);
#1100=PRESENTATION_STYLE_ASSIGNMENT((#2315));
#1101=ADVANCED_FACE('Face appearance 2',(#2316),#2317,.T.);
#1102=PRESENTATION_STYLE_ASSIGNMENT((#2318));
#1103=ADVANCED_FACE('Face appearance 2',(#2319),#2320,.T.);
#1104=PRESENTATION_STYLE_ASSIGNMENT((#2321));
#1105=ADVANCED_FACE('Face appearance 2',(#2322),#2323,.T.);
#1106=PRESENTATION_STYLE_ASSIGNMENT((#2324));
#1107=ADVANCED_FACE('Face appearance 2',(#2325),#2326,.F.);
#1108=PRESENTATION_STYLE_ASSIGNMENT((#2327));
#1109=ADVANCED_FACE('Face appearance 2',(#2328),#2329,.T.);
#1110=PRESENTATION_STYLE_ASSIGNMENT((#2330));
#1111=ADVANCED_FACE('Face appearance 2',(#2331),#2332,.F.);
#1112=PRESENTATION_STYLE_ASSIGNMENT((#2333));
#1113=ADVANCED_FACE('Face appearance 2',(#2334),#2335,.F.);
#1114=PRESENTATION_STYLE_ASSIGNMENT((#2336));
#1115=ADVANCED_FACE('Face appearance 2',(#2337),#2338,.F.);
#1116=PRESENTATION_STYLE_ASSIGNMENT((#2339));
#1117=ADVANCED_FACE('Face appearance 2',(#2340),#2341,.F.);
#1118=PRESENTATION_STYLE_ASSIGNMENT((#2342));
#1119=ADVANCED_FACE('Face appearance 2',(#2343),#2344,.F.);
#1120=PRESENTATION_STYLE_ASSIGNMENT((#2345));
#1121=ADVANCED_FACE('Face appearance 2',(#2346),#2347,.F.);
#1122=PRESENTATION_STYLE_ASSIGNMENT((#2348));
#1123=ADVANCED_FACE('Face appearance 2',(#2349),#2350,.F.);
#1124=PRESENTATION_STYLE_ASSIGNMENT((#2351));
#1125=ADVANCED_FACE('Face appearance 2',(#2352),#2353,.T.);
#1126=PRESENTATION_STYLE_ASSIGNMENT((#2354));
#1127=ADVANCED_FACE('Face appearance 2',(#2355),#2356,.F.);
#1128=PRESENTATION_STYLE_ASSIGNMENT((#2357));
#1129=ADVANCED_FACE('Face appearance 2',(#2358),#2359,.F.);
#1130=PRESENTATION_STYLE_ASSIGNMENT((#2360));
#1131=ADVANCED_FACE('Face appearance 2',(#2361),#2362,.T.);
#1132=PRESENTATION_STYLE_ASSIGNMENT((#2363));
#1133=ADVANCED_FACE('Face appearance 2',(#2364),#2365,.F.);
#1134=PRESENTATION_STYLE_ASSIGNMENT((#2366));
#1135=ADVANCED_FACE('Face appearance 2',(#2367),#2368,.F.);
#1136=PRESENTATION_STYLE_ASSIGNMENT((#2369));
#1137=ADVANCED_FACE('Face appearance 2',(#2370),#2371,.T.);
#1138=PRESENTATION_STYLE_ASSIGNMENT((#2372));
#1139=ADVANCED_FACE('Face appearance 2',(#2373),#2374,.T.);
#1140=PRESENTATION_STYLE_ASSIGNMENT((#2375));
#1141=ADVANCED_FACE('Face appearance 2',(#2376),#2377,.T.);
#1142=PRESENTATION_STYLE_ASSIGNMENT((#2378));
#1143=ADVANCED_FACE('Face appearance 2',(#2379),#2380,.T.);
#1144=PRESENTATION_STYLE_ASSIGNMENT((#2381));
#1145=ADVANCED_FACE('Face appearance 2',(#2382),#2383,.T.);
#1146=PRESENTATION_STYLE_ASSIGNMENT((#2384));
#1147=ADVANCED_FACE('Face appearance 2',(#2385),#2386,.F.);
#1148=PRESENTATION_STYLE_ASSIGNMENT((#2387));
#1149=ADVANCED_FACE('Face appearance 2',(#2388),#2389,.F.);
#1150=PRESENTATION_STYLE_ASSIGNMENT((#2390));
#1151=ADVANCED_FACE('Face appearance 2',(#2391),#2392,.T.);
#1152=PRESENTATION_STYLE_ASSIGNMENT((#2393));
#1153=ADVANCED_FACE('Face appearance 2',(#2394),#2395,.F.);
#1154=PRESENTATION_STYLE_ASSIGNMENT((#2396));
#1155=ADVANCED_FACE('Face appearance 2',(#2397),#2398,.F.);
#1156=PRESENTATION_STYLE_ASSIGNMENT((#2399));
#1157=ADVANCED_FACE('Face appearance 2',(#2400),#2401,.T.);
#1158=PRESENTATION_STYLE_ASSIGNMENT((#2402));
#1159=ADVANCED_FACE('Face appearance 2',(#2403),#2404,.F.);
#1160=PRESENTATION_STYLE_ASSIGNMENT((#2405));
#1161=ADVANCED_FACE('Face appearance 2',(#2406),#2407,.T.);
#1162=PRESENTATION_STYLE_ASSIGNMENT((#2408));
#1163=ADVANCED_FACE('Face appearance 2',(#2409),#2410,.F.);
#1164=PRESENTATION_STYLE_ASSIGNMENT((#2411));
#1165=ADVANCED_FACE('Face appearance 2',(#2412),#2413,.F.);
#1166=PRESENTATION_STYLE_ASSIGNMENT((#2414));
#1167=ADVANCED_FACE('Face appearance 2',(#2415),#2416,.F.);
#1168=PRESENTATION_STYLE_ASSIGNMENT((#2417));
#1169=ADVANCED_FACE('Face appearance 2',(#2418),#2419,.T.);
#1170=PRESENTATION_STYLE_ASSIGNMENT((#2420));
#1171=ADVANCED_FACE('Face appearance 2',(#2421),#2422,.F.);
#1172=PRESENTATION_STYLE_ASSIGNMENT((#2423));
#1173=ADVANCED_FACE('Face appearance 2',(#2424),#2425,.F.);
#1174=PRESENTATION_STYLE_ASSIGNMENT((#2426));
#1175=ADVANCED_FACE('Face appearance 2',(#2427),#2428,.F.);
#1176=PRESENTATION_STYLE_ASSIGNMENT((#2429));
#1177=ADVANCED_FACE('Face appearance 2',(#2430),#2431,.F.);
#1178=PRESENTATION_STYLE_ASSIGNMENT((#2432));
#1179=ADVANCED_FACE('Face appearance 2',(#2433),#2434,.F.);
#1180=PRESENTATION_STYLE_ASSIGNMENT((#2435));
#1181=ADVANCED_FACE('Face appearance 2',(#2436),#2437,.T.);
#1182=PRESENTATION_STYLE_ASSIGNMENT((#2438));
#1183=ADVANCED_FACE('Face appearance 2',(#2439),#2440,.T.);
#1184=PRESENTATION_STYLE_ASSIGNMENT((#2441));
#1185=ADVANCED_FACE('Face appearance 2',(#2442),#2443,.F.);
#1186=PRESENTATION_STYLE_ASSIGNMENT((#2444));
#1187=ADVANCED_FACE('Face appearance 2',(#2445),#2446,.T.);
#1188=PRESENTATION_STYLE_ASSIGNMENT((#2447));
#1189=ADVANCED_FACE('Face appearance 2',(#2448),#2449,.T.);
#1190=PRESENTATION_STYLE_ASSIGNMENT((#2450));
#1191=ADVANCED_FACE('Face appearance 2',(#2451),#2452,.T.);
#1192=PRESENTATION_STYLE_ASSIGNMENT((#2453));
#1193=ADVANCED_FACE('Face appearance 2',(#2454),#2455,.T.);
#1194=PRESENTATION_STYLE_ASSIGNMENT((#2456));
#1195=ADVANCED_FACE('Face appearance 2',(#2457),#2458,.T.);
#1196=PRESENTATION_STYLE_ASSIGNMENT((#2459));
#1197=ADVANCED_FACE('Face appearance 2',(#2460),#2461,.F.);
#1198=PRESENTATION_STYLE_ASSIGNMENT((#2462));
#1199=ADVANCED_FACE('Face appearance 2',(#2463),#2464,.F.);
#1200=PRESENTATION_STYLE_ASSIGNMENT((#2465));
#1201=ADVANCED_FACE('Face appearance 2',(#2466),#2467,.F.);
#1202=PRESENTATION_STYLE_ASSIGNMENT((#2468));
#1203=ADVANCED_FACE('Face appearance 2',(#2469),#2470,.F.);
#1204=PRESENTATION_STYLE_ASSIGNMENT((#2471));
#1205=ADVANCED_FACE('Face appearance 2',(#2472),#2473,.F.);
#1206=PRESENTATION_STYLE_ASSIGNMENT((#2474));
#1207=ADVANCED_FACE('Face appearance 2',(#2475),#2476,.F.);
#1208=PRESENTATION_STYLE_ASSIGNMENT((#2477));
#1209=ADVANCED_FACE('Face appearance 2',(#2478),#2479,.F.);
#1210=PRESENTATION_STYLE_ASSIGNMENT((#2480));
#1211=ADVANCED_FACE('Face appearance 2',(#2481),#2482,.F.);
#1212=PRESENTATION_STYLE_ASSIGNMENT((#2483));
#1213=ADVANCED_FACE('Face appearance 2',(#2484),#2485,.F.);
#1214=PRESENTATION_STYLE_ASSIGNMENT((#2486));
#1215=ADVANCED_FACE('Face appearance 2',(#2487),#2488,.F.);
#1216=PRESENTATION_STYLE_ASSIGNMENT((#2489));
#1217=ADVANCED_FACE('Face appearance 2',(#2490),#2491,.F.);
#1218=PRESENTATION_STYLE_ASSIGNMENT((#2492));
#1219=ADVANCED_FACE('Face appearance 2',(#2493),#2494,.T.);
#1220=PRESENTATION_STYLE_ASSIGNMENT((#2495));
#1221=ADVANCED_FACE('Face appearance 2',(#2496),#2497,.T.);
#1222=PRESENTATION_STYLE_ASSIGNMENT((#2498));
#1223=ADVANCED_FACE('Face appearance 2',(#2499),#2500,.T.);
#1224=PRESENTATION_STYLE_ASSIGNMENT((#2501));
#1225=ADVANCED_FACE('Face appearance 2',(#2502),#2503,.T.);
#1226=PRESENTATION_STYLE_ASSIGNMENT((#2504));
#1227=ADVANCED_FACE('Face appearance 2',(#2505),#2506,.T.);
#1228=PRESENTATION_STYLE_ASSIGNMENT((#2507));
#1229=ADVANCED_FACE('Face appearance 2',(#2508),#2509,.T.);
#1230=PRESENTATION_STYLE_ASSIGNMENT((#2510));
#1231=ADVANCED_FACE('Face appearance 2',(#2511),#2512,.T.);
#1232=PRESENTATION_STYLE_ASSIGNMENT((#2513));
#1233=ADVANCED_FACE('Face appearance 2',(#2514),#2515,.T.);
#1234=PRESENTATION_STYLE_ASSIGNMENT((#2516));
#1235=ADVANCED_FACE('Face appearance 2',(#2517),#2518,.T.);
#1236=PRESENTATION_STYLE_ASSIGNMENT((#2519));
#1237=ADVANCED_FACE('Face appearance 2',(#2520),#2521,.T.);
#1238=PRESENTATION_STYLE_ASSIGNMENT((#2522));
#1239=ADVANCED_FACE('Face appearance 2',(#2523),#2524,.T.);
#1240=PRESENTATION_STYLE_ASSIGNMENT((#2525));
#1241=ADVANCED_FACE('Face appearance 2',(#2526),#2527,.T.);
#1242=PRESENTATION_STYLE_ASSIGNMENT((#2528));
#1243=ADVANCED_FACE('Face appearance 2',(#2529),#2530,.T.);
#1244=PRESENTATION_STYLE_ASSIGNMENT((#2531));
#1245=ADVANCED_FACE('Face appearance 2',(#2532),#2533,.T.);
#1246=PRESENTATION_STYLE_ASSIGNMENT((#2534));
#1247=ADVANCED_FACE('Face appearance 2',(#2535),#2536,.T.);
#1248=PRESENTATION_STYLE_ASSIGNMENT((#2537));
#1249=ADVANCED_FACE('Face appearance 2',(#2538),#2539,.T.);
#1250=PRESENTATION_STYLE_ASSIGNMENT((#2540));
#1251=ADVANCED_FACE('Face appearance 2',(#2541),#2542,.T.);
#1252=PRESENTATION_STYLE_ASSIGNMENT((#2543));
#1253=ADVANCED_FACE('Face appearance 2',(#2544),#2545,.T.);
#1254=PRESENTATION_STYLE_ASSIGNMENT((#2546));
#1255=ADVANCED_FACE('Face appearance 2',(#2547),#2548,.T.);
#1256=PRESENTATION_STYLE_ASSIGNMENT((#2549));
#1257=ADVANCED_FACE('Face appearance 2',(#2550),#2551,.T.);
#1258=PRESENTATION_STYLE_ASSIGNMENT((#2552));
#1259=ADVANCED_FACE('Face appearance 2',(#2553),#2554,.T.);
#1260=PRESENTATION_STYLE_ASSIGNMENT((#2555));
#1261=ADVANCED_FACE('Face appearance 2',(#2556),#2557,.T.);
#1262=PRESENTATION_STYLE_ASSIGNMENT((#2558));
#1263=ADVANCED_FACE('Face appearance 2',(#2559),#2560,.T.);
#1264=PRESENTATION_STYLE_ASSIGNMENT((#2561));
#1265=ADVANCED_FACE('Face appearance 2',(#2562),#2563,.T.);
#1266=PRESENTATION_STYLE_ASSIGNMENT((#2564));
#1267=ADVANCED_FACE('Face appearance 2',(#2565),#2566,.T.);
#1268=PRESENTATION_STYLE_ASSIGNMENT((#2567));
#1269=ADVANCED_FACE('Face appearance 2',(#2568),#2569,.T.);
#1270=PRESENTATION_STYLE_ASSIGNMENT((#2570));
#1271=ADVANCED_FACE('Face appearance 2',(#2571),#2572,.T.);
#1272=PRESENTATION_STYLE_ASSIGNMENT((#2573));
#1273=ADVANCED_FACE('Face appearance 2',(#2574),#2575,.T.);
#1274=PRESENTATION_STYLE_ASSIGNMENT((#2576));
#1275=ADVANCED_FACE('Face appearance 2',(#2577),#2578,.T.);
#1276=PRESENTATION_STYLE_ASSIGNMENT((#2579));
#1277=ADVANCED_FACE('Face appearance 2',(#2580),#2581,.T.);
#1278=PRESENTATION_STYLE_ASSIGNMENT((#2582));
#1279=ADVANCED_FACE('Face appearance 2',(#2583),#2584,.T.);
#1280=PRESENTATION_STYLE_ASSIGNMENT((#2585));
#1281=ADVANCED_FACE('Face appearance 2',(#2586),#2587,.T.);
#1282=PRESENTATION_STYLE_ASSIGNMENT((#2588));
#1283=ADVANCED_FACE('Face appearance 2',(#2589),#2590,.T.);
#1284=PRESENTATION_STYLE_ASSIGNMENT((#2591));
#1285=ADVANCED_FACE('Face appearance 2',(#2592),#2593,.T.);
#1286=PRESENTATION_STYLE_ASSIGNMENT((#2594));
#1287=ADVANCED_FACE('Face appearance 2',(#2595),#2596,.T.);
#1288=PRESENTATION_STYLE_ASSIGNMENT((#2597));
#1289=ADVANCED_FACE('Face appearance 2',(#2598),#2599,.T.);
#1290=PRESENTATION_STYLE_ASSIGNMENT((#2600));
#1291=ADVANCED_FACE('Face appearance 2',(#2601),#2602,.T.);
#1292=PRESENTATION_STYLE_ASSIGNMENT((#2603));
#1293=ADVANCED_FACE('Face appearance 2',(#2604),#2605,.T.);
#1294=PRESENTATION_STYLE_ASSIGNMENT((#2606));
#1295=ADVANCED_FACE('Face appearance 2',(#2607),#2608,.T.);
#1296=PRESENTATION_STYLE_ASSIGNMENT((#2609));
#1297=ADVANCED_FACE('Face appearance 2',(#2610),#2611,.T.);
#1298=PRESENTATION_STYLE_ASSIGNMENT((#2612));
#1299=ADVANCED_FACE('Face appearance 2',(#2613),#2614,.T.);
#1300=PRESENTATION_STYLE_ASSIGNMENT((#2615));
#1301=ADVANCED_FACE('Face appearance 2',(#2616),#2617,.F.);
#1302=PRESENTATION_STYLE_ASSIGNMENT((#2618));
#1303=ADVANCED_FACE('Face appearance 2',(#2619),#2620,.F.);
#1304=PRESENTATION_STYLE_ASSIGNMENT((#2621));
#1305=ADVANCED_FACE('Face appearance 2',(#2622),#2623,.F.);
#1306=PRESENTATION_STYLE_ASSIGNMENT((#2624));
#1307=ADVANCED_FACE('Face appearance 2',(#2625),#2626,.T.);
#1308=PRESENTATION_STYLE_ASSIGNMENT((#2627));
#1309=ADVANCED_FACE('Face appearance 2',(#2628),#2629,.T.);
#1310=PRESENTATION_STYLE_ASSIGNMENT((#2630));
#1311=ADVANCED_FACE('Face appearance 2',(#2631),#2632,.T.);
#1312=PRESENTATION_STYLE_ASSIGNMENT((#2633));
#1313=ADVANCED_FACE('Face appearance 2',(#2634),#2635,.T.);
#1314=PRESENTATION_STYLE_ASSIGNMENT((#2636));
#1315=ADVANCED_FACE('Face appearance 2',(#2637),#2638,.T.);
#1316=PRESENTATION_STYLE_ASSIGNMENT((#2639));
#1317=ADVANCED_FACE('Face appearance 2',(#2640),#2641,.T.);
#1318=PRESENTATION_STYLE_ASSIGNMENT((#2642));
#1319=ADVANCED_FACE('Face appearance 2',(#2643),#2644,.F.);
#1320=PRESENTATION_STYLE_ASSIGNMENT((#2645));
#1321=ADVANCED_FACE('Face appearance 2',(#2646),#2647,.F.);
#1322=PRESENTATION_STYLE_ASSIGNMENT((#2648));
#1323=ADVANCED_FACE('Face appearance 2',(#2649),#2650,.T.);
#1324=PRESENTATION_STYLE_ASSIGNMENT((#2651));
#1325=ADVANCED_FACE('Face appearance 2',(#2652),#2653,.F.);
#1326=PRESENTATION_STYLE_ASSIGNMENT((#2654));
#1327=ADVANCED_FACE('Face appearance 2',(#2655),#2656,.F.);
#1328=PRESENTATION_STYLE_ASSIGNMENT((#2657));
#1329=ADVANCED_FACE('Face appearance 2',(#2658),#2659,.F.);
#1330=PRESENTATION_STYLE_ASSIGNMENT((#2660));
#1331=ADVANCED_FACE('Face appearance 2',(#2661),#2662,.T.);
#1332=PRESENTATION_STYLE_ASSIGNMENT((#2663));
#1333=MANIFOLD_SOLID_BREP('1',#2664);
#1334=PRODUCT('1','','PART--DESC',(#2665));
#1335=PRODUCT_DEFINITION('','NONE',#2666,#2);
#1336=AXIS2_PLACEMENT_3D('',#2667,#2668,#2669);
#1339=LENGTH_MEASURE_WITH_UNIT(LENGTH_MEASURE(1.0),#2670);
#1342=DIMENSIONAL_EXPONENTS(1.0,0.0,0.0,0.0,0.0,0.0,0.0);
#1344=DIMENSIONAL_EXPONENTS(0.0,0.0,0.0,0.0,0.0,0.0,0.0);
#1350=SURFACE_STYLE_USAGE(.BOTH.,#2671);
#1351=FACE_OUTER_BOUND('',#2672,.T.);
#1352=CYLINDRICAL_SURFACE('',#2673,0.15);
#1353=SURFACE_STYLE_USAGE(.BOTH.,#2674);
#1354=FACE_OUTER_BOUND('',#2675,.T.);
#1355=CYLINDRICAL_SURFACE('',#2676,0.15);
#1356=SURFACE_STYLE_USAGE(.BOTH.,#2677);
#1357=FACE_OUTER_BOUND('',#2678,.T.);
#1358=PLANE('',#2679);
#1359=SURFACE_STYLE_USAGE(.BOTH.,#2680);
#1360=FACE_OUTER_BOUND('',#2681,.T.);
#1361=PLANE('',#2682);
#1362=SURFACE_STYLE_USAGE(.BOTH.,#2683);
#1363=FACE_OUTER_BOUND('',#2684,.T.);
#1364=PLANE('',#2685);
#1365=SURFACE_STYLE_USAGE(.BOTH.,#2686);
#1366=FACE_OUTER_BOUND('',#2687,.T.);
#1367=PLANE('',#2688);
#1368=SURFACE_STYLE_USAGE(.BOTH.,#2689);
#1369=FACE_OUTER_BOUND('',#2690,.T.);
#1370=PLANE('',#2691);
#1371=SURFACE_STYLE_USAGE(.BOTH.,#2692);
#1372=FACE_OUTER_BOUND('',#2693,.T.);
#1373=CYLINDRICAL_SURFACE('',#2694,0.1);
#1374=SURFACE_STYLE_USAGE(.BOTH.,#2695);
#1375=FACE_OUTER_BOUND('',#2696,.T.);
#1376=PLANE('',#2697);
#1377=SURFACE_STYLE_USAGE(.BOTH.,#2698);
#1378=FACE_OUTER_BOUND('',#2699,.T.);
#1379=PLANE('',#2700);
#1380=SURFACE_STYLE_USAGE(.BOTH.,#2701);
#1381=FACE_OUTER_BOUND('',#2702,.T.);
#1382=PLANE('',#2703);
#1383=SURFACE_STYLE_USAGE(.BOTH.,#2704);
#1384=FACE_OUTER_BOUND('',#2705,.T.);
#1385=PLANE('',#2706);
#1386=SURFACE_STYLE_USAGE(.BOTH.,#2707);
#1387=FACE_BOUND('',#2708,.T.);
#1388=FACE_BOUND('',#2709,.T.);
#1389=FACE_OUTER_BOUND('',#2710,.T.);
#1390=PLANE('',#2711);
#1391=SURFACE_STYLE_USAGE(.BOTH.,#2712);
#1392=FACE_OUTER_BOUND('',#2713,.T.);
#1393=CYLINDRICAL_SURFACE('',#2714,0.15);
#1394=SURFACE_STYLE_USAGE(.BOTH.,#2715);
#1395=FACE_OUTER_BOUND('',#2716,.T.);
#1396=PLANE('',#2717);
#1397=SURFACE_STYLE_USAGE(.BOTH.,#2718);
#1398=FACE_OUTER_BOUND('',#2719,.T.);
#1399=CYLINDRICAL_SURFACE('',#2720,0.25);
#1400=SURFACE_STYLE_USAGE(.BOTH.,#2721);
#1401=FACE_OUTER_BOUND('',#2722,.T.);
#1402=PLANE('',#2723);
#1403=SURFACE_STYLE_USAGE(.BOTH.,#2724);
#1404=FACE_OUTER_BOUND('',#2725,.T.);
#1405=PLANE('',#2726);
#1406=SURFACE_STYLE_USAGE(.BOTH.,#2727);
#1407=FACE_OUTER_BOUND('',#2728,.T.);
#1408=PLANE('',#2729);
#1409=SURFACE_STYLE_USAGE(.BOTH.,#2730);
#1410=FACE_OUTER_BOUND('',#2731,.T.);
#1411=PLANE('',#2732);
#1412=SURFACE_STYLE_USAGE(.BOTH.,#2733);
#1413=FACE_OUTER_BOUND('',#2734,.T.);
#1414=CYLINDRICAL_SURFACE('',#2735,0.15);
#1415=SURFACE_STYLE_USAGE(.BOTH.,#2736);
#1416=FACE_OUTER_BOUND('',#2737,.T.);
#1417=PLANE('',#2738);
#1418=SURFACE_STYLE_USAGE(.BOTH.,#2739);
#1419=FACE_OUTER_BOUND('',#2740,.T.);
#1420=PLANE('',#2741);
#1421=SURFACE_STYLE_USAGE(.BOTH.,#2742);
#1422=FACE_OUTER_BOUND('',#2743,.T.);
#1423=PLANE('',#2744);
#1424=SURFACE_STYLE_USAGE(.BOTH.,#2745);
#1425=FACE_OUTER_BOUND('',#2746,.T.);
#1426=CYLINDRICAL_SURFACE('',#2747,0.15);
#1427=SURFACE_STYLE_USAGE(.BOTH.,#2748);
#1428=FACE_OUTER_BOUND('',#2749,.T.);
#1429=CYLINDRICAL_SURFACE('',#2750,0.15);
#1430=SURFACE_STYLE_USAGE(.BOTH.,#2751);
#1431=FACE_OUTER_BOUND('',#2752,.T.);
#1432=PLANE('',#2753);
#1433=SURFACE_STYLE_USAGE(.BOTH.,#2754);
#1434=FACE_OUTER_BOUND('',#2755,.T.);
#1435=PLANE('',#2756);
#1436=SURFACE_STYLE_USAGE(.BOTH.,#2757);
#1437=FACE_OUTER_BOUND('',#2758,.T.);
#1438=PLANE('',#2759);
#1439=SURFACE_STYLE_USAGE(.BOTH.,#2760);
#1440=FACE_OUTER_BOUND('',#2761,.T.);
#1441=PLANE('',#2762);
#1442=SURFACE_STYLE_USAGE(.BOTH.,#2763);
#1443=FACE_OUTER_BOUND('',#2764,.T.);
#1444=PLANE('',#2765);
#1445=SURFACE_STYLE_USAGE(.BOTH.,#2766);
#1446=FACE_OUTER_BOUND('',#2767,.T.);
#1447=PLANE('',#2768);
#1448=SURFACE_STYLE_USAGE(.BOTH.,#2769);
#1449=FACE_OUTER_BOUND('',#2770,.T.);
#1450=PLANE('',#2771);
#1451=SURFACE_STYLE_USAGE(.BOTH.,#2772);
#1452=FACE_OUTER_BOUND('',#2773,.T.);
#1453=PLANE('',#2774);
#1454=SURFACE_STYLE_USAGE(.BOTH.,#2775);
#1455=FACE_OUTER_BOUND('',#2776,.T.);
#1456=CYLINDRICAL_SURFACE('',#2777,0.15);
#1457=SURFACE_STYLE_USAGE(.BOTH.,#2778);
#1458=FACE_OUTER_BOUND('',#2779,.T.);
#1459=CYLINDRICAL_SURFACE('',#2780,0.15);
#1460=SURFACE_STYLE_USAGE(.BOTH.,#2781);
#1461=FACE_OUTER_BOUND('',#2782,.T.);
#1462=CYLINDRICAL_SURFACE('',#2783,0.15);
#1463=SURFACE_STYLE_USAGE(.BOTH.,#2784);
#1464=FACE_OUTER_BOUND('',#2785,.T.);
#1465=CYLINDRICAL_SURFACE('',#2786,0.15);
#1466=SURFACE_STYLE_USAGE(.BOTH.,#2787);
#1467=FACE_OUTER_BOUND('',#2788,.T.);
#1468=CYLINDRICAL_SURFACE('',#2789,0.1);
#1469=SURFACE_STYLE_USAGE(.BOTH.,#2790);
#1470=FACE_OUTER_BOUND('',#2791,.T.);
#1471=CYLINDRICAL_SURFACE('',#2792,0.2);
#1472=SURFACE_STYLE_USAGE(.BOTH.,#2793);
#1473=FACE_OUTER_BOUND('',#2794,.T.);
#1474=CONICAL_SURFACE('',#2795,0.25,0.785398163397459);
#1475=SURFACE_STYLE_USAGE(.BOTH.,#2796);
#1476=FACE_OUTER_BOUND('',#2797,.T.);
#1477=CONICAL_SURFACE('',#2798,0.5,0.785398163397452);
#1478=SURFACE_STYLE_USAGE(.BOTH.,#2799);
#1479=FACE_OUTER_BOUND('',#2800,.T.);
#1480=PLANE('',#2801);
#1481=SURFACE_STYLE_USAGE(.BOTH.,#2802);
#1482=FACE_OUTER_BOUND('',#2803,.T.);
#1483=CONICAL_SURFACE('',#2804,0.55,0.785398163397446);
#1484=SURFACE_STYLE_USAGE(.BOTH.,#2805);
#1485=FACE_OUTER_BOUND('',#2806,.T.);
#1486=CONICAL_SURFACE('',#2807,0.3,0.785398163397443);
#1487=SURFACE_STYLE_USAGE(.BOTH.,#2808);
#1488=FACE_OUTER_BOUND('',#2809,.T.);
#1489=PLANE('',#2810);
#1490=SURFACE_STYLE_USAGE(.BOTH.,#2811);
#1491=FACE_OUTER_BOUND('',#2812,.T.);
#1492=CONICAL_SURFACE('',#2813,0.25,0.785398163224928);
#1493=SURFACE_STYLE_USAGE(.BOTH.,#2814);
#1494=FACE_OUTER_BOUND('',#2815,.T.);
#1495=PLANE('',#2816);
#1496=SURFACE_STYLE_USAGE(.BOTH.,#2817);
#1497=FACE_OUTER_BOUND('',#2818,.T.);
#1498=CONICAL_SURFACE('',#2819,0.3,0.785398163380777);
#1499=SURFACE_STYLE_USAGE(.BOTH.,#2820);
#1500=FACE_OUTER_BOUND('',#2821,.T.);
#1501=CONICAL_SURFACE('',#2822,0.55,0.785398163317235);
#1502=SURFACE_STYLE_USAGE(.BOTH.,#2823);
#1503=FACE_OUTER_BOUND('',#2824,.T.);
#1504=PLANE('',#2825);
#1505=SURFACE_STYLE_USAGE(.BOTH.,#2826);
#1506=FACE_OUTER_BOUND('',#2827,.T.);
#1507=CONICAL_SURFACE('',#2828,0.5,0.785398163387355);
#1508=SURFACE_STYLE_USAGE(.BOTH.,#2829);
#1509=FACE_OUTER_BOUND('',#2830,.T.);
#1510=CONICAL_SURFACE('',#2831,0.25,0.785398163414125);
#1511=SURFACE_STYLE_USAGE(.BOTH.,#2832);
#1512=FACE_OUTER_BOUND('',#2833,.T.);
#1513=PLANE('',#2834);
#1514=SURFACE_STYLE_USAGE(.BOTH.,#2835);
#1515=FACE_OUTER_BOUND('',#2836,.T.);
#1516=CONICAL_SURFACE('',#2837,0.25,0.785398163404397);
#1517=SURFACE_STYLE_USAGE(.BOTH.,#2838);
#1518=FACE_OUTER_BOUND('',#2839,.T.);
#1519=PLANE('',#2840);
#1520=SURFACE_STYLE_USAGE(.BOTH.,#2841);
#1521=FACE_OUTER_BOUND('',#2842,.T.);
#1522=PLANE('',#2843);
#1523=SURFACE_STYLE_USAGE(.BOTH.,#2844);
#1524=FACE_OUTER_BOUND('',#2845,.T.);
#1525=PLANE('',#2846);
#1526=SURFACE_STYLE_USAGE(.BOTH.,#2847);
#1527=FACE_OUTER_BOUND('',#2848,.T.);
#1528=CYLINDRICAL_SURFACE('',#2849,0.2);
#1529=SURFACE_STYLE_USAGE(.BOTH.,#2850);
#1530=FACE_OUTER_BOUND('',#2851,.T.);
#1531=CYLINDRICAL_SURFACE('',#2852,0.400000000051922);
#1532=SURFACE_STYLE_USAGE(.BOTH.,#2853);
#1533=FACE_OUTER_BOUND('',#2854,.T.);
#1534=CYLINDRICAL_SURFACE('',#2855,0.2);
#1535=SURFACE_STYLE_USAGE(.BOTH.,#2856);
#1536=FACE_OUTER_BOUND('',#2857,.T.);
#1537=CYLINDRICAL_SURFACE('',#2858,0.2);
#1538=SURFACE_STYLE_USAGE(.BOTH.,#2859);
#1539=FACE_OUTER_BOUND('',#2860,.T.);
#1540=CYLINDRICAL_SURFACE('',#2861,0.5);
#1541=SURFACE_STYLE_USAGE(.BOTH.,#2862);
#1542=FACE_OUTER_BOUND('',#2863,.T.);
#1543=CYLINDRICAL_SURFACE('',#2864,0.5);
#1544=SURFACE_STYLE_USAGE(.BOTH.,#2865);
#1545=FACE_OUTER_BOUND('',#2866,.T.);
#1546=PLANE('',#2867);
#1547=SURFACE_STYLE_USAGE(.BOTH.,#2868);
#1548=FACE_OUTER_BOUND('',#2869,.T.);
#1549=PLANE('',#2870);
#1550=SURFACE_STYLE_USAGE(.BOTH.,#2871);
#1551=FACE_OUTER_BOUND('',#2872,.T.);
#1552=PLANE('',#2873);
#1553=SURFACE_STYLE_USAGE(.BOTH.,#2874);
#1554=FACE_OUTER_BOUND('',#2875,.T.);
#1555=PLANE('',#2876);
#1556=SURFACE_STYLE_USAGE(.BOTH.,#2877);
#1557=FACE_OUTER_BOUND('',#2878,.T.);
#1558=PLANE('',#2879);
#1559=SURFACE_STYLE_USAGE(.BOTH.,#2880);
#1560=FACE_OUTER_BOUND('',#2881,.T.);
#1561=PLANE('',#2882);
#1562=SURFACE_STYLE_USAGE(.BOTH.,#2883);
#1563=FACE_OUTER_BOUND('',#2884,.T.);
#1564=PLANE('',#2885);
#1565=SURFACE_STYLE_USAGE(.BOTH.,#2886);
#1566=FACE_OUTER_BOUND('',#2887,.T.);
#1567=PLANE('',#2888);
#1568=SURFACE_STYLE_USAGE(.BOTH.,#2889);
#1569=FACE_OUTER_BOUND('',#2890,.T.);
#1570=CYLINDRICAL_SURFACE('',#2891,0.1);
#1571=SURFACE_STYLE_USAGE(.BOTH.,#2892);
#1572=FACE_OUTER_BOUND('',#2893,.T.);
#1573=PLANE('',#2894);
#1574=SURFACE_STYLE_USAGE(.BOTH.,#2895);
#1575=FACE_OUTER_BOUND('',#2896,.T.);
#1576=CYLINDRICAL_SURFACE('',#2897,0.1);
#1577=SURFACE_STYLE_USAGE(.BOTH.,#2898);
#1578=FACE_OUTER_BOUND('',#2899,.T.);
#1579=CYLINDRICAL_SURFACE('',#2900,0.1);
#1580=SURFACE_STYLE_USAGE(.BOTH.,#2901);
#1581=FACE_OUTER_BOUND('',#2902,.T.);
#1582=CYLINDRICAL_SURFACE('',#2903,0.1);
#1583=SURFACE_STYLE_USAGE(.BOTH.,#2904);
#1584=FACE_OUTER_BOUND('',#2905,.T.);
#1585=CYLINDRICAL_SURFACE('',#2906,0.1);
#1586=SURFACE_STYLE_USAGE(.BOTH.,#2907);
#1587=FACE_OUTER_BOUND('',#2908,.T.);
#1588=CYLINDRICAL_SURFACE('',#2909,0.550000000019139);
#1589=SURFACE_STYLE_USAGE(.BOTH.,#2910);
#1590=FACE_OUTER_BOUND('',#2911,.T.);
#1591=CYLINDRICAL_SURFACE('',#2912,0.25);
#1592=SURFACE_STYLE_USAGE(.BOTH.,#2913);
#1593=FACE_OUTER_BOUND('',#2914,.T.);
#1594=PLANE('',#2915);
#1595=SURFACE_STYLE_USAGE(.BOTH.,#2916);
#1596=FACE_OUTER_BOUND('',#2917,.T.);
#1597=CYLINDRICAL_SURFACE('',#2918,0.550000000019138);
#1598=SURFACE_STYLE_USAGE(.BOTH.,#2919);
#1599=FACE_OUTER_BOUND('',#2920,.T.);
#1600=CYLINDRICAL_SURFACE('',#2921,0.25);
#1601=SURFACE_STYLE_USAGE(.BOTH.,#2922);
#1602=FACE_OUTER_BOUND('',#2923,.T.);
#1603=CYLINDRICAL_SURFACE('',#2924,0.550000000019139);
#1604=SURFACE_STYLE_USAGE(.BOTH.,#2925);
#1605=FACE_OUTER_BOUND('',#2926,.T.);
#1606=PLANE('',#2927);
#1607=SURFACE_STYLE_USAGE(.BOTH.,#2928);
#1608=FACE_OUTER_BOUND('',#2929,.T.);
#1609=PLANE('',#2930);
#1610=SURFACE_STYLE_USAGE(.BOTH.,#2931);
#1611=FACE_OUTER_BOUND('',#2932,.T.);
#1612=PLANE('',#2933);
#1613=SURFACE_STYLE_USAGE(.BOTH.,#2934);
#1614=FACE_OUTER_BOUND('',#2935,.T.);
#1615=PLANE('',#2936);
#1616=SURFACE_STYLE_USAGE(.BOTH.,#2937);
#1617=FACE_OUTER_BOUND('',#2938,.T.);
#1618=PLANE('',#2939);
#1619=SURFACE_STYLE_USAGE(.BOTH.,#2940);
#1620=FACE_OUTER_BOUND('',#2941,.T.);
#1621=PLANE('',#2942);
#1622=SURFACE_STYLE_USAGE(.BOTH.,#2943);
#1623=FACE_OUTER_BOUND('',#2944,.T.);
#1624=PLANE('',#2945);
#1625=SURFACE_STYLE_USAGE(.BOTH.,#2946);
#1626=FACE_OUTER_BOUND('',#2947,.T.);
#1627=CYLINDRICAL_SURFACE('',#2948,0.1);
#1628=SURFACE_STYLE_USAGE(.BOTH.,#2949);
#1629=FACE_OUTER_BOUND('',#2950,.T.);
#1630=PLANE('',#2951);
#1631=SURFACE_STYLE_USAGE(.BOTH.,#2952);
#1632=FACE_OUTER_BOUND('',#2953,.T.);
#1633=CYLINDRICAL_SURFACE('',#2954,0.3);
#1634=SURFACE_STYLE_USAGE(.BOTH.,#2955);
#1635=FACE_OUTER_BOUND('',#2956,.T.);
#1636=PLANE('',#2957);
#1637=SURFACE_STYLE_USAGE(.BOTH.,#2958);
#1638=FACE_OUTER_BOUND('',#2959,.T.);
#1639=PLANE('',#2960);
#1640=SURFACE_STYLE_USAGE(.BOTH.,#2961);
#1641=FACE_OUTER_BOUND('',#2962,.T.);
#1642=CYLINDRICAL_SURFACE('',#2963,0.100000000000002);
#1643=SURFACE_STYLE_USAGE(.BOTH.,#2964);
#1644=FACE_OUTER_BOUND('',#2965,.T.);
#1645=PLANE('',#2966);
#1646=SURFACE_STYLE_USAGE(.BOTH.,#2967);
#1647=FACE_OUTER_BOUND('',#2968,.T.);
#1648=PLANE('',#2969);
#1649=SURFACE_STYLE_USAGE(.BOTH.,#2970);
#1650=FACE_OUTER_BOUND('',#2971,.T.);
#1651=PLANE('',#2972);
#1652=SURFACE_STYLE_USAGE(.BOTH.,#2973);
#1653=FACE_OUTER_BOUND('',#2974,.T.);
#1654=CYLINDRICAL_SURFACE('',#2975,0.2);
#1655=SURFACE_STYLE_USAGE(.BOTH.,#2976);
#1656=FACE_OUTER_BOUND('',#2977,.T.);
#1657=CYLINDRICAL_SURFACE('',#2978,0.2);
#1658=SURFACE_STYLE_USAGE(.BOTH.,#2979);
#1659=FACE_OUTER_BOUND('',#2980,.T.);
#1660=PLANE('',#2981);
#1661=SURFACE_STYLE_USAGE(.BOTH.,#2982);
#1662=FACE_OUTER_BOUND('',#2983,.T.);
#1663=CYLINDRICAL_SURFACE('',#2984,0.3);
#1664=SURFACE_STYLE_USAGE(.BOTH.,#2985);
#1665=FACE_OUTER_BOUND('',#2986,.T.);
#1666=PLANE('',#2987);
#1667=SURFACE_STYLE_USAGE(.BOTH.,#2988);
#1668=FACE_OUTER_BOUND('',#2989,.T.);
#1669=PLANE('',#2990);
#1670=SURFACE_STYLE_USAGE(.BOTH.,#2991);
#1671=FACE_OUTER_BOUND('',#2992,.T.);
#1672=CYLINDRICAL_SURFACE('',#2993,0.2);
#1673=SURFACE_STYLE_USAGE(.BOTH.,#2994);
#1674=FACE_OUTER_BOUND('',#2995,.T.);
#1675=CYLINDRICAL_SURFACE('',#2996,0.25);
#1676=SURFACE_STYLE_USAGE(.BOTH.,#2997);
#1677=FACE_OUTER_BOUND('',#2998,.T.);
#1678=CYLINDRICAL_SURFACE('',#2999,0.15);
#1679=SURFACE_STYLE_USAGE(.BOTH.,#3000);
#1680=FACE_OUTER_BOUND('',#3001,.T.);
#1681=PLANE('',#3002);
#1682=SURFACE_STYLE_USAGE(.BOTH.,#3003);
#1683=FACE_OUTER_BOUND('',#3004,.T.);
#1684=CYLINDRICAL_SURFACE('',#3005,0.15);
#1685=SURFACE_STYLE_USAGE(.BOTH.,#3006);
#1686=FACE_OUTER_BOUND('',#3007,.T.);
#1687=CYLINDRICAL_SURFACE('',#3008,0.2);
#1688=SURFACE_STYLE_USAGE(.BOTH.,#3009);
#1689=FACE_OUTER_BOUND('',#3010,.T.);
#1690=PLANE('',#3011);
#1691=SURFACE_STYLE_USAGE(.BOTH.,#3012);
#1692=FACE_OUTER_BOUND('',#3013,.T.);
#1693=CYLINDRICAL_SURFACE('',#3014,0.15);
#1694=SURFACE_STYLE_USAGE(.BOTH.,#3015);
#1695=FACE_OUTER_BOUND('',#3016,.T.);
#1696=PLANE('',#3017);
#1697=SURFACE_STYLE_USAGE(.BOTH.,#3018);
#1698=FACE_OUTER_BOUND('',#3019,.T.);
#1699=PLANE('',#3020);
#1700=SURFACE_STYLE_USAGE(.BOTH.,#3021);
#1701=FACE_OUTER_BOUND('',#3022,.T.);
#1702=CYLINDRICAL_SURFACE('',#3023,0.1);
#1703=SURFACE_STYLE_USAGE(.BOTH.,#3024);
#1704=FACE_OUTER_BOUND('',#3025,.T.);
#1705=PLANE('',#3026);
#1706=SURFACE_STYLE_USAGE(.BOTH.,#3027);
#1707=FACE_OUTER_BOUND('',#3028,.T.);
#1708=PLANE('',#3029);
#1709=SURFACE_STYLE_USAGE(.BOTH.,#3030);
#1710=FACE_OUTER_BOUND('',#3031,.T.);
#1711=PLANE('',#3032);
#1712=SURFACE_STYLE_USAGE(.BOTH.,#3033);
#1713=FACE_OUTER_BOUND('',#3034,.T.);
#1714=PLANE('',#3035);
#1715=SURFACE_STYLE_USAGE(.BOTH.,#3036);
#1716=FACE_OUTER_BOUND('',#3037,.T.);
#1717=PLANE('',#3038);
#1718=SURFACE_STYLE_USAGE(.BOTH.,#3039);
#1719=FACE_OUTER_BOUND('',#3040,.T.);
#1720=PLANE('',#3041);
#1721=SURFACE_STYLE_USAGE(.BOTH.,#3042);
#1722=FACE_OUTER_BOUND('',#3043,.T.);
#1723=PLANE('',#3044);
#1724=SURFACE_STYLE_USAGE(.BOTH.,#3045);
#1725=FACE_OUTER_BOUND('',#3046,.T.);
#1726=PLANE('',#3047);
#1727=SURFACE_STYLE_USAGE(.BOTH.,#3048);
#1728=FACE_OUTER_BOUND('',#3049,.T.);
#1729=PLANE('',#3050);
#1730=SURFACE_STYLE_USAGE(.BOTH.,#3051);
#1731=FACE_OUTER_BOUND('',#3052,.T.);
#1732=PLANE('',#3053);
#1733=SURFACE_STYLE_USAGE(.BOTH.,#3054);
#1734=FACE_OUTER_BOUND('',#3055,.T.);
#1735=PLANE('',#3056);
#1736=SURFACE_STYLE_USAGE(.BOTH.,#3057);
#1737=FACE_OUTER_BOUND('',#3058,.T.);
#1738=PLANE('',#3059);
#1739=SURFACE_STYLE_USAGE(.BOTH.,#3060);
#1740=FACE_OUTER_BOUND('',#3061,.T.);
#1741=PLANE('',#3062);
#1742=SURFACE_STYLE_USAGE(.BOTH.,#3063);
#1743=FACE_OUTER_BOUND('',#3064,.T.);
#1744=PLANE('',#3065);
#1745=SURFACE_STYLE_USAGE(.BOTH.,#3066);
#1746=FACE_OUTER_BOUND('',#3067,.T.);
#1747=CYLINDRICAL_SURFACE('',#3068,0.2);
#1748=SURFACE_STYLE_USAGE(.BOTH.,#3069);
#1749=FACE_OUTER_BOUND('',#3070,.T.);
#1750=PLANE('',#3071);
#1751=SURFACE_STYLE_USAGE(.BOTH.,#3072);
#1752=FACE_OUTER_BOUND('',#3073,.T.);
#1753=PLANE('',#3074);
#1754=SURFACE_STYLE_USAGE(.BOTH.,#3075);
#1755=FACE_OUTER_BOUND('',#3076,.T.);
#1756=CYLINDRICAL_SURFACE('',#3077,0.25);
#1757=SURFACE_STYLE_USAGE(.BOTH.,#3078);
#1758=FACE_OUTER_BOUND('',#3079,.T.);
#1759=PLANE('',#3080);
#1760=SURFACE_STYLE_USAGE(.BOTH.,#3081);
#1761=FACE_OUTER_BOUND('',#3082,.T.);
#1762=CYLINDRICAL_SURFACE('',#3083,0.25);
#1763=SURFACE_STYLE_USAGE(.BOTH.,#3084);
#1764=FACE_OUTER_BOUND('',#3085,.T.);
#1765=PLANE('',#3086);
#1766=SURFACE_STYLE_USAGE(.BOTH.,#3087);
#1767=FACE_OUTER_BOUND('',#3088,.T.);
#1768=PLANE('',#3089);
#1769=SURFACE_STYLE_USAGE(.BOTH.,#3090);
#1770=FACE_OUTER_BOUND('',#3091,.T.);
#1771=PLANE('',#3092);
#1772=SURFACE_STYLE_USAGE(.BOTH.,#3093);
#1773=FACE_OUTER_BOUND('',#3094,.T.);
#1774=PLANE('',#3095);
#1775=SURFACE_STYLE_USAGE(.BOTH.,#3096);
#1776=FACE_OUTER_BOUND('',#3097,.T.);
#1777=PLANE('',#3098);
#1778=SURFACE_STYLE_USAGE(.BOTH.,#3099);
#1779=FACE_OUTER_BOUND('',#3100,.T.);
#1780=CONICAL_SURFACE('',#3101,0.25,0.785398163397445);
#1781=SURFACE_STYLE_USAGE(.BOTH.,#3102);
#1782=FACE_OUTER_BOUND('',#3103,.T.);
#1783=CYLINDRICAL_SURFACE('',#3104,0.550000000019139);
#1784=SURFACE_STYLE_USAGE(.BOTH.,#3105);
#1785=FACE_OUTER_BOUND('',#3106,.T.);
#1786=PLANE('',#3107);
#1787=SURFACE_STYLE_USAGE(.BOTH.,#3108);
#1788=FACE_OUTER_BOUND('',#3109,.T.);
#1789=PLANE('',#3110);
#1790=SURFACE_STYLE_USAGE(.BOTH.,#3111);
#1791=FACE_OUTER_BOUND('',#3112,.T.);
#1792=CYLINDRICAL_SURFACE('',#3113,0.550000000019139);
#1793=SURFACE_STYLE_USAGE(.BOTH.,#3114);
#1794=FACE_OUTER_BOUND('',#3115,.T.);
#1795=PLANE('',#3116);
#1796=SURFACE_STYLE_USAGE(.BOTH.,#3117);
#1797=FACE_OUTER_BOUND('',#3118,.T.);
#1798=CYLINDRICAL_SURFACE('',#3119,0.149999999999997);
#1799=SURFACE_STYLE_USAGE(.BOTH.,#3120);
#1800=FACE_OUTER_BOUND('',#3121,.T.);
#1801=PLANE('',#3122);
#1802=SURFACE_STYLE_USAGE(.BOTH.,#3123);
#1803=FACE_OUTER_BOUND('',#3124,.T.);
#1804=PLANE('',#3125);
#1805=SURFACE_STYLE_USAGE(.BOTH.,#3126);
#1806=FACE_OUTER_BOUND('',#3127,.T.);
#1807=CYLINDRICAL_SURFACE('',#3128,0.550000000019139);
#1808=SURFACE_STYLE_USAGE(.BOTH.,#3129);
#1809=FACE_OUTER_BOUND('',#3130,.T.);
#1810=CYLINDRICAL_SURFACE('',#3131,0.1);
#1811=SURFACE_STYLE_USAGE(.BOTH.,#3132);
#1812=FACE_OUTER_BOUND('',#3133,.T.);
#1813=PLANE('',#3134);
#1814=SURFACE_STYLE_USAGE(.BOTH.,#3135);
#1815=FACE_OUTER_BOUND('',#3136,.T.);
#1816=CYLINDRICAL_SURFACE('',#3137,0.15);
#1817=SURFACE_STYLE_USAGE(.BOTH.,#3138);
#1818=FACE_OUTER_BOUND('',#3139,.T.);
#1819=PLANE('',#3140);
#1820=SURFACE_STYLE_USAGE(.BOTH.,#3141);
#1821=FACE_OUTER_BOUND('',#3142,.T.);
#1822=CYLINDRICAL_SURFACE('',#3143,0.550000000019138);
#1823=SURFACE_STYLE_USAGE(.BOTH.,#3144);
#1824=FACE_OUTER_BOUND('',#3145,.T.);
#1825=PLANE('',#3146);
#1826=SURFACE_STYLE_USAGE(.BOTH.,#3147);
#1827=FACE_OUTER_BOUND('',#3148,.T.);
#1828=PLANE('',#3149);
#1829=SURFACE_STYLE_USAGE(.BOTH.,#3150);
#1830=FACE_OUTER_BOUND('',#3151,.T.);
#1831=PLANE('',#3152);
#1832=SURFACE_STYLE_USAGE(.BOTH.,#3153);
#1833=FACE_OUTER_BOUND('',#3154,.T.);
#1834=CYLINDRICAL_SURFACE('',#3155,0.2);
#1835=SURFACE_STYLE_USAGE(.BOTH.,#3156);
#1836=FACE_OUTER_BOUND('',#3157,.T.);
#1837=CYLINDRICAL_SURFACE('',#3158,0.550000000019138);
#1838=SURFACE_STYLE_USAGE(.BOTH.,#3159);
#1839=FACE_OUTER_BOUND('',#3160,.T.);
#1840=CYLINDRICAL_SURFACE('',#3161,0.1);
#1841=SURFACE_STYLE_USAGE(.BOTH.,#3162);
#1842=FACE_OUTER_BOUND('',#3163,.T.);
#1843=PLANE('',#3164);
#1844=SURFACE_STYLE_USAGE(.BOTH.,#3165);
#1845=FACE_OUTER_BOUND('',#3166,.T.);
#1846=CYLINDRICAL_SURFACE('',#3167,0.2);
#1847=SURFACE_STYLE_USAGE(.BOTH.,#3168);
#1848=FACE_OUTER_BOUND('',#3169,.T.);
#1849=PLANE('',#3170);
#1850=SURFACE_STYLE_USAGE(.BOTH.,#3171);
#1851=FACE_OUTER_BOUND('',#3172,.T.);
#1852=PLANE('',#3173);
#1853=SURFACE_STYLE_USAGE(.BOTH.,#3174);
#1854=FACE_OUTER_BOUND('',#3175,.T.);
#1855=PLANE('',#3176);
#1856=SURFACE_STYLE_USAGE(.BOTH.,#3177);
#1857=FACE_OUTER_BOUND('',#3178,.T.);
#1858=PLANE('',#3179);
#1859=SURFACE_STYLE_USAGE(.BOTH.,#3180);
#1860=FACE_OUTER_BOUND('',#3181,.T.);
#1861=CYLINDRICAL_SURFACE('',#3182,0.2);
#1862=SURFACE_STYLE_USAGE(.BOTH.,#3183);
#1863=FACE_OUTER_BOUND('',#3184,.T.);
#1864=CYLINDRICAL_SURFACE('',#3185,0.3);
#1865=SURFACE_STYLE_USAGE(.BOTH.,#3186);
#1866=FACE_OUTER_BOUND('',#3187,.T.);
#1867=PLANE('',#3188);
#1868=SURFACE_STYLE_USAGE(.BOTH.,#3189);
#1869=FACE_OUTER_BOUND('',#3190,.T.);
#1870=PLANE('',#3191);
#1871=SURFACE_STYLE_USAGE(.BOTH.,#3192);
#1872=FACE_OUTER_BOUND('',#3193,.T.);
#1873=PLANE('',#3194);
#1874=SURFACE_STYLE_USAGE(.BOTH.,#3195);
#1875=FACE_OUTER_BOUND('',#3196,.T.);
#1876=PLANE('',#3197);
#1877=SURFACE_STYLE_USAGE(.BOTH.,#3198);
#1878=FACE_OUTER_BOUND('',#3199,.T.);
#1879=PLANE('',#3200);
#1880=SURFACE_STYLE_USAGE(.BOTH.,#3201);
#1881=FACE_OUTER_BOUND('',#3202,.T.);
#1882=PLANE('',#3203);
#1883=SURFACE_STYLE_USAGE(.BOTH.,#3204);
#1884=FACE_OUTER_BOUND('',#3205,.T.);
#1885=CYLINDRICAL_SURFACE('',#3206,0.5);
#1886=SURFACE_STYLE_USAGE(.BOTH.,#3207);
#1887=FACE_OUTER_BOUND('',#3208,.T.);
#1888=PLANE('',#3209);
#1889=SURFACE_STYLE_USAGE(.BOTH.,#3210);
#1890=FACE_OUTER_BOUND('',#3211,.T.);
#1891=PLANE('',#3212);
#1892=SURFACE_STYLE_USAGE(.BOTH.,#3213);
#1893=FACE_OUTER_BOUND('',#3214,.T.);
#1894=PLANE('',#3215);
#1895=SURFACE_STYLE_USAGE(.BOTH.,#3216);
#1896=FACE_OUTER_BOUND('',#3217,.T.);
#1897=CYLINDRICAL_SURFACE('',#3218,0.2);
#1898=SURFACE_STYLE_USAGE(.BOTH.,#3219);
#1899=FACE_OUTER_BOUND('',#3220,.T.);
#1900=CYLINDRICAL_SURFACE('',#3221,0.400000000051922);
#1901=SURFACE_STYLE_USAGE(.BOTH.,#3222);
#1902=FACE_OUTER_BOUND('',#3223,.T.);
#1903=CONICAL_SURFACE('',#3224,0.25,0.785398163383561);
#1904=SURFACE_STYLE_USAGE(.BOTH.,#3225);
#1905=FACE_OUTER_BOUND('',#3226,.T.);
#1906=CYLINDRICAL_SURFACE('',#3227,0.15);
#1907=SURFACE_STYLE_USAGE(.BOTH.,#3228);
#1908=FACE_OUTER_BOUND('',#3229,.T.);
#1909=PLANE('',#3230);
#1910=SURFACE_STYLE_USAGE(.BOTH.,#3231);
#1911=FACE_OUTER_BOUND('',#3232,.T.);
#1912=PLANE('',#3233);
#1913=SURFACE_STYLE_USAGE(.BOTH.,#3234);
#1914=FACE_OUTER_BOUND('',#3235,.T.);
#1915=CYLINDRICAL_SURFACE('',#3236,0.2);
#1916=SURFACE_STYLE_USAGE(.BOTH.,#3237);
#1917=FACE_OUTER_BOUND('',#3238,.T.);
#1918=PLANE('',#3239);
#1919=SURFACE_STYLE_USAGE(.BOTH.,#3240);
#1920=FACE_OUTER_BOUND('',#3241,.T.);
#1921=PLANE('',#3242);
#1922=SURFACE_STYLE_USAGE(.BOTH.,#3243);
#1923=FACE_OUTER_BOUND('',#3244,.T.);
#1924=PLANE('',#3245);
#1925=SURFACE_STYLE_USAGE(.BOTH.,#3246);
#1926=FACE_OUTER_BOUND('',#3247,.T.);
#1927=PLANE('',#3248);
#1928=SURFACE_STYLE_USAGE(.BOTH.,#3249);
#1929=FACE_OUTER_BOUND('',#3250,.T.);
#1930=PLANE('',#3251);
#1931=SURFACE_STYLE_USAGE(.BOTH.,#3252);
#1932=FACE_OUTER_BOUND('',#3253,.T.);
#1933=CYLINDRICAL_SURFACE('',#3254,0.2);
#1934=SURFACE_STYLE_USAGE(.BOTH.,#3255);
#1935=FACE_OUTER_BOUND('',#3256,.T.);
#1936=PLANE('',#3257);
#1937=SURFACE_STYLE_USAGE(.BOTH.,#3258);
#1938=FACE_OUTER_BOUND('',#3259,.T.);
#1939=CYLINDRICAL_SURFACE('',#3260,0.2);
#1940=SURFACE_STYLE_USAGE(.BOTH.,#3261);
#1941=FACE_OUTER_BOUND('',#3262,.T.);
#1942=PLANE('',#3263);
#1943=SURFACE_STYLE_USAGE(.BOTH.,#3264);
#1944=FACE_OUTER_BOUND('',#3265,.T.);
#1945=PLANE('',#3266);
#1946=SURFACE_STYLE_USAGE(.BOTH.,#3267);
#1947=FACE_OUTER_BOUND('',#3268,.T.);
#1948=CYLINDRICAL_SURFACE('',#3269,0.15);
#1949=SURFACE_STYLE_USAGE(.BOTH.,#3270);
#1950=FACE_OUTER_BOUND('',#3271,.T.);
#1951=PLANE('',#3272);
#1952=SURFACE_STYLE_USAGE(.BOTH.,#3273);
#1953=FACE_OUTER_BOUND('',#3274,.T.);
#1954=PLANE('',#3275);
#1955=SURFACE_STYLE_USAGE(.BOTH.,#3276);
#1956=FACE_OUTER_BOUND('',#3277,.T.);
#1957=PLANE('',#3278);
#1958=SURFACE_STYLE_USAGE(.BOTH.,#3279);
#1959=FACE_OUTER_BOUND('',#3280,.T.);
#1960=PLANE('',#3281);
#1961=SURFACE_STYLE_USAGE(.BOTH.,#3282);
#1962=FACE_OUTER_BOUND('',#3283,.T.);
#1963=CYLINDRICAL_SURFACE('',#3284,0.550000000019139);
#1964=SURFACE_STYLE_USAGE(.BOTH.,#3285);
#1965=FACE_OUTER_BOUND('',#3286,.T.);
#1966=PLANE('',#3287);
#1967=SURFACE_STYLE_USAGE(.BOTH.,#3288);
#1968=FACE_OUTER_BOUND('',#3289,.T.);
#1969=CYLINDRICAL_SURFACE('',#3290,0.100000000000002);
#1970=SURFACE_STYLE_USAGE(.BOTH.,#3291);
#1971=FACE_OUTER_BOUND('',#3292,.T.);
#1972=PLANE('',#3293);
#1973=SURFACE_STYLE_USAGE(.BOTH.,#3294);
#1974=FACE_BOUND('',#3295,.T.);
#1975=FACE_BOUND('',#3296,.T.);
#1976=FACE_BOUND('',#3297,.T.);
#1977=FACE_OUTER_BOUND('',#3298,.T.);
#1978=PLANE('',#3299);
#1979=SURFACE_STYLE_USAGE(.BOTH.,#3300);
#1980=FACE_OUTER_BOUND('',#3301,.T.);
#1981=PLANE('',#3302);
#1982=SURFACE_STYLE_USAGE(.BOTH.,#3303);
#1983=FACE_OUTER_BOUND('',#3304,.T.);
#1984=PLANE('',#3305);
#1985=SURFACE_STYLE_USAGE(.BOTH.,#3306);
#1986=FACE_OUTER_BOUND('',#3307,.T.);
#1987=PLANE('',#3308);
#1988=SURFACE_STYLE_USAGE(.BOTH.,#3309);
#1989=FACE_OUTER_BOUND('',#3310,.T.);
#1990=CYLINDRICAL_SURFACE('',#3311,0.15);
#1991=SURFACE_STYLE_USAGE(.BOTH.,#3312);
#1992=FACE_OUTER_BOUND('',#3313,.T.);
#1993=CYLINDRICAL_SURFACE('',#3314,0.25);
#1994=SURFACE_STYLE_USAGE(.BOTH.,#3315);
#1995=FACE_OUTER_BOUND('',#3316,.T.);
#1996=PLANE('',#3317);
#1997=SURFACE_STYLE_USAGE(.BOTH.,#3318);
#1998=FACE_OUTER_BOUND('',#3319,.T.);
#1999=CYLINDRICAL_SURFACE('',#3320,0.149999999999997);
#2000=SURFACE_STYLE_USAGE(.BOTH.,#3321);
#2001=FACE_OUTER_BOUND('',#3322,.T.);
#2002=CYLINDRICAL_SURFACE('',#3323,0.2);
#2003=SURFACE_STYLE_USAGE(.BOTH.,#3324);
#2004=FACE_OUTER_BOUND('',#3325,.T.);
#2005=CYLINDRICAL_SURFACE('',#3326,0.25);
#2006=SURFACE_STYLE_USAGE(.BOTH.,#3327);
#2007=FACE_OUTER_BOUND('',#3328,.T.);
#2008=CYLINDRICAL_SURFACE('',#3329,0.2);
#2009=SURFACE_STYLE_USAGE(.BOTH.,#3330);
#2010=FACE_OUTER_BOUND('',#3331,.T.);
#2011=PLANE('',#3332);
#2012=SURFACE_STYLE_USAGE(.BOTH.,#3333);
#2013=FACE_OUTER_BOUND('',#3334,.T.);
#2014=CYLINDRICAL_SURFACE('',#3335,0.2);
#2015=SURFACE_STYLE_USAGE(.BOTH.,#3336);
#2016=FACE_OUTER_BOUND('',#3337,.T.);
#2017=PLANE('',#3338);
#2018=SURFACE_STYLE_USAGE(.BOTH.,#3339);
#2019=FACE_OUTER_BOUND('',#3340,.T.);
#2020=CYLINDRICAL_SURFACE('',#3341,0.25);
#2021=SURFACE_STYLE_USAGE(.BOTH.,#3342);
#2022=FACE_OUTER_BOUND('',#3343,.T.);
#2023=CYLINDRICAL_SURFACE('',#3344,0.1);
#2024=SURFACE_STYLE_USAGE(.BOTH.,#3345);
#2025=FACE_OUTER_BOUND('',#3346,.T.);
#2026=PLANE('',#3347);
#2027=SURFACE_STYLE_USAGE(.BOTH.,#3348);
#2028=FACE_OUTER_BOUND('',#3349,.T.);
#2029=PLANE('',#3350);
#2030=SURFACE_STYLE_USAGE(.BOTH.,#3351);
#2031=FACE_OUTER_BOUND('',#3352,.T.);
#2032=CYLINDRICAL_SURFACE('',#3353,0.15);
#2033=SURFACE_STYLE_USAGE(.BOTH.,#3354);
#2034=FACE_OUTER_BOUND('',#3355,.T.);
#2035=PLANE('',#3356);
#2036=SURFACE_STYLE_USAGE(.BOTH.,#3357);
#2037=FACE_OUTER_BOUND('',#3358,.T.);
#2038=CYLINDRICAL_SURFACE('',#3359,0.3);
#2039=SURFACE_STYLE_USAGE(.BOTH.,#3360);
#2040=FACE_OUTER_BOUND('',#3361,.T.);
#2041=PLANE('',#3362);
#2042=SURFACE_STYLE_USAGE(.BOTH.,#3363);
#2043=FACE_OUTER_BOUND('',#3364,.T.);
#2044=PLANE('',#3365);
#2045=SURFACE_STYLE_USAGE(.BOTH.,#3366);
#2046=FACE_OUTER_BOUND('',#3367,.T.);
#2047=PLANE('',#3368);
#2048=SURFACE_STYLE_USAGE(.BOTH.,#3369);
#2049=FACE_OUTER_BOUND('',#3370,.T.);
#2050=PLANE('',#3371);
#2051=SURFACE_STYLE_USAGE(.BOTH.,#3372);
#2052=FACE_OUTER_BOUND('',#3373,.T.);
#2053=PLANE('',#3374);
#2054=SURFACE_STYLE_USAGE(.BOTH.,#3375);
#2055=FACE_OUTER_BOUND('',#3376,.T.);
#2056=PLANE('',#3377);
#2057=SURFACE_STYLE_USAGE(.BOTH.,#3378);
#2058=FACE_OUTER_BOUND('',#3379,.T.);
#2059=PLANE('',#3380);
#2060=SURFACE_STYLE_USAGE(.BOTH.,#3381);
#2061=FACE_OUTER_BOUND('',#3382,.T.);
#2062=CYLINDRICAL_SURFACE('',#3383,0.1);
#2063=SURFACE_STYLE_USAGE(.BOTH.,#3384);
#2064=FACE_OUTER_BOUND('',#3385,.T.);
#2065=PLANE('',#3386);
#2066=SURFACE_STYLE_USAGE(.BOTH.,#3387);
#2067=FACE_OUTER_BOUND('',#3388,.T.);
#2068=CYLINDRICAL_SURFACE('',#3389,0.1);
#2069=SURFACE_STYLE_USAGE(.BOTH.,#3390);
#2070=FACE_OUTER_BOUND('',#3391,.T.);
#2071=PLANE('',#3392);
#2072=SURFACE_STYLE_USAGE(.BOTH.,#3393);
#2073=FACE_OUTER_BOUND('',#3394,.T.);
#2074=CYLINDRICAL_SURFACE('',#3395,0.3);
#2075=SURFACE_STYLE_USAGE(.BOTH.,#3396);
#2076=FACE_OUTER_BOUND('',#3397,.T.);
#2077=PLANE('',#3398);
#2078=SURFACE_STYLE_USAGE(.BOTH.,#3399);
#2079=FACE_OUTER_BOUND('',#3400,.T.);
#2080=PLANE('',#3401);
#2081=SURFACE_STYLE_USAGE(.BOTH.,#3402);
#2082=FACE_OUTER_BOUND('',#3403,.T.);
#2083=CYLINDRICAL_SURFACE('',#3404,0.699999999995932);
#2084=SURFACE_STYLE_USAGE(.BOTH.,#3405);
#2085=FACE_OUTER_BOUND('',#3406,.T.);
#2086=PLANE('',#3407);
#2087=SURFACE_STYLE_USAGE(.BOTH.,#3408);
#2088=FACE_OUTER_BOUND('',#3409,.T.);
#2089=PLANE('',#3410);
#2090=SURFACE_STYLE_USAGE(.BOTH.,#3411);
#2091=FACE_OUTER_BOUND('',#3412,.T.);
#2092=CYLINDRICAL_SURFACE('',#3413,0.15);
#2093=SURFACE_STYLE_USAGE(.BOTH.,#3414);
#2094=FACE_OUTER_BOUND('',#3415,.T.);
#2095=PLANE('',#3416);
#2096=SURFACE_STYLE_USAGE(.BOTH.,#3417);
#2097=FACE_OUTER_BOUND('',#3418,.T.);
#2098=PLANE('',#3419);
#2099=SURFACE_STYLE_USAGE(.BOTH.,#3420);
#2100=FACE_OUTER_BOUND('',#3421,.T.);
#2101=CYLINDRICAL_SURFACE('',#3422,0.3);
#2102=SURFACE_STYLE_USAGE(.BOTH.,#3423);
#2103=FACE_OUTER_BOUND('',#3424,.T.);
#2104=PLANE('',#3425);
#2105=SURFACE_STYLE_USAGE(.BOTH.,#3426);
#2106=FACE_OUTER_BOUND('',#3427,.T.);
#2107=CYLINDRICAL_SURFACE('',#3428,0.25);
#2108=SURFACE_STYLE_USAGE(.BOTH.,#3429);
#2109=FACE_OUTER_BOUND('',#3430,.T.);
#2110=PLANE('',#3431);
#2111=SURFACE_STYLE_USAGE(.BOTH.,#3432);
#2112=FACE_OUTER_BOUND('',#3433,.T.);
#2113=CYLINDRICAL_SURFACE('',#3434,0.15);
#2114=SURFACE_STYLE_USAGE(.BOTH.,#3435);
#2115=FACE_OUTER_BOUND('',#3436,.T.);
#2116=CYLINDRICAL_SURFACE('',#3437,0.550000000019138);
#2117=SURFACE_STYLE_USAGE(.BOTH.,#3438);
#2118=FACE_OUTER_BOUND('',#3439,.T.);
#2119=PLANE('',#3440);
#2120=SURFACE_STYLE_USAGE(.BOTH.,#3441);
#2121=FACE_OUTER_BOUND('',#3442,.T.);
#2122=CYLINDRICAL_SURFACE('',#3443,0.1);
#2123=SURFACE_STYLE_USAGE(.BOTH.,#3444);
#2124=FACE_OUTER_BOUND('',#3445,.T.);
#2125=PLANE('',#3446);
#2126=SURFACE_STYLE_USAGE(.BOTH.,#3447);
#2127=FACE_OUTER_BOUND('',#3448,.T.);
#2128=CYLINDRICAL_SURFACE('',#3449,0.100000000000002);
#2129=SURFACE_STYLE_USAGE(.BOTH.,#3450);
#2130=FACE_OUTER_BOUND('',#3451,.T.);
#2131=PLANE('',#3452);
#2132=SURFACE_STYLE_USAGE(.BOTH.,#3453);
#2133=FACE_OUTER_BOUND('',#3454,.T.);
#2134=PLANE('',#3455);
#2135=SURFACE_STYLE_USAGE(.BOTH.,#3456);
#2136=FACE_OUTER_BOUND('',#3457,.T.);
#2137=PLANE('',#3458);
#2138=SURFACE_STYLE_USAGE(.BOTH.,#3459);
#2139=FACE_OUTER_BOUND('',#3460,.T.);
#2140=PLANE('',#3461);
#2141=SURFACE_STYLE_USAGE(.BOTH.,#3462);
#2142=FACE_OUTER_BOUND('',#3463,.T.);
#2143=PLANE('',#3464);
#2144=SURFACE_STYLE_USAGE(.BOTH.,#3465);
#2145=FACE_OUTER_BOUND('',#3466,.T.);
#2146=CYLINDRICAL_SURFACE('',#3467,0.2);
#2147=SURFACE_STYLE_USAGE(.BOTH.,#3468);
#2148=FACE_OUTER_BOUND('',#3469,.T.);
#2149=PLANE('',#3470);
#2150=SURFACE_STYLE_USAGE(.BOTH.,#3471);
#2151=FACE_OUTER_BOUND('',#3472,.T.);
#2152=CYLINDRICAL_SURFACE('',#3473,0.2);
#2153=SURFACE_STYLE_USAGE(.BOTH.,#3474);
#2154=FACE_OUTER_BOUND('',#3475,.T.);
#2155=CYLINDRICAL_SURFACE('',#3476,0.2);
#2156=SURFACE_STYLE_USAGE(.BOTH.,#3477);
#2157=FACE_OUTER_BOUND('',#3478,.T.);
#2158=PLANE('',#3479);
#2159=SURFACE_STYLE_USAGE(.BOTH.,#3480);
#2160=FACE_OUTER_BOUND('',#3481,.T.);
#2161=PLANE('',#3482);
#2162=SURFACE_STYLE_USAGE(.BOTH.,#3483);
#2163=FACE_OUTER_BOUND('',#3484,.T.);
#2164=PLANE('',#3485);
#2165=SURFACE_STYLE_USAGE(.BOTH.,#3486);
#2166=FACE_OUTER_BOUND('',#3487,.T.);
#2167=PLANE('',#3488);
#2168=SURFACE_STYLE_USAGE(.BOTH.,#3489);
#2169=FACE_OUTER_BOUND('',#3490,.T.);
#2170=CYLINDRICAL_SURFACE('',#3491,0.3);
#2171=SURFACE_STYLE_USAGE(.BOTH.,#3492);
#2172=FACE_OUTER_BOUND('',#3493,.T.);
#2173=CYLINDRICAL_SURFACE('',#3494,0.1);
#2174=SURFACE_STYLE_USAGE(.BOTH.,#3495);
#2175=FACE_OUTER_BOUND('',#3496,.T.);
#2176=PLANE('',#3497);
#2177=SURFACE_STYLE_USAGE(.BOTH.,#3498);
#2178=FACE_OUTER_BOUND('',#3499,.T.);
#2179=CYLINDRICAL_SURFACE('',#3500,0.699999999995932);
#2180=SURFACE_STYLE_USAGE(.BOTH.,#3501);
#2181=FACE_OUTER_BOUND('',#3502,.T.);
#2182=PLANE('',#3503);
#2183=SURFACE_STYLE_USAGE(.BOTH.,#3504);
#2184=FACE_OUTER_BOUND('',#3505,.T.);
#2185=PLANE('',#3506);
#2186=SURFACE_STYLE_USAGE(.BOTH.,#3507);
#2187=FACE_OUTER_BOUND('',#3508,.T.);
#2188=CYLINDRICAL_SURFACE('',#3509,0.3);
#2189=SURFACE_STYLE_USAGE(.BOTH.,#3510);
#2190=FACE_OUTER_BOUND('',#3511,.T.);
#2191=PLANE('',#3512);
#2192=SURFACE_STYLE_USAGE(.BOTH.,#3513);
#2193=FACE_OUTER_BOUND('',#3514,.T.);
#2194=PLANE('',#3515);
#2195=SURFACE_STYLE_USAGE(.BOTH.,#3516);
#2196=FACE_OUTER_BOUND('',#3517,.T.);
#2197=CYLINDRICAL_SURFACE('',#3518,0.2);
#2198=SURFACE_STYLE_USAGE(.BOTH.,#3519);
#2199=FACE_OUTER_BOUND('',#3520,.T.);
#2200=CYLINDRICAL_SURFACE('',#3521,0.15);
#2201=SURFACE_STYLE_USAGE(.BOTH.,#3522);
#2202=FACE_OUTER_BOUND('',#3523,.T.);
#2203=PLANE('',#3524);
#2204=SURFACE_STYLE_USAGE(.BOTH.,#3525);
#2205=FACE_OUTER_BOUND('',#3526,.T.);
#2206=CYLINDRICAL_SURFACE('',#3527,0.1);
#2207=SURFACE_STYLE_USAGE(.BOTH.,#3528);
#2208=FACE_OUTER_BOUND('',#3529,.T.);
#2209=CYLINDRICAL_SURFACE('',#3530,0.3);
#2210=SURFACE_STYLE_USAGE(.BOTH.,#3531);
#2211=FACE_OUTER_BOUND('',#3532,.T.);
#2212=PLANE('',#3533);
#2213=SURFACE_STYLE_USAGE(.BOTH.,#3534);
#2214=FACE_OUTER_BOUND('',#3535,.T.);
#2215=CYLINDRICAL_SURFACE('',#3536,0.399999999995932);
#2216=SURFACE_STYLE_USAGE(.BOTH.,#3537);
#2217=FACE_OUTER_BOUND('',#3538,.T.);
#2218=CYLINDRICAL_SURFACE('',#3539,0.5);
#2219=SURFACE_STYLE_USAGE(.BOTH.,#3540);
#2220=FACE_OUTER_BOUND('',#3541,.T.);
#2221=PLANE('',#3542);
#2222=SURFACE_STYLE_USAGE(.BOTH.,#3543);
#2223=FACE_OUTER_BOUND('',#3544,.T.);
#2224=PLANE('',#3545);
#2225=SURFACE_STYLE_USAGE(.BOTH.,#3546);
#2226=FACE_OUTER_BOUND('',#3547,.T.);
#2227=CYLINDRICAL_SURFACE('',#3548,0.3);
#2228=SURFACE_STYLE_USAGE(.BOTH.,#3549);
#2229=FACE_OUTER_BOUND('',#3550,.T.);
#2230=PLANE('',#3551);
#2231=SURFACE_STYLE_USAGE(.BOTH.,#3552);
#2232=FACE_OUTER_BOUND('',#3553,.T.);
#2233=PLANE('',#3554);
#2234=SURFACE_STYLE_USAGE(.BOTH.,#3555);
#2235=FACE_OUTER_BOUND('',#3556,.T.);
#2236=PLANE('',#3557);
#2237=SURFACE_STYLE_USAGE(.BOTH.,#3558);
#2238=FACE_OUTER_BOUND('',#3559,.T.);
#2239=CYLINDRICAL_SURFACE('',#3560,0.1);
#2240=SURFACE_STYLE_USAGE(.BOTH.,#3561);
#2241=FACE_OUTER_BOUND('',#3562,.T.);
#2242=CYLINDRICAL_SURFACE('',#3563,0.2);
#2243=SURFACE_STYLE_USAGE(.BOTH.,#3564);
#2244=FACE_OUTER_BOUND('',#3565,.T.);
#2245=PLANE('',#3566);
#2246=SURFACE_STYLE_USAGE(.BOTH.,#3567);
#2247=FACE_OUTER_BOUND('',#3568,.T.);
#2248=PLANE('',#3569);
#2249=SURFACE_STYLE_USAGE(.BOTH.,#3570);
#2250=FACE_OUTER_BOUND('',#3571,.T.);
#2251=PLANE('',#3572);
#2252=SURFACE_STYLE_USAGE(.BOTH.,#3573);
#2253=FACE_OUTER_BOUND('',#3574,.T.);
#2254=PLANE('',#3575);
#2255=SURFACE_STYLE_USAGE(.BOTH.,#3576);
#2256=FACE_OUTER_BOUND('',#3577,.T.);
#2257=CYLINDRICAL_SURFACE('',#3578,0.15);
#2258=SURFACE_STYLE_USAGE(.BOTH.,#3579);
#2259=FACE_OUTER_BOUND('',#3580,.T.);
#2260=PLANE('',#3581);
#2261=SURFACE_STYLE_USAGE(.BOTH.,#3582);
#2262=FACE_OUTER_BOUND('',#3583,.T.);
#2263=CYLINDRICAL_SURFACE('',#3584,0.5);
#2264=SURFACE_STYLE_USAGE(.BOTH.,#3585);
#2265=FACE_OUTER_BOUND('',#3586,.T.);
#2266=PLANE('',#3587);
#2267=SURFACE_STYLE_USAGE(.BOTH.,#3588);
#2268=FACE_OUTER_BOUND('',#3589,.T.);
#2269=CYLINDRICAL_SURFACE('',#3590,0.2);
#2270=SURFACE_STYLE_USAGE(.BOTH.,#3591);
#2271=FACE_OUTER_BOUND('',#3592,.T.);
#2272=PLANE('',#3593);
#2273=SURFACE_STYLE_USAGE(.BOTH.,#3594);
#2274=FACE_OUTER_BOUND('',#3595,.T.);
#2275=PLANE('',#3596);
#2276=SURFACE_STYLE_USAGE(.BOTH.,#3597);
#2277=FACE_OUTER_BOUND('',#3598,.T.);
#2278=CYLINDRICAL_SURFACE('',#3599,0.2);
#2279=SURFACE_STYLE_USAGE(.BOTH.,#3600);
#2280=FACE_OUTER_BOUND('',#3601,.T.);
#2281=CYLINDRICAL_SURFACE('',#3602,0.1);
#2282=SURFACE_STYLE_USAGE(.BOTH.,#3603);
#2283=FACE_OUTER_BOUND('',#3604,.T.);
#2284=CYLINDRICAL_SURFACE('',#3605,0.1);
#2285=SURFACE_STYLE_USAGE(.BOTH.,#3606);
#2286=FACE_OUTER_BOUND('',#3607,.T.);
#2287=CYLINDRICAL_SURFACE('',#3608,0.2);
#2288=SURFACE_STYLE_USAGE(.BOTH.,#3609);
#2289=FACE_OUTER_BOUND('',#3610,.T.);
#2290=PLANE('',#3611);
#2291=SURFACE_STYLE_USAGE(.BOTH.,#3612);
#2292=FACE_OUTER_BOUND('',#3613,.T.);
#2293=PLANE('',#3614);
#2294=SURFACE_STYLE_USAGE(.BOTH.,#3615);
#2295=FACE_OUTER_BOUND('',#3616,.T.);
#2296=CYLINDRICAL_SURFACE('',#3617,0.5);
#2297=SURFACE_STYLE_USAGE(.BOTH.,#3618);
#2298=FACE_OUTER_BOUND('',#3619,.T.);
#2299=PLANE('',#3620);
#2300=SURFACE_STYLE_USAGE(.BOTH.,#3621);
#2301=FACE_OUTER_BOUND('',#3622,.T.);
#2302=PLANE('',#3623);
#2303=SURFACE_STYLE_USAGE(.BOTH.,#3624);
#2304=FACE_OUTER_BOUND('',#3625,.T.);
#2305=PLANE('',#3626);
#2306=SURFACE_STYLE_USAGE(.BOTH.,#3627);
#2307=FACE_OUTER_BOUND('',#3628,.T.);
#2308=PLANE('',#3629);
#2309=SURFACE_STYLE_USAGE(.BOTH.,#3630);
#2310=FACE_OUTER_BOUND('',#3631,.T.);
#2311=PLANE('',#3632);
#2312=SURFACE_STYLE_USAGE(.BOTH.,#3633);
#2313=FACE_OUTER_BOUND('',#3634,.T.);
#2314=PLANE('',#3635);
#2315=SURFACE_STYLE_USAGE(.BOTH.,#3636);
#2316=FACE_OUTER_BOUND('',#3637,.T.);
#2317=CONICAL_SURFACE('',#3638,0.35,0.785398163397448);
#2318=SURFACE_STYLE_USAGE(.BOTH.,#3639);
#2319=FACE_OUTER_BOUND('',#3640,.T.);
#2320=CYLINDRICAL_SURFACE('',#3641,0.5);
#2321=SURFACE_STYLE_USAGE(.BOTH.,#3642);
#2322=FACE_OUTER_BOUND('',#3643,.T.);
#2323=CONICAL_SURFACE('',#3644,0.35,0.785398163397448);
#2324=SURFACE_STYLE_USAGE(.BOTH.,#3645);
#2325=FACE_OUTER_BOUND('',#3646,.T.);
#2326=PLANE('',#3647);
#2327=SURFACE_STYLE_USAGE(.BOTH.,#3648);
#2328=FACE_OUTER_BOUND('',#3649,.T.);
#2329=CYLINDRICAL_SURFACE('',#3650,0.1);
#2330=SURFACE_STYLE_USAGE(.BOTH.,#3651);
#2331=FACE_OUTER_BOUND('',#3652,.T.);
#2332=PLANE('',#3653);
#2333=SURFACE_STYLE_USAGE(.BOTH.,#3654);
#2334=FACE_OUTER_BOUND('',#3655,.T.);
#2335=PLANE('',#3656);
#2336=SURFACE_STYLE_USAGE(.BOTH.,#3657);
#2337=FACE_OUTER_BOUND('',#3658,.T.);
#2338=PLANE('',#3659);
#2339=SURFACE_STYLE_USAGE(.BOTH.,#3660);
#2340=FACE_OUTER_BOUND('',#3661,.T.);
#2341=PLANE('',#3662);
#2342=SURFACE_STYLE_USAGE(.BOTH.,#3663);
#2343=FACE_OUTER_BOUND('',#3664,.T.);
#2344=PLANE('',#3665);
#2345=SURFACE_STYLE_USAGE(.BOTH.,#3666);
#2346=FACE_OUTER_BOUND('',#3667,.T.);
#2347=PLANE('',#3668);
#2348=SURFACE_STYLE_USAGE(.BOTH.,#3669);
#2349=FACE_OUTER_BOUND('',#3670,.T.);
#2350=PLANE('',#3671);
#2351=SURFACE_STYLE_USAGE(.BOTH.,#3672);
#2352=FACE_OUTER_BOUND('',#3673,.T.);
#2353=CYLINDRICAL_SURFACE('',#3674,0.05);
#2354=SURFACE_STYLE_USAGE(.BOTH.,#3675);
#2355=FACE_OUTER_BOUND('',#3676,.T.);
#2356=PLANE('',#3677);
#2357=SURFACE_STYLE_USAGE(.BOTH.,#3678);
#2358=FACE_OUTER_BOUND('',#3679,.T.);
#2359=PLANE('',#3680);
#2360=SURFACE_STYLE_USAGE(.BOTH.,#3681);
#2361=FACE_OUTER_BOUND('',#3682,.T.);
#2362=CYLINDRICAL_SURFACE('',#3683,0.5);
#2363=SURFACE_STYLE_USAGE(.BOTH.,#3684);
#2364=FACE_OUTER_BOUND('',#3685,.T.);
#2365=PLANE('',#3686);
#2366=SURFACE_STYLE_USAGE(.BOTH.,#3687);
#2367=FACE_OUTER_BOUND('',#3688,.T.);
#2368=PLANE('',#3689);
#2369=SURFACE_STYLE_USAGE(.BOTH.,#3690);
#2370=FACE_OUTER_BOUND('',#3691,.T.);
#2371=PLANE('',#3692);
#2372=SURFACE_STYLE_USAGE(.BOTH.,#3693);
#2373=FACE_OUTER_BOUND('',#3694,.T.);
#2374=PLANE('',#3695);
#2375=SURFACE_STYLE_USAGE(.BOTH.,#3696);
#2376=FACE_OUTER_BOUND('',#3697,.T.);
#2377=PLANE('',#3698);
#2378=SURFACE_STYLE_USAGE(.BOTH.,#3699);
#2379=FACE_OUTER_BOUND('',#3700,.T.);
#2380=PLANE('',#3701);
#2381=SURFACE_STYLE_USAGE(.BOTH.,#3702);
#2382=FACE_OUTER_BOUND('',#3703,.T.);
#2383=PLANE('',#3704);
#2384=SURFACE_STYLE_USAGE(.BOTH.,#3705);
#2385=FACE_OUTER_BOUND('',#3706,.T.);
#2386=PLANE('',#3707);
#2387=SURFACE_STYLE_USAGE(.BOTH.,#3708);
#2388=FACE_OUTER_BOUND('',#3709,.T.);
#2389=PLANE('',#3710);
#2390=SURFACE_STYLE_USAGE(.BOTH.,#3711);
#2391=FACE_OUTER_BOUND('',#3712,.T.);
#2392=PLANE('',#3713);
#2393=SURFACE_STYLE_USAGE(.BOTH.,#3714);
#2394=FACE_OUTER_BOUND('',#3715,.T.);
#2395=PLANE('',#3716);
#2396=SURFACE_STYLE_USAGE(.BOTH.,#3717);
#2397=FACE_OUTER_BOUND('',#3718,.T.);
#2398=PLANE('',#3719);
#2399=SURFACE_STYLE_USAGE(.BOTH.,#3720);
#2400=FACE_OUTER_BOUND('',#3721,.T.);
#2401=PLANE('',#3722);
#2402=SURFACE_STYLE_USAGE(.BOTH.,#3723);
#2403=FACE_OUTER_BOUND('',#3724,.T.);
#2404=PLANE('',#3725);
#2405=SURFACE_STYLE_USAGE(.BOTH.,#3726);
#2406=FACE_OUTER_BOUND('',#3727,.T.);
#2407=PLANE('',#3728);
#2408=SURFACE_STYLE_USAGE(.BOTH.,#3729);
#2409=FACE_OUTER_BOUND('',#3730,.T.);
#2410=PLANE('',#3731);
#2411=SURFACE_STYLE_USAGE(.BOTH.,#3732);
#2412=FACE_OUTER_BOUND('',#3733,.T.);
#2413=PLANE('',#3734);
#2414=SURFACE_STYLE_USAGE(.BOTH.,#3735);
#2415=FACE_OUTER_BOUND('',#3736,.T.);
#2416=PLANE('',#3737);
#2417=SURFACE_STYLE_USAGE(.BOTH.,#3738);
#2418=FACE_OUTER_BOUND('',#3739,.T.);
#2419=PLANE('',#3740);
#2420=SURFACE_STYLE_USAGE(.BOTH.,#3741);
#2421=FACE_OUTER_BOUND('',#3742,.T.);
#2422=PLANE('',#3743);
#2423=SURFACE_STYLE_USAGE(.BOTH.,#3744);
#2424=FACE_OUTER_BOUND('',#3745,.T.);
#2425=PLANE('',#3746);
#2426=SURFACE_STYLE_USAGE(.BOTH.,#3747);
#2427=FACE_OUTER_BOUND('',#3748,.T.);
#2428=PLANE('',#3749);
#2429=SURFACE_STYLE_USAGE(.BOTH.,#3750);
#2430=FACE_OUTER_BOUND('',#3751,.T.);
#2431=PLANE('',#3752);
#2432=SURFACE_STYLE_USAGE(.BOTH.,#3753);
#2433=FACE_OUTER_BOUND('',#3754,.T.);
#2434=PLANE('',#3755);
#2435=SURFACE_STYLE_USAGE(.BOTH.,#3756);
#2436=FACE_OUTER_BOUND('',#3757,.T.);
#2437=CYLINDRICAL_SURFACE('',#3758,0.15);
#2438=SURFACE_STYLE_USAGE(.BOTH.,#3759);
#2439=FACE_OUTER_BOUND('',#3760,.T.);
#2440=CYLINDRICAL_SURFACE('',#3761,0.15);
#2441=SURFACE_STYLE_USAGE(.BOTH.,#3762);
#2442=FACE_OUTER_BOUND('',#3763,.T.);
#2443=PLANE('',#3764);
#2444=SURFACE_STYLE_USAGE(.BOTH.,#3765);
#2445=FACE_OUTER_BOUND('',#3766,.T.);
#2446=PLANE('',#3767);
#2447=SURFACE_STYLE_USAGE(.BOTH.,#3768);
#2448=FACE_OUTER_BOUND('',#3769,.T.);
#2449=PLANE('',#3770);
#2450=SURFACE_STYLE_USAGE(.BOTH.,#3771);
#2451=FACE_OUTER_BOUND('',#3772,.T.);
#2452=PLANE('',#3773);
#2453=SURFACE_STYLE_USAGE(.BOTH.,#3774);
#2454=FACE_OUTER_BOUND('',#3775,.T.);
#2455=CYLINDRICAL_SURFACE('',#3776,0.05);
#2456=SURFACE_STYLE_USAGE(.BOTH.,#3777);
#2457=FACE_OUTER_BOUND('',#3778,.T.);
#2458=PLANE('',#3779);
#2459=SURFACE_STYLE_USAGE(.BOTH.,#3780);
#2460=FACE_OUTER_BOUND('',#3781,.T.);
#2461=PLANE('',#3782);
#2462=SURFACE_STYLE_USAGE(.BOTH.,#3783);
#2463=FACE_OUTER_BOUND('',#3784,.T.);
#2464=PLANE('',#3785);
#2465=SURFACE_STYLE_USAGE(.BOTH.,#3786);
#2466=FACE_OUTER_BOUND('',#3787,.T.);
#2467=PLANE('',#3788);
#2468=SURFACE_STYLE_USAGE(.BOTH.,#3789);
#2469=FACE_OUTER_BOUND('',#3790,.T.);
#2470=PLANE('',#3791);
#2471=SURFACE_STYLE_USAGE(.BOTH.,#3792);
#2472=FACE_OUTER_BOUND('',#3793,.T.);
#2473=PLANE('',#3794);
#2474=SURFACE_STYLE_USAGE(.BOTH.,#3795);
#2475=FACE_OUTER_BOUND('',#3796,.T.);
#2476=PLANE('',#3797);
#2477=SURFACE_STYLE_USAGE(.BOTH.,#3798);
#2478=FACE_OUTER_BOUND('',#3799,.T.);
#2479=PLANE('',#3800);
#2480=SURFACE_STYLE_USAGE(.BOTH.,#3801);
#2481=FACE_OUTER_BOUND('',#3802,.T.);
#2482=PLANE('',#3803);
#2483=SURFACE_STYLE_USAGE(.BOTH.,#3804);
#2484=FACE_OUTER_BOUND('',#3805,.T.);
#2485=PLANE('',#3806);
#2486=SURFACE_STYLE_USAGE(.BOTH.,#3807);
#2487=FACE_OUTER_BOUND('',#3808,.T.);
#2488=PLANE('',#3809);
#2489=SURFACE_STYLE_USAGE(.BOTH.,#3810);
#2490=FACE_OUTER_BOUND('',#3811,.T.);
#2491=PLANE('',#3812);
#2492=SURFACE_STYLE_USAGE(.BOTH.,#3813);
#2493=FACE_OUTER_BOUND('',#3814,.T.);
#2494=PLANE('',#3815);
#2495=SURFACE_STYLE_USAGE(.BOTH.,#3816);
#2496=FACE_OUTER_BOUND('',#3817,.T.);
#2497=PLANE('',#3818);
#2498=SURFACE_STYLE_USAGE(.BOTH.,#3819);
#2499=FACE_OUTER_BOUND('',#3820,.T.);
#2500=PLANE('',#3821);
#2501=SURFACE_STYLE_USAGE(.BOTH.,#3822);
#2502=FACE_OUTER_BOUND('',#3823,.T.);
#2503=PLANE('',#3824);
#2504=SURFACE_STYLE_USAGE(.BOTH.,#3825);
#2505=FACE_OUTER_BOUND('',#3826,.T.);
#2506=PLANE('',#3827);
#2507=SURFACE_STYLE_USAGE(.BOTH.,#3828);
#2508=FACE_OUTER_BOUND('',#3829,.T.);
#2509=PLANE('',#3830);
#2510=SURFACE_STYLE_USAGE(.BOTH.,#3831);
#2511=FACE_OUTER_BOUND('',#3832,.T.);
#2512=PLANE('',#3833);
#2513=SURFACE_STYLE_USAGE(.BOTH.,#3834);
#2514=FACE_OUTER_BOUND('',#3835,.T.);
#2515=PLANE('',#3836);
#2516=SURFACE_STYLE_USAGE(.BOTH.,#3837);
#2517=FACE_OUTER_BOUND('',#3838,.T.);
#2518=PLANE('',#3839);
#2519=SURFACE_STYLE_USAGE(.BOTH.,#3840);
#2520=FACE_OUTER_BOUND('',#3841,.T.);
#2521=PLANE('',#3842);
#2522=SURFACE_STYLE_USAGE(.BOTH.,#3843);
#2523=FACE_OUTER_BOUND('',#3844,.T.);
#2524=PLANE('',#3845);
#2525=SURFACE_STYLE_USAGE(.BOTH.,#3846);
#2526=FACE_OUTER_BOUND('',#3847,.T.);
#2527=PLANE('',#3848);
#2528=SURFACE_STYLE_USAGE(.BOTH.,#3849);
#2529=FACE_OUTER_BOUND('',#3850,.T.);
#2530=PLANE('',#3851);
#2531=SURFACE_STYLE_USAGE(.BOTH.,#3852);
#2532=FACE_OUTER_BOUND('',#3853,.T.);
#2533=PLANE('',#3854);
#2534=SURFACE_STYLE_USAGE(.BOTH.,#3855);
#2535=FACE_OUTER_BOUND('',#3856,.T.);
#2536=PLANE('',#3857);
#2537=SURFACE_STYLE_USAGE(.BOTH.,#3858);
#2538=FACE_OUTER_BOUND('',#3859,.T.);
#2539=CYLINDRICAL_SURFACE('',#3860,0.2);
#2540=SURFACE_STYLE_USAGE(.BOTH.,#3861);
#2541=FACE_OUTER_BOUND('',#3862,.T.);
#2542=PLANE('',#3863);
#2543=SURFACE_STYLE_USAGE(.BOTH.,#3864);
#2544=FACE_OUTER_BOUND('',#3865,.T.);
#2545=CYLINDRICAL_SURFACE('',#3866,0.2);
#2546=SURFACE_STYLE_USAGE(.BOTH.,#3867);
#2547=FACE_OUTER_BOUND('',#3868,.T.);
#2548=PLANE('',#3869);
#2549=SURFACE_STYLE_USAGE(.BOTH.,#3870);
#2550=FACE_OUTER_BOUND('',#3871,.T.);
#2551=CYLINDRICAL_SURFACE('',#3872,0.2);
#2552=SURFACE_STYLE_USAGE(.BOTH.,#3873);
#2553=FACE_OUTER_BOUND('',#3874,.T.);
#2554=PLANE('',#3875);
#2555=SURFACE_STYLE_USAGE(.BOTH.,#3876);
#2556=FACE_OUTER_BOUND('',#3877,.T.);
#2557=CYLINDRICAL_SURFACE('',#3878,0.2);
#2558=SURFACE_STYLE_USAGE(.BOTH.,#3879);
#2559=FACE_OUTER_BOUND('',#3880,.T.);
#2560=PLANE('',#3881);
#2561=SURFACE_STYLE_USAGE(.BOTH.,#3882);
#2562=FACE_OUTER_BOUND('',#3883,.T.);
#2563=CYLINDRICAL_SURFACE('',#3884,0.2);
#2564=SURFACE_STYLE_USAGE(.BOTH.,#3885);
#2565=FACE_OUTER_BOUND('',#3886,.T.);
#2566=PLANE('',#3887);
#2567=SURFACE_STYLE_USAGE(.BOTH.,#3888);
#2568=FACE_OUTER_BOUND('',#3889,.T.);
#2569=CYLINDRICAL_SURFACE('',#3890,0.2);
#2570=SURFACE_STYLE_USAGE(.BOTH.,#3891);
#2571=FACE_OUTER_BOUND('',#3892,.T.);
#2572=CYLINDRICAL_SURFACE('',#3893,0.2);
#2573=SURFACE_STYLE_USAGE(.BOTH.,#3894);
#2574=FACE_OUTER_BOUND('',#3895,.T.);
#2575=SPHERICAL_SURFACE('',#3896,0.2);
#2576=SURFACE_STYLE_USAGE(.BOTH.,#3897);
#2577=FACE_OUTER_BOUND('',#3898,.T.);
#2578=SPHERICAL_SURFACE('',#3899,0.2);
#2579=SURFACE_STYLE_USAGE(.BOTH.,#3900);
#2580=FACE_OUTER_BOUND('',#3901,.T.);
#2581=SPHERICAL_SURFACE('',#3902,0.2);
#2582=SURFACE_STYLE_USAGE(.BOTH.,#3903);
#2583=FACE_OUTER_BOUND('',#3904,.T.);
#2584=CYLINDRICAL_SURFACE('',#3905,0.2);
#2585=SURFACE_STYLE_USAGE(.BOTH.,#3906);
#2586=FACE_OUTER_BOUND('',#3907,.T.);
#2587=SPHERICAL_SURFACE('',#3908,0.2);
#2588=SURFACE_STYLE_USAGE(.BOTH.,#3909);
#2589=FACE_OUTER_BOUND('',#3910,.T.);
#2590=CYLINDRICAL_SURFACE('',#3911,0.2);
#2591=SURFACE_STYLE_USAGE(.BOTH.,#3912);
#2592=FACE_OUTER_BOUND('',#3913,.T.);
#2593=CYLINDRICAL_SURFACE('',#3914,0.2);
#2594=SURFACE_STYLE_USAGE(.BOTH.,#3915);
#2595=FACE_OUTER_BOUND('',#3916,.T.);
#2596=CYLINDRICAL_SURFACE('',#3917,0.2);
#2597=SURFACE_STYLE_USAGE(.BOTH.,#3918);
#2598=FACE_OUTER_BOUND('',#3919,.T.);
#2599=CYLINDRICAL_SURFACE('',#3920,0.2);
#2600=SURFACE_STYLE_USAGE(.BOTH.,#3921);
#2601=FACE_OUTER_BOUND('',#3922,.T.);
#2602=CYLINDRICAL_SURFACE('',#3923,0.2);
#2603=SURFACE_STYLE_USAGE(.BOTH.,#3924);
#2604=FACE_OUTER_BOUND('',#3925,.T.);
#2605=PLANE('',#3926);
#2606=SURFACE_STYLE_USAGE(.BOTH.,#3927);
#2607=FACE_OUTER_BOUND('',#3928,.T.);
#2608=PLANE('',#3929);
#2609=SURFACE_STYLE_USAGE(.BOTH.,#3930);
#2610=FACE_OUTER_BOUND('',#3931,.T.);
#2611=PLANE('',#3932);
#2612=SURFACE_STYLE_USAGE(.BOTH.,#3933);
#2613=FACE_OUTER_BOUND('',#3934,.T.);
#2614=PLANE('',#3935);
#2615=SURFACE_STYLE_USAGE(.BOTH.,#3936);
#2616=FACE_OUTER_BOUND('',#3937,.T.);
#2617=PLANE('',#3938);
#2618=SURFACE_STYLE_USAGE(.BOTH.,#3939);
#2619=FACE_OUTER_BOUND('',#3940,.T.);
#2620=PLANE('',#3941);
#2621=SURFACE_STYLE_USAGE(.BOTH.,#3942);
#2622=FACE_OUTER_BOUND('',#3943,.T.);
#2623=PLANE('',#3944);
#2624=SURFACE_STYLE_USAGE(.BOTH.,#3945);
#2625=FACE_OUTER_BOUND('',#3946,.T.);
#2626=PLANE('',#3947);
#2627=SURFACE_STYLE_USAGE(.BOTH.,#3948);
#2628=FACE_OUTER_BOUND('',#3949,.T.);
#2629=PLANE('',#3950);
#2630=SURFACE_STYLE_USAGE(.BOTH.,#3951);
#2631=FACE_OUTER_BOUND('',#3952,.T.);
#2632=PLANE('',#3953);
#2633=SURFACE_STYLE_USAGE(.BOTH.,#3954);
#2634=FACE_OUTER_BOUND('',#3955,.T.);
#2635=CYLINDRICAL_SURFACE('',#3956,0.399999999999936);
#2636=SURFACE_STYLE_USAGE(.BOTH.,#3957);
#2637=FACE_OUTER_BOUND('',#3958,.T.);
#2638=PLANE('',#3959);
#2639=SURFACE_STYLE_USAGE(.BOTH.,#3960);
#2640=FACE_OUTER_BOUND('',#3961,.T.);
#2641=PLANE('',#3962);
#2642=SURFACE_STYLE_USAGE(.BOTH.,#3963);
#2643=FACE_OUTER_BOUND('',#3964,.T.);
#2644=PLANE('',#3965);
#2645=SURFACE_STYLE_USAGE(.BOTH.,#3966);
#2646=FACE_OUTER_BOUND('',#3967,.T.);
#2647=PLANE('',#3968);
#2648=SURFACE_STYLE_USAGE(.BOTH.,#3969);
#2649=FACE_OUTER_BOUND('',#3970,.T.);
#2650=CYLINDRICAL_SURFACE('',#3971,0.399999999999936);
#2651=SURFACE_STYLE_USAGE(.BOTH.,#3972);
#2652=FACE_OUTER_BOUND('',#3973,.T.);
#2653=PLANE('',#3974);
#2654=SURFACE_STYLE_USAGE(.BOTH.,#3975);
#2655=FACE_OUTER_BOUND('',#3976,.T.);
#2656=PLANE('',#3977);
#2657=SURFACE_STYLE_USAGE(.BOTH.,#3978);
#2658=FACE_OUTER_BOUND('',#3979,.T.);
#2659=PLANE('',#3980);
#2660=SURFACE_STYLE_USAGE(.BOTH.,#3981);
#2661=FACE_OUTER_BOUND('',#3982,.T.);
#2662=PLANE('',#3983);
#2663=SURFACE_STYLE_USAGE(.BOTH.,#3984);
#2664=CLOSED_SHELL('',(#461,#463,#465,#467,#469,#471,#473,#475,#477,#479,#481,#483,#485,#487,#489,#491,#493,#495,#497,#499,#501,#503,#505,#507,#509,#511,#513,#515,#517,#519,#521,#523,#525,#527,#529,#531,#533,#535,#537,#539,#541,#543,#545,#547,#549,#551,#553,#555,#557,#559,#561,#563,#565,#567,#569,#571,#573,#575,#577,#579,#581,#583,#585,#587,#589,#591,#593,#595,#597,#599,#601,#603,#605,#607,#609,#611,#613,#615,#617,#619,#621,#623,#625,#627,#629,#631,#633,#635,#637,#639,#641,#643,#645,#647,#649,#651,#653,#655,#657,#659,#661,#663,#665,#667,#669,#671,#673,#675,#677,#679,#681,#683,#685,#687,#689,#691,#693,#695,#697,#699,#701,#703,#705,#707,#709,#711,#713,#715,#717,#719,#721,#723,#725,#727,#729,#731,#733,#735,#737,#739,#741,#743,#745,#747,#749,#751,#753,#755,#757,#759,#761,#763,#765,#767,#769,#771,#773,#775,#777,#779,#781,#783,#785,#787,#789,#791,#793,#795,#797,#799,#801,#803,#805,#807,#809,#811,#813,#815,#817,#819,#821,#823,#825,#827,#829,#831,#833,#835,#837,#839,#841,#843,#845,#847,#849,#851,#853,#855,#857,#859,#861,#863,#865,#867,#869,#871,#873,#875,#877,#879,#881,#883,#885,#887,#889,#891,#893,#895,#897,#899,#901,#903,#905,#907,#909,#911,#913,#915,#917,#919,#921,#923,#925,#927,#929,#931,#933,#935,#937,#939,#941,#943,#945,#947,#949,#951,#953,#955,#957,#959,#961,#963,#965,#967,#969,#971,#973,#975,#977,#979,#981,#983,#985,#987,#989,#991,#993,#995,#997,#999,#1001,#1003,#1005,#1007,#1009,#1011,#1013,#1015,#1017,#1019,#1021,#1023,#1025,#1027,#1029,#1031,#1033,#1035,#1037,#1039,#1041,#1043,#1045,#1047,#1049,#1051,#1053,#1055,#1057,#1059,#1061,#1063,#1065,#1067,#1069,#1071,#1073,#1075,#1077,#1079,#1081,#1083,#1085,#1087,#1089,#1091,#1093,#1095,#1097,#1099,#1101,#1103,#1105,#1107,#1109,#1111,#1113,#1115,#1117,#1119,#1121,#1123,#1125,#1127,#1129,#1131,#1133,#1135,#1137,#1139,#1141,#1143,#1145,#1147,#1149,#1151,#1153,#1155,#1157,#1159,#1161,#1163,#1165,#1167,#1169,#1171,#1173,#1175,#1177,#1179,#1181,#1183,#1185,#1187,#1189,#1191,#1193,#1195,#1197,#1199,#1201,#1203,#1205,#1207,#1209,#1211,#1213,#1215,#1217,#1219,#1221,#1223,#1225,#1227,#1229,#1231,#1233,#1235,#1237,#1239,#1241,#1243,#1245,#1247,#1249,#1251,#1253,#1255,#1257,#1259,#1261,#1263,#1265,#1267,#1269,#1271,#1273,#1275,#1277,#1279,#1281,#1283,#1285,#1287,#1289,#1291,#1293,#1295,#1297,#1299,#1301,#1303,#1305,#3985,#3986,#3987,#3988,#3989,#3990,#3991,#3992,#3993,#3994,#3995,#3996,#3997,#3998,#3999,#4000,#4001,#4002,#4003,#4004,#4005,#4006,#4007,#4008,#4009,#4010,#4011,#4012,#4013,#4014,#4015,#4016,#4017,#4018,#4019,#4020,#4021,#4022,#4023,#4024,#4025,#4026,#4027,#4028,#4029,#1307,#1309,#1311,#1313,#1315,#1317,#1319,#1321,#1323,#1325,#1327,#1329,#1331));
#2665=PRODUCT_CONTEXT('',#447,'mechanical');
#2666=PRODUCT_DEFINITION_FORMATION_WITH_SPECIFIED_SOURCE(' ','NONE',#1334,.NOT_KNOWN.);
#2667=CARTESIAN_POINT('',(0.0,0.0,0.0));
#2668=DIRECTION('',(0.0,0.0,1.0));
#2669=DIRECTION('',(1.0,0.0,0.0));
#2670= (NAMED_UNIT(#1342)LENGTH_UNIT()SI_UNIT(.MILLI.,.METRE.));
#2671=SURFACE_SIDE_STYLE('',(#4031));
#2672=EDGE_LOOP('',(#4032,#4033,#4034,#4035));
#2673=AXIS2_PLACEMENT_3D('',#4036,#4037,#4038);
#2674=SURFACE_SIDE_STYLE('',(#4039));
#2675=EDGE_LOOP('',(#4040,#4041,#4042,#4043));
#2676=AXIS2_PLACEMENT_3D('',#4044,#4045,#4046);
#2677=SURFACE_SIDE_STYLE('',(#4047));
#2678=EDGE_LOOP('',(#4048,#4049,#4050,#4051));
#2679=AXIS2_PLACEMENT_3D('',#4052,#4053,#4054);
#2680=SURFACE_SIDE_STYLE('',(#4055));
#2681=EDGE_LOOP('',(#4056,#4057,#4058,#4059));
#2682=AXIS2_PLACEMENT_3D('',#4060,#4061,#4062);
#2683=SURFACE_SIDE_STYLE('',(#4063));
#2684=EDGE_LOOP('',(#4064,#4065,#4066,#4067,#4068,#4069,#4070,#4071,#4072,#4073));
#2685=AXIS2_PLACEMENT_3D('',#4074,#4075,#4076);
#2686=SURFACE_SIDE_STYLE('',(#4077));
#2687=EDGE_LOOP('',(#4078,#4079,#4080,#4081,#4082,#4083,#4084,#4085));
#2688=AXIS2_PLACEMENT_3D('',#4086,#4087,#4088);
#2689=SURFACE_SIDE_STYLE('',(#4089));
#2690=EDGE_LOOP('',(#4090,#4091,#4092,#4093,#4094,#4095,#4096,#4097));
#2691=AXIS2_PLACEMENT_3D('',#4098,#4099,#4100);
#2692=SURFACE_SIDE_STYLE('',(#4101));
#2693=EDGE_LOOP('',(#4102,#4103,#4104));
#2694=AXIS2_PLACEMENT_3D('',#4105,#4106,#4107);
#2695=SURFACE_SIDE_STYLE('',(#4108));
#2696=EDGE_LOOP('',(#4109,#4110,#4111,#4112));
#2697=AXIS2_PLACEMENT_3D('',#4113,#4114,#4115);
#2698=SURFACE_SIDE_STYLE('',(#4116));
#2699=EDGE_LOOP('',(#4117,#4118,#4119,#4120,#4121,#4122));
#2700=AXIS2_PLACEMENT_3D('',#4123,#4124,#4125);
#2701=SURFACE_SIDE_STYLE('',(#4126));
#2702=EDGE_LOOP('',(#4127,#4128,#4129,#4130,#4131));
#2703=AXIS2_PLACEMENT_3D('',#4132,#4133,#4134);
#2704=SURFACE_SIDE_STYLE('',(#4135));
#2705=EDGE_LOOP('',(#4136,#4137,#4138,#4139,#4140));
#2706=AXIS2_PLACEMENT_3D('',#4141,#4142,#4143);
#2707=SURFACE_SIDE_STYLE('',(#4144));
#2708=EDGE_LOOP('',(#4145,#4146,#4147,#4148,#4149,#4150,#4151,#4152,#4153,#4154,#4155,#4156,#4157,#4158,#4159,#4160,#4161,#4162,#4163,#4164,#4165,#4166));
#2709=EDGE_LOOP('',(#4167,#4168,#4169,#4170,#4171,#4172,#4173,#4174,#4175,#4176,#4177,#4178,#4179,#4180,#4181,#4182,#4183,#4184,#4185,#4186,#4187));
#2710=EDGE_LOOP('',(#4188,#4189,#4190,#4191,#4192,#4193,#4194,#4195,#4196,#4197));
#2711=AXIS2_PLACEMENT_3D('',#4198,#4199,#4200);
#2712=SURFACE_SIDE_STYLE('',(#4201));
#2713=EDGE_LOOP('',(#4202,#4203,#4204,#4205,#4206));
#2714=AXIS2_PLACEMENT_3D('',#4207,#4208,#4209);
#2715=SURFACE_SIDE_STYLE('',(#4210));
#2716=EDGE_LOOP('',(#4211,#4212,#4213,#4214,#4215,#4216,#4217,#4218,#4219,#4220,#4221));
#2717=AXIS2_PLACEMENT_3D('',#4222,#4223,#4224);
#2718=SURFACE_SIDE_STYLE('',(#4225));
#2719=EDGE_LOOP('',(#4226,#4227,#4228,#4229));
#2720=AXIS2_PLACEMENT_3D('',#4230,#4231,#4232);
#2721=SURFACE_SIDE_STYLE('',(#4233));
#2722=EDGE_LOOP('',(#4234,#4235,#4236,#4237,#4238,#4239,#4240));
#2723=AXIS2_PLACEMENT_3D('',#4241,#4242,#4243);
#2724=SURFACE_SIDE_STYLE('',(#4244));
#2725=EDGE_LOOP('',(#4245,#4246,#4247,#4248,#4249,#4250));
#2726=AXIS2_PLACEMENT_3D('',#4251,#4252,#4253);
#2727=SURFACE_SIDE_STYLE('',(#4254));
#2728=EDGE_LOOP('',(#4255,#4256,#4257,#4258,#4259,#4260,#4261));
#2729=AXIS2_PLACEMENT_3D('',#4262,#4263,#4264);
#2730=SURFACE_SIDE_STYLE('',(#4265));
#2731=EDGE_LOOP('',(#4266,#4267,#4268,#4269,#4270,#4271,#4272,#4273));
#2732=AXIS2_PLACEMENT_3D('',#4274,#4275,#4276);
#2733=SURFACE_SIDE_STYLE('',(#4277));
#2734=EDGE_LOOP('',(#4278,#4279,#4280,#4281,#4282));
#2735=AXIS2_PLACEMENT_3D('',#4283,#4284,#4285);
#2736=SURFACE_SIDE_STYLE('',(#4286));
#2737=EDGE_LOOP('',(#4287,#4288,#4289,#4290));
#2738=AXIS2_PLACEMENT_3D('',#4291,#4292,#4293);
#2739=SURFACE_SIDE_STYLE('',(#4294));
#2740=EDGE_LOOP('',(#4295,#4296,#4297,#4298,#4299,#4300,#4301));
#2741=AXIS2_PLACEMENT_3D('',#4302,#4303,#4304);
#2742=SURFACE_SIDE_STYLE('',(#4305));
#2743=EDGE_LOOP('',(#4306,#4307,#4308,#4309));
#2744=AXIS2_PLACEMENT_3D('',#4310,#4311,#4312);
#2745=SURFACE_SIDE_STYLE('',(#4313));
#2746=EDGE_LOOP('',(#4314,#4315,#4316,#4317,#4318));
#2747=AXIS2_PLACEMENT_3D('',#4319,#4320,#4321);
#2748=SURFACE_SIDE_STYLE('',(#4322));
#2749=EDGE_LOOP('',(#4323,#4324,#4325,#4326,#4327));
#2750=AXIS2_PLACEMENT_3D('',#4328,#4329,#4330);
#2751=SURFACE_SIDE_STYLE('',(#4331));
#2752=EDGE_LOOP('',(#4332,#4333,#4334,#4335));
#2753=AXIS2_PLACEMENT_3D('',#4336,#4337,#4338);
#2754=SURFACE_SIDE_STYLE('',(#4339));
#2755=EDGE_LOOP('',(#4340,#4341,#4342,#4343));
#2756=AXIS2_PLACEMENT_3D('',#4344,#4345,#4346);
#2757=SURFACE_SIDE_STYLE('',(#4347));
#2758=EDGE_LOOP('',(#4348,#4349,#4350,#4351));
#2759=AXIS2_PLACEMENT_3D('',#4352,#4353,#4354);
#2760=SURFACE_SIDE_STYLE('',(#4355));
#2761=EDGE_LOOP('',(#4356,#4357,#4358,#4359));
#2762=AXIS2_PLACEMENT_3D('',#4360,#4361,#4362);
#2763=SURFACE_SIDE_STYLE('',(#4363));
#2764=EDGE_LOOP('',(#4364,#4365,#4366,#4367));
#2765=AXIS2_PLACEMENT_3D('',#4368,#4369,#4370);
#2766=SURFACE_SIDE_STYLE('',(#4371));
#2767=EDGE_LOOP('',(#4372,#4373,#4374,#4375));
#2768=AXIS2_PLACEMENT_3D('',#4376,#4377,#4378);
#2769=SURFACE_SIDE_STYLE('',(#4379));
#2770=EDGE_LOOP('',(#4380,#4381,#4382,#4383));
#2771=AXIS2_PLACEMENT_3D('',#4384,#4385,#4386);
#2772=SURFACE_SIDE_STYLE('',(#4387));
#2773=EDGE_LOOP('',(#4388,#4389,#4390,#4391));
#2774=AXIS2_PLACEMENT_3D('',#4392,#4393,#4394);
#2775=SURFACE_SIDE_STYLE('',(#4395));
#2776=EDGE_LOOP('',(#4396,#4397,#4398,#4399,#4400,#4401,#4402,#4403,#4404));
#2777=AXIS2_PLACEMENT_3D('',#4405,#4406,#4407);
#2778=SURFACE_SIDE_STYLE('',(#4408));
#2779=EDGE_LOOP('',(#4409,#4410,#4411,#4412,#4413,#4414,#4415,#4416));
#2780=AXIS2_PLACEMENT_3D('',#4417,#4418,#4419);
#2781=SURFACE_SIDE_STYLE('',(#4420));
#2782=EDGE_LOOP('',(#4421,#4422,#4423,#4424,#4425,#4426,#4427,#4428));
#2783=AXIS2_PLACEMENT_3D('',#4429,#4430,#4431);
#2784=SURFACE_SIDE_STYLE('',(#4432));
#2785=EDGE_LOOP('',(#4433,#4434,#4435,#4436,#4437,#4438,#4439,#4440,#4441));
#2786=AXIS2_PLACEMENT_3D('',#4442,#4443,#4444);
#2787=SURFACE_SIDE_STYLE('',(#4445));
#2788=EDGE_LOOP('',(#4446,#4447,#4448,#4449));
#2789=AXIS2_PLACEMENT_3D('',#4450,#4451,#4452);
#2790=SURFACE_SIDE_STYLE('',(#4453));
#2791=EDGE_LOOP('',(#4454,#4455,#4456,#4457));
#2792=AXIS2_PLACEMENT_3D('',#4458,#4459,#4460);
#2793=SURFACE_SIDE_STYLE('',(#4461));
#2794=EDGE_LOOP('',(#4462,#4463,#4464,#4465));
#2795=AXIS2_PLACEMENT_3D('',#4466,#4467,#4468);
#2796=SURFACE_SIDE_STYLE('',(#4469));
#2797=EDGE_LOOP('',(#4470,#4471,#4472,#4473));
#2798=AXIS2_PLACEMENT_3D('',#4474,#4475,#4476);
#2799=SURFACE_SIDE_STYLE('',(#4477));
#2800=EDGE_LOOP('',(#4478,#4479,#4480,#4481));
#2801=AXIS2_PLACEMENT_3D('',#4482,#4483,#4484);
#2802=SURFACE_SIDE_STYLE('',(#4485));
#2803=EDGE_LOOP('',(#4486,#4487,#4488,#4489));
#2804=AXIS2_PLACEMENT_3D('',#4490,#4491,#4492);
#2805=SURFACE_SIDE_STYLE('',(#4493));
#2806=EDGE_LOOP('',(#4494,#4495,#4496,#4497));
#2807=AXIS2_PLACEMENT_3D('',#4498,#4499,#4500);
#2808=SURFACE_SIDE_STYLE('',(#4501));
#2809=EDGE_LOOP('',(#4502,#4503,#4504,#4505));
#2810=AXIS2_PLACEMENT_3D('',#4506,#4507,#4508);
#2811=SURFACE_SIDE_STYLE('',(#4509));
#2812=EDGE_LOOP('',(#4510,#4511,#4512,#4513));
#2813=AXIS2_PLACEMENT_3D('',#4514,#4515,#4516);
#2814=SURFACE_SIDE_STYLE('',(#4517));
#2815=EDGE_LOOP('',(#4518,#4519,#4520,#4521));
#2816=AXIS2_PLACEMENT_3D('',#4522,#4523,#4524);
#2817=SURFACE_SIDE_STYLE('',(#4525));
#2818=EDGE_LOOP('',(#4526,#4527,#4528,#4529));
#2819=AXIS2_PLACEMENT_3D('',#4530,#4531,#4532);
#2820=SURFACE_SIDE_STYLE('',(#4533));
#2821=EDGE_LOOP('',(#4534,#4535,#4536,#4537));
#2822=AXIS2_PLACEMENT_3D('',#4538,#4539,#4540);
#2823=SURFACE_SIDE_STYLE('',(#4541));
#2824=EDGE_LOOP('',(#4542,#4543,#4544,#4545));
#2825=AXIS2_PLACEMENT_3D('',#4546,#4547,#4548);
#2826=SURFACE_SIDE_STYLE('',(#4549));
#2827=EDGE_LOOP('',(#4550,#4551,#4552,#4553));
#2828=AXIS2_PLACEMENT_3D('',#4554,#4555,#4556);
#2829=SURFACE_SIDE_STYLE('',(#4557));
#2830=EDGE_LOOP('',(#4558,#4559,#4560,#4561));
#2831=AXIS2_PLACEMENT_3D('',#4562,#4563,#4564);
#2832=SURFACE_SIDE_STYLE('',(#4565));
#2833=EDGE_LOOP('',(#4566,#4567,#4568,#4569));
#2834=AXIS2_PLACEMENT_3D('',#4570,#4571,#4572);
#2835=SURFACE_SIDE_STYLE('',(#4573));
#2836=EDGE_LOOP('',(#4574,#4575,#4576,#4577));
#2837=AXIS2_PLACEMENT_3D('',#4578,#4579,#4580);
#2838=SURFACE_SIDE_STYLE('',(#4581));
#2839=EDGE_LOOP('',(#4582,#4583,#4584,#4585,#4586,#4587,#4588,#4589));
#2840=AXIS2_PLACEMENT_3D('',#4590,#4591,#4592);
#2841=SURFACE_SIDE_STYLE('',(#4593));
#2842=EDGE_LOOP('',(#4594,#4595,#4596,#4597,#4598,#4599));
#2843=AXIS2_PLACEMENT_3D('',#4600,#4601,#4602);
#2844=SURFACE_SIDE_STYLE('',(#4603));
#2845=EDGE_LOOP('',(#4604,#4605,#4606,#4607,#4608,#4609));
#2846=AXIS2_PLACEMENT_3D('',#4610,#4611,#4612);
#2847=SURFACE_SIDE_STYLE('',(#4613));
#2848=EDGE_LOOP('',(#4614,#4615,#4616,#4617));
#2849=AXIS2_PLACEMENT_3D('',#4618,#4619,#4620);
#2850=SURFACE_SIDE_STYLE('',(#4621));
#2851=EDGE_LOOP('',(#4622,#4623,#4624,#4625));
#2852=AXIS2_PLACEMENT_3D('',#4626,#4627,#4628);
#2853=SURFACE_SIDE_STYLE('',(#4629));
#2854=EDGE_LOOP('',(#4630,#4631,#4632,#4633));
#2855=AXIS2_PLACEMENT_3D('',#4634,#4635,#4636);
#2856=SURFACE_SIDE_STYLE('',(#4637));
#2857=EDGE_LOOP('',(#4638,#4639,#4640,#4641));
#2858=AXIS2_PLACEMENT_3D('',#4642,#4643,#4644);
#2859=SURFACE_SIDE_STYLE('',(#4645));
#2860=EDGE_LOOP('',(#4646,#4647,#4648,#4649,#4650));
#2861=AXIS2_PLACEMENT_3D('',#4651,#4652,#4653);
#2862=SURFACE_SIDE_STYLE('',(#4654));
#2863=EDGE_LOOP('',(#4655,#4656,#4657,#4658,#4659));
#2864=AXIS2_PLACEMENT_3D('',#4660,#4661,#4662);
#2865=SURFACE_SIDE_STYLE('',(#4663));
#2866=EDGE_LOOP('',(#4664,#4665,#4666,#4667));
#2867=AXIS2_PLACEMENT_3D('',#4668,#4669,#4670);
#2868=SURFACE_SIDE_STYLE('',(#4671));
#2869=EDGE_LOOP('',(#4672,#4673,#4674,#4675,#4676,#4677,#4678,#4679,#4680,#4681));
#2870=AXIS2_PLACEMENT_3D('',#4682,#4683,#4684);
#2871=SURFACE_SIDE_STYLE('',(#4685));
#2872=EDGE_LOOP('',(#4686,#4687,#4688,#4689,#4690,#4691,#4692,#4693,#4694,#4695));
#2873=AXIS2_PLACEMENT_3D('',#4696,#4697,#4698);
#2874=SURFACE_SIDE_STYLE('',(#4699));
#2875=EDGE_LOOP('',(#4700,#4701,#4702,#4703,#4704,#4705,#4706,#4707,#4708,#4709));
#2876=AXIS2_PLACEMENT_3D('',#4710,#4711,#4712);
#2877=SURFACE_SIDE_STYLE('',(#4713));
#2878=EDGE_LOOP('',(#4714,#4715,#4716,#4717));
#2879=AXIS2_PLACEMENT_3D('',#4718,#4719,#4720);
#2880=SURFACE_SIDE_STYLE('',(#4721));
#2881=EDGE_LOOP('',(#4722,#4723,#4724,#4725));
#2882=AXIS2_PLACEMENT_3D('',#4726,#4727,#4728);
#2883=SURFACE_SIDE_STYLE('',(#4729));
#2884=EDGE_LOOP('',(#4730,#4731,#4732,#4733));
#2885=AXIS2_PLACEMENT_3D('',#4734,#4735,#4736);
#2886=SURFACE_SIDE_STYLE('',(#4737));
#2887=EDGE_LOOP('',(#4738,#4739,#4740,#4741));
#2888=AXIS2_PLACEMENT_3D('',#4742,#4743,#4744);
#2889=SURFACE_SIDE_STYLE('',(#4745));
#2890=EDGE_LOOP('',(#4746,#4747,#4748,#4749));
#2891=AXIS2_PLACEMENT_3D('',#4750,#4751,#4752);
#2892=SURFACE_SIDE_STYLE('',(#4753));
#2893=EDGE_LOOP('',(#4754,#4755,#4756,#4757));
#2894=AXIS2_PLACEMENT_3D('',#4758,#4759,#4760);
#2895=SURFACE_SIDE_STYLE('',(#4761));
#2896=EDGE_LOOP('',(#4762,#4763,#4764,#4765));
#2897=AXIS2_PLACEMENT_3D('',#4766,#4767,#4768);
#2898=SURFACE_SIDE_STYLE('',(#4769));
#2899=EDGE_LOOP('',(#4770,#4771,#4772,#4773));
#2900=AXIS2_PLACEMENT_3D('',#4774,#4775,#4776);
#2901=SURFACE_SIDE_STYLE('',(#4777));
#2902=EDGE_LOOP('',(#4778,#4779,#4780,#4781));
#2903=AXIS2_PLACEMENT_3D('',#4782,#4783,#4784);
#2904=SURFACE_SIDE_STYLE('',(#4785));
#2905=EDGE_LOOP('',(#4786,#4787,#4788,#4789));
#2906=AXIS2_PLACEMENT_3D('',#4790,#4791,#4792);
#2907=SURFACE_SIDE_STYLE('',(#4793));
#2908=EDGE_LOOP('',(#4794,#4795,#4796,#4797));
#2909=AXIS2_PLACEMENT_3D('',#4798,#4799,#4800);
#2910=SURFACE_SIDE_STYLE('',(#4801));
#2911=EDGE_LOOP('',(#4802,#4803,#4804,#4805));
#2912=AXIS2_PLACEMENT_3D('',#4806,#4807,#4808);
#2913=SURFACE_SIDE_STYLE('',(#4809));
#2914=EDGE_LOOP('',(#4810,#4811,#4812,#4813,#4814,#4815,#4816,#4817));
#2915=AXIS2_PLACEMENT_3D('',#4818,#4819,#4820);
#2916=SURFACE_SIDE_STYLE('',(#4821));
#2917=EDGE_LOOP('',(#4822,#4823,#4824,#4825,#4826));
#2918=AXIS2_PLACEMENT_3D('',#4827,#4828,#4829);
#2919=SURFACE_SIDE_STYLE('',(#4830));
#2920=EDGE_LOOP('',(#4831,#4832,#4833,#4834));
#2921=AXIS2_PLACEMENT_3D('',#4835,#4836,#4837);
#2922=SURFACE_SIDE_STYLE('',(#4838));
#2923=EDGE_LOOP('',(#4839,#4840,#4841,#4842));
#2924=AXIS2_PLACEMENT_3D('',#4843,#4844,#4845);
#2925=SURFACE_SIDE_STYLE('',(#4846));
#2926=EDGE_LOOP('',(#4847,#4848,#4849,#4850,#4851,#4852,#4853));
#2927=AXIS2_PLACEMENT_3D('',#4854,#4855,#4856);
#2928=SURFACE_SIDE_STYLE('',(#4857));
#2929=EDGE_LOOP('',(#4858,#4859,#4860,#4861,#4862));
#2930=AXIS2_PLACEMENT_3D('',#4863,#4864,#4865);
#2931=SURFACE_SIDE_STYLE('',(#4866));
#2932=EDGE_LOOP('',(#4867,#4868,#4869,#4870,#4871,#4872,#4873,#4874,#4875,#4876,#4877));
#2933=AXIS2_PLACEMENT_3D('',#4878,#4879,#4880);
#2934=SURFACE_SIDE_STYLE('',(#4881));
#2935=EDGE_LOOP('',(#4882,#4883,#4884,#4885,#4886,#4887));
#2936=AXIS2_PLACEMENT_3D('',#4888,#4889,#4890);
#2937=SURFACE_SIDE_STYLE('',(#4891));
#2938=EDGE_LOOP('',(#4892,#4893,#4894,#4895,#4896));
#2939=AXIS2_PLACEMENT_3D('',#4897,#4898,#4899);
#2940=SURFACE_SIDE_STYLE('',(#4900));
#2941=EDGE_LOOP('',(#4901,#4902,#4903,#4904,#4905,#4906));
#2942=AXIS2_PLACEMENT_3D('',#4907,#4908,#4909);
#2943=SURFACE_SIDE_STYLE('',(#4910));
#2944=EDGE_LOOP('',(#4911,#4912,#4913,#4914));
#2945=AXIS2_PLACEMENT_3D('',#4915,#4916,#4917);
#2946=SURFACE_SIDE_STYLE('',(#4918));
#2947=EDGE_LOOP('',(#4919,#4920,#4921,#4922));
#2948=AXIS2_PLACEMENT_3D('',#4923,#4924,#4925);
#2949=SURFACE_SIDE_STYLE('',(#4926));
#2950=EDGE_LOOP('',(#4927,#4928,#4929,#4930));
#2951=AXIS2_PLACEMENT_3D('',#4931,#4932,#4933);
#2952=SURFACE_SIDE_STYLE('',(#4934));
#2953=EDGE_LOOP('',(#4935,#4936,#4937,#4938));
#2954=AXIS2_PLACEMENT_3D('',#4939,#4940,#4941);
#2955=SURFACE_SIDE_STYLE('',(#4942));
#2956=EDGE_LOOP('',(#4943,#4944,#4945,#4946));
#2957=AXIS2_PLACEMENT_3D('',#4947,#4948,#4949);
#2958=SURFACE_SIDE_STYLE('',(#4950));
#2959=EDGE_LOOP('',(#4951,#4952,#4953,#4954));
#2960=AXIS2_PLACEMENT_3D('',#4955,#4956,#4957);
#2961=SURFACE_SIDE_STYLE('',(#4958));
#2962=EDGE_LOOP('',(#4959,#4960,#4961,#4962));
#2963=AXIS2_PLACEMENT_3D('',#4963,#4964,#4965);
#2964=SURFACE_SIDE_STYLE('',(#4966));
#2965=EDGE_LOOP('',(#4967,#4968,#4969,#4970));
#2966=AXIS2_PLACEMENT_3D('',#4971,#4972,#4973);
#2967=SURFACE_SIDE_STYLE('',(#4974));
#2968=EDGE_LOOP('',(#4975,#4976,#4977,#4978,#4979));
#2969=AXIS2_PLACEMENT_3D('',#4980,#4981,#4982);
#2970=SURFACE_SIDE_STYLE('',(#4983));
#2971=EDGE_LOOP('',(#4984,#4985,#4986,#4987,#4988,#4989));
#2972=AXIS2_PLACEMENT_3D('',#4990,#4991,#4992);
#2973=SURFACE_SIDE_STYLE('',(#4993));
#2974=EDGE_LOOP('',(#4994,#4995,#4996,#4997));
#2975=AXIS2_PLACEMENT_3D('',#4998,#4999,#5000);
#2976=SURFACE_SIDE_STYLE('',(#5001));
#2977=EDGE_LOOP('',(#5002,#5003,#5004,#5005));
#2978=AXIS2_PLACEMENT_3D('',#5006,#5007,#5008);
#2979=SURFACE_SIDE_STYLE('',(#5009));
#2980=EDGE_LOOP('',(#5010,#5011,#5012,#5013,#5014));
#2981=AXIS2_PLACEMENT_3D('',#5015,#5016,#5017);
#2982=SURFACE_SIDE_STYLE('',(#5018));
#2983=EDGE_LOOP('',(#5019,#5020,#5021,#5022));
#2984=AXIS2_PLACEMENT_3D('',#5023,#5024,#5025);
#2985=SURFACE_SIDE_STYLE('',(#5026));
#2986=EDGE_LOOP('',(#5027,#5028,#5029,#5030,#5031,#5032));
#2987=AXIS2_PLACEMENT_3D('',#5033,#5034,#5035);
#2988=SURFACE_SIDE_STYLE('',(#5036));
#2989=EDGE_LOOP('',(#5037,#5038,#5039,#5040,#5041));
#2990=AXIS2_PLACEMENT_3D('',#5042,#5043,#5044);
#2991=SURFACE_SIDE_STYLE('',(#5045));
#2992=EDGE_LOOP('',(#5046,#5047,#5048,#5049));
#2993=AXIS2_PLACEMENT_3D('',#5050,#5051,#5052);
#2994=SURFACE_SIDE_STYLE('',(#5053));
#2995=EDGE_LOOP('',(#5054,#5055,#5056,#5057));
#2996=AXIS2_PLACEMENT_3D('',#5058,#5059,#5060);
#2997=SURFACE_SIDE_STYLE('',(#5061));
#2998=EDGE_LOOP('',(#5062,#5063,#5064,#5065));
#2999=AXIS2_PLACEMENT_3D('',#5066,#5067,#5068);
#3000=SURFACE_SIDE_STYLE('',(#5069));
#3001=EDGE_LOOP('',(#5070,#5071,#5072,#5073));
#3002=AXIS2_PLACEMENT_3D('',#5074,#5075,#5076);
#3003=SURFACE_SIDE_STYLE('',(#5077));
#3004=EDGE_LOOP('',(#5078,#5079,#5080,#5081));
#3005=AXIS2_PLACEMENT_3D('',#5082,#5083,#5084);
#3006=SURFACE_SIDE_STYLE('',(#5085));
#3007=EDGE_LOOP('',(#5086,#5087,#5088,#5089));
#3008=AXIS2_PLACEMENT_3D('',#5090,#5091,#5092);
#3009=SURFACE_SIDE_STYLE('',(#5093));
#3010=EDGE_LOOP('',(#5094,#5095,#5096,#5097));
#3011=AXIS2_PLACEMENT_3D('',#5098,#5099,#5100);
#3012=SURFACE_SIDE_STYLE('',(#5101));
#3013=EDGE_LOOP('',(#5102,#5103,#5104,#5105));
#3014=AXIS2_PLACEMENT_3D('',#5106,#5107,#5108);
#3015=SURFACE_SIDE_STYLE('',(#5109));
#3016=EDGE_LOOP('',(#5110,#5111,#5112,#5113,#5114,#5115,#5116,#5117,#5118,#5119,#5120,#5121,#5122,#5123,#5124,#5125,#5126,#5127,#5128,#5129,#5130,#5131,#5132,#5133,#5134,#5135,#5136));
#3017=AXIS2_PLACEMENT_3D('',#5137,#5138,#5139);
#3018=SURFACE_SIDE_STYLE('',(#5140));
#3019=EDGE_LOOP('',(#5141,#5142,#5143,#5144));
#3020=AXIS2_PLACEMENT_3D('',#5145,#5146,#5147);
#3021=SURFACE_SIDE_STYLE('',(#5148));
#3022=EDGE_LOOP('',(#5149,#5150,#5151,#5152));
#3023=AXIS2_PLACEMENT_3D('',#5153,#5154,#5155);
#3024=SURFACE_SIDE_STYLE('',(#5156));
#3025=EDGE_LOOP('',(#5157,#5158,#5159,#5160,#5161,#5162));
#3026=AXIS2_PLACEMENT_3D('',#5163,#5164,#5165);
#3027=SURFACE_SIDE_STYLE('',(#5166));
#3028=EDGE_LOOP('',(#5167,#5168,#5169,#5170));
#3029=AXIS2_PLACEMENT_3D('',#5171,#5172,#5173);
#3030=SURFACE_SIDE_STYLE('',(#5174));
#3031=EDGE_LOOP('',(#5175,#5176,#5177,#5178));
#3032=AXIS2_PLACEMENT_3D('',#5179,#5180,#5181);
#3033=SURFACE_SIDE_STYLE('',(#5182));
#3034=EDGE_LOOP('',(#5183,#5184,#5185,#5186,#5187,#5188));
#3035=AXIS2_PLACEMENT_3D('',#5189,#5190,#5191);
#3036=SURFACE_SIDE_STYLE('',(#5192));
#3037=EDGE_LOOP('',(#5193,#5194,#5195,#5196));
#3038=AXIS2_PLACEMENT_3D('',#5197,#5198,#5199);
#3039=SURFACE_SIDE_STYLE('',(#5200));
#3040=EDGE_LOOP('',(#5201,#5202,#5203,#5204));
#3041=AXIS2_PLACEMENT_3D('',#5205,#5206,#5207);
#3042=SURFACE_SIDE_STYLE('',(#5208));
#3043=EDGE_LOOP('',(#5209,#5210,#5211,#5212));
#3044=AXIS2_PLACEMENT_3D('',#5213,#5214,#5215);
#3045=SURFACE_SIDE_STYLE('',(#5216));
#3046=EDGE_LOOP('',(#5217,#5218,#5219,#5220,#5221,#5222,#5223,#5224));
#3047=AXIS2_PLACEMENT_3D('',#5225,#5226,#5227);
#3048=SURFACE_SIDE_STYLE('',(#5228));
#3049=EDGE_LOOP('',(#5229,#5230,#5231,#5232,#5233,#5234,#5235,#5236));
#3050=AXIS2_PLACEMENT_3D('',#5237,#5238,#5239);
#3051=SURFACE_SIDE_STYLE('',(#5240));
#3052=EDGE_LOOP('',(#5241,#5242,#5243,#5244));
#3053=AXIS2_PLACEMENT_3D('',#5245,#5246,#5247);
#3054=SURFACE_SIDE_STYLE('',(#5248));
#3055=EDGE_LOOP('',(#5249,#5250,#5251,#5252));
#3056=AXIS2_PLACEMENT_3D('',#5253,#5254,#5255);
#3057=SURFACE_SIDE_STYLE('',(#5256));
#3058=EDGE_LOOP('',(#5257,#5258,#5259,#5260));
#3059=AXIS2_PLACEMENT_3D('',#5261,#5262,#5263);
#3060=SURFACE_SIDE_STYLE('',(#5264));
#3061=EDGE_LOOP('',(#5265,#5266,#5267,#5268,#5269,#5270,#5271,#5272));
#3062=AXIS2_PLACEMENT_3D('',#5273,#5274,#5275);
#3063=SURFACE_SIDE_STYLE('',(#5276));
#3064=EDGE_LOOP('',(#5277,#5278,#5279,#5280,#5281,#5282,#5283,#5284,#5285));
#3065=AXIS2_PLACEMENT_3D('',#5286,#5287,#5288);
#3066=SURFACE_SIDE_STYLE('',(#5289));
#3067=EDGE_LOOP('',(#5290,#5291,#5292,#5293));
#3068=AXIS2_PLACEMENT_3D('',#5294,#5295,#5296);
#3069=SURFACE_SIDE_STYLE('',(#5297));
#3070=EDGE_LOOP('',(#5298,#5299,#5300,#5301));
#3071=AXIS2_PLACEMENT_3D('',#5302,#5303,#5304);
#3072=SURFACE_SIDE_STYLE('',(#5305));
#3073=EDGE_LOOP('',(#5306,#5307,#5308,#5309,#5310,#5311,#5312,#5313,#5314));
#3074=AXIS2_PLACEMENT_3D('',#5315,#5316,#5317);
#3075=SURFACE_SIDE_STYLE('',(#5318));
#3076=EDGE_LOOP('',(#5319,#5320,#5321,#5322));
#3077=AXIS2_PLACEMENT_3D('',#5323,#5324,#5325);
#3078=SURFACE_SIDE_STYLE('',(#5326));
#3079=EDGE_LOOP('',(#5327,#5328,#5329,#5330,#5331,#5332));
#3080=AXIS2_PLACEMENT_3D('',#5333,#5334,#5335);
#3081=SURFACE_SIDE_STYLE('',(#5336));
#3082=EDGE_LOOP('',(#5337,#5338,#5339,#5340));
#3083=AXIS2_PLACEMENT_3D('',#5341,#5342,#5343);
#3084=SURFACE_SIDE_STYLE('',(#5344));
#3085=EDGE_LOOP('',(#5345,#5346,#5347,#5348));
#3086=AXIS2_PLACEMENT_3D('',#5349,#5350,#5351);
#3087=SURFACE_SIDE_STYLE('',(#5352));
#3088=EDGE_LOOP('',(#5353,#5354,#5355,#5356,#5357));
#3089=AXIS2_PLACEMENT_3D('',#5358,#5359,#5360);
#3090=SURFACE_SIDE_STYLE('',(#5361));
#3091=EDGE_LOOP('',(#5362,#5363,#5364,#5365));
#3092=AXIS2_PLACEMENT_3D('',#5366,#5367,#5368);
#3093=SURFACE_SIDE_STYLE('',(#5369));
#3094=EDGE_LOOP('',(#5370,#5371,#5372,#5373,#5374,#5375));
#3095=AXIS2_PLACEMENT_3D('',#5376,#5377,#5378);
#3096=SURFACE_SIDE_STYLE('',(#5379));
#3097=EDGE_LOOP('',(#5380,#5381,#5382,#5383,#5384,#5385,#5386,#5387,#5388,#5389,#5390,#5391,#5392,#5393,#5394,#5395,#5396,#5397,#5398,#5399,#5400,#5401,#5402,#5403,#5404,#5405,#5406,#5407,#5408,#5409));
#3098=AXIS2_PLACEMENT_3D('',#5410,#5411,#5412);
#3099=SURFACE_SIDE_STYLE('',(#5413));
#3100=EDGE_LOOP('',(#5414,#5415,#5416,#5417));
#3101=AXIS2_PLACEMENT_3D('',#5418,#5419,#5420);
#3102=SURFACE_SIDE_STYLE('',(#5421));
#3103=EDGE_LOOP('',(#5422,#5423,#5424,#5425));
#3104=AXIS2_PLACEMENT_3D('',#5426,#5427,#5428);
#3105=SURFACE_SIDE_STYLE('',(#5429));
#3106=EDGE_LOOP('',(#5430,#5431,#5432,#5433,#5434,#5435,#5436));
#3107=AXIS2_PLACEMENT_3D('',#5437,#5438,#5439);
#3108=SURFACE_SIDE_STYLE('',(#5440));
#3109=EDGE_LOOP('',(#5441,#5442,#5443,#5444,#5445,#5446));
#3110=AXIS2_PLACEMENT_3D('',#5447,#5448,#5449);
#3111=SURFACE_SIDE_STYLE('',(#5450));
#3112=EDGE_LOOP('',(#5451,#5452,#5453,#5454));
#3113=AXIS2_PLACEMENT_3D('',#5455,#5456,#5457);
#3114=SURFACE_SIDE_STYLE('',(#5458));
#3115=EDGE_LOOP('',(#5459,#5460,#5461,#5462));
#3116=AXIS2_PLACEMENT_3D('',#5463,#5464,#5465);
#3117=SURFACE_SIDE_STYLE('',(#5466));
#3118=EDGE_LOOP('',(#5467,#5468,#5469,#5470));
#3119=AXIS2_PLACEMENT_3D('',#5471,#5472,#5473);
#3120=SURFACE_SIDE_STYLE('',(#5474));
#3121=EDGE_LOOP('',(#5475,#5476,#5477,#5478,#5479,#5480));
#3122=AXIS2_PLACEMENT_3D('',#5481,#5482,#5483);
#3123=SURFACE_SIDE_STYLE('',(#5484));
#3124=EDGE_LOOP('',(#5485,#5486,#5487,#5488,#5489,#5490));
#3125=AXIS2_PLACEMENT_3D('',#5491,#5492,#5493);
#3126=SURFACE_SIDE_STYLE('',(#5494));
#3127=EDGE_LOOP('',(#5495,#5496,#5497,#5498));
#3128=AXIS2_PLACEMENT_3D('',#5499,#5500,#5501);
#3129=SURFACE_SIDE_STYLE('',(#5502));
#3130=EDGE_LOOP('',(#5503,#5504,#5505,#5506));
#3131=AXIS2_PLACEMENT_3D('',#5507,#5508,#5509);
#3132=SURFACE_SIDE_STYLE('',(#5510));
#3133=EDGE_LOOP('',(#5511,#5512,#5513,#5514));
#3134=AXIS2_PLACEMENT_3D('',#5515,#5516,#5517);
#3135=SURFACE_SIDE_STYLE('',(#5518));
#3136=EDGE_LOOP('',(#5519,#5520,#5521,#5522));
#3137=AXIS2_PLACEMENT_3D('',#5523,#5524,#5525);
#3138=SURFACE_SIDE_STYLE('',(#5526));
#3139=EDGE_LOOP('',(#5527,#5528,#5529,#5530,#5531,#5532,#5533,#5534,#5535));
#3140=AXIS2_PLACEMENT_3D('',#5536,#5537,#5538);
#3141=SURFACE_SIDE_STYLE('',(#5539));
#3142=EDGE_LOOP('',(#5540,#5541,#5542,#5543,#5544));
#3143=AXIS2_PLACEMENT_3D('',#5545,#5546,#5547);
#3144=SURFACE_SIDE_STYLE('',(#5548));
#3145=EDGE_LOOP('',(#5549,#5550,#5551,#5552,#5553));
#3146=AXIS2_PLACEMENT_3D('',#5554,#5555,#5556);
#3147=SURFACE_SIDE_STYLE('',(#5557));
#3148=EDGE_LOOP('',(#5558,#5559,#5560,#5561,#5562));
#3149=AXIS2_PLACEMENT_3D('',#5563,#5564,#5565);
#3150=SURFACE_SIDE_STYLE('',(#5566));
#3151=EDGE_LOOP('',(#5567,#5568,#5569,#5570,#5571,#5572,#5573));
#3152=AXIS2_PLACEMENT_3D('',#5574,#5575,#5576);
#3153=SURFACE_SIDE_STYLE('',(#5577));
#3154=EDGE_LOOP('',(#5578,#5579,#5580,#5581));
#3155=AXIS2_PLACEMENT_3D('',#5582,#5583,#5584);
#3156=SURFACE_SIDE_STYLE('',(#5585));
#3157=EDGE_LOOP('',(#5586,#5587,#5588,#5589,#5590));
#3158=AXIS2_PLACEMENT_3D('',#5591,#5592,#5593);
#3159=SURFACE_SIDE_STYLE('',(#5594));
#3160=EDGE_LOOP('',(#5595,#5596,#5597,#5598));
#3161=AXIS2_PLACEMENT_3D('',#5599,#5600,#5601);
#3162=SURFACE_SIDE_STYLE('',(#5602));
#3163=EDGE_LOOP('',(#5603,#5604,#5605,#5606,#5607,#5608,#5609,#5610,#5611));
#3164=AXIS2_PLACEMENT_3D('',#5612,#5613,#5614);
#3165=SURFACE_SIDE_STYLE('',(#5615));
#3166=EDGE_LOOP('',(#5616,#5617,#5618,#5619));
#3167=AXIS2_PLACEMENT_3D('',#5620,#5621,#5622);
#3168=SURFACE_SIDE_STYLE('',(#5623));
#3169=EDGE_LOOP('',(#5624,#5625,#5626,#5627,#5628,#5629));
#3170=AXIS2_PLACEMENT_3D('',#5630,#5631,#5632);
#3171=SURFACE_SIDE_STYLE('',(#5633));
#3172=EDGE_LOOP('',(#5634,#5635,#5636,#5637,#5638));
#3173=AXIS2_PLACEMENT_3D('',#5639,#5640,#5641);
#3174=SURFACE_SIDE_STYLE('',(#5642));
#3175=EDGE_LOOP('',(#5643,#5644,#5645,#5646,#5647,#5648));
#3176=AXIS2_PLACEMENT_3D('',#5649,#5650,#5651);
#3177=SURFACE_SIDE_STYLE('',(#5652));
#3178=EDGE_LOOP('',(#5653,#5654,#5655,#5656));
#3179=AXIS2_PLACEMENT_3D('',#5657,#5658,#5659);
#3180=SURFACE_SIDE_STYLE('',(#5660));
#3181=EDGE_LOOP('',(#5661,#5662,#5663,#5664));
#3182=AXIS2_PLACEMENT_3D('',#5665,#5666,#5667);
#3183=SURFACE_SIDE_STYLE('',(#5668));
#3184=EDGE_LOOP('',(#5669,#5670,#5671,#5672));
#3185=AXIS2_PLACEMENT_3D('',#5673,#5674,#5675);
#3186=SURFACE_SIDE_STYLE('',(#5676));
#3187=EDGE_LOOP('',(#5677,#5678,#5679,#5680,#5681,#5682));
#3188=AXIS2_PLACEMENT_3D('',#5683,#5684,#5685);
#3189=SURFACE_SIDE_STYLE('',(#5686));
#3190=EDGE_LOOP('',(#5687,#5688,#5689,#5690,#5691));
#3191=AXIS2_PLACEMENT_3D('',#5692,#5693,#5694);
#3192=SURFACE_SIDE_STYLE('',(#5695));
#3193=EDGE_LOOP('',(#5696,#5697,#5698,#5699,#5700,#5701,#5702,#5703,#5704,#5705));
#3194=AXIS2_PLACEMENT_3D('',#5706,#5707,#5708);
#3195=SURFACE_SIDE_STYLE('',(#5709));
#3196=EDGE_LOOP('',(#5710,#5711,#5712,#5713));
#3197=AXIS2_PLACEMENT_3D('',#5714,#5715,#5716);
#3198=SURFACE_SIDE_STYLE('',(#5717));
#3199=EDGE_LOOP('',(#5718,#5719,#5720,#5721));
#3200=AXIS2_PLACEMENT_3D('',#5722,#5723,#5724);
#3201=SURFACE_SIDE_STYLE('',(#5725));
#3202=EDGE_LOOP('',(#5726,#5727,#5728,#5729,#5730,#5731,#5732,#5733));
#3203=AXIS2_PLACEMENT_3D('',#5734,#5735,#5736);
#3204=SURFACE_SIDE_STYLE('',(#5737));
#3205=EDGE_LOOP('',(#5738,#5739,#5740,#5741,#5742));
#3206=AXIS2_PLACEMENT_3D('',#5743,#5744,#5745);
#3207=SURFACE_SIDE_STYLE('',(#5746));
#3208=EDGE_LOOP('',(#5747,#5748,#5749,#5750,#5751,#5752,#5753,#5754,#5755,#5756,#5757,#5758));
#3209=AXIS2_PLACEMENT_3D('',#5759,#5760,#5761);
#3210=SURFACE_SIDE_STYLE('',(#5762));
#3211=EDGE_LOOP('',(#5763,#5764,#5765,#5766));
#3212=AXIS2_PLACEMENT_3D('',#5767,#5768,#5769);
#3213=SURFACE_SIDE_STYLE('',(#5770));
#3214=EDGE_LOOP('',(#5771,#5772,#5773,#5774,#5775));
#3215=AXIS2_PLACEMENT_3D('',#5776,#5777,#5778);
#3216=SURFACE_SIDE_STYLE('',(#5779));
#3217=EDGE_LOOP('',(#5780,#5781,#5782,#5783));
#3218=AXIS2_PLACEMENT_3D('',#5784,#5785,#5786);
#3219=SURFACE_SIDE_STYLE('',(#5787));
#3220=EDGE_LOOP('',(#5788,#5789,#5790,#5791));
#3221=AXIS2_PLACEMENT_3D('',#5792,#5793,#5794);
#3222=SURFACE_SIDE_STYLE('',(#5795));
#3223=EDGE_LOOP('',(#5796,#5797,#5798,#5799));
#3224=AXIS2_PLACEMENT_3D('',#5800,#5801,#5802);
#3225=SURFACE_SIDE_STYLE('',(#5803));
#3226=EDGE_LOOP('',(#5804,#5805,#5806,#5807));
#3227=AXIS2_PLACEMENT_3D('',#5808,#5809,#5810);
#3228=SURFACE_SIDE_STYLE('',(#5811));
#3229=EDGE_LOOP('',(#5812,#5813,#5814,#5815,#5816,#5817));
#3230=AXIS2_PLACEMENT_3D('',#5818,#5819,#5820);
#3231=SURFACE_SIDE_STYLE('',(#5821));
#3232=EDGE_LOOP('',(#5822,#5823,#5824,#5825));
#3233=AXIS2_PLACEMENT_3D('',#5826,#5827,#5828);
#3234=SURFACE_SIDE_STYLE('',(#5829));
#3235=EDGE_LOOP('',(#5830,#5831,#5832,#5833));
#3236=AXIS2_PLACEMENT_3D('',#5834,#5835,#5836);
#3237=SURFACE_SIDE_STYLE('',(#5837));
#3238=EDGE_LOOP('',(#5838,#5839,#5840,#5841,#5842));
#3239=AXIS2_PLACEMENT_3D('',#5843,#5844,#5845);
#3240=SURFACE_SIDE_STYLE('',(#5846));
#3241=EDGE_LOOP('',(#5847,#5848,#5849,#5850,#5851,#5852));
#3242=AXIS2_PLACEMENT_3D('',#5853,#5854,#5855);
#3243=SURFACE_SIDE_STYLE('',(#5856));
#3244=EDGE_LOOP('',(#5857,#5858,#5859,#5860,#5861,#5862,#5863));
#3245=AXIS2_PLACEMENT_3D('',#5864,#5865,#5866);
#3246=SURFACE_SIDE_STYLE('',(#5867));
#3247=EDGE_LOOP('',(#5868,#5869,#5870,#5871,#5872));
#3248=AXIS2_PLACEMENT_3D('',#5873,#5874,#5875);
#3249=SURFACE_SIDE_STYLE('',(#5876));
#3250=EDGE_LOOP('',(#5877,#5878,#5879,#5880));
#3251=AXIS2_PLACEMENT_3D('',#5881,#5882,#5883);
#3252=SURFACE_SIDE_STYLE('',(#5884));
#3253=EDGE_LOOP('',(#5885,#5886,#5887,#5888));
#3254=AXIS2_PLACEMENT_3D('',#5889,#5890,#5891);
#3255=SURFACE_SIDE_STYLE('',(#5892));
#3256=EDGE_LOOP('',(#5893,#5894,#5895,#5896,#5897));
#3257=AXIS2_PLACEMENT_3D('',#5898,#5899,#5900);
#3258=SURFACE_SIDE_STYLE('',(#5901));
#3259=EDGE_LOOP('',(#5902,#5903,#5904,#5905,#5906,#5907));
#3260=AXIS2_PLACEMENT_3D('',#5908,#5909,#5910);
#3261=SURFACE_SIDE_STYLE('',(#5911));
#3262=EDGE_LOOP('',(#5912,#5913,#5914,#5915));
#3263=AXIS2_PLACEMENT_3D('',#5916,#5917,#5918);
#3264=SURFACE_SIDE_STYLE('',(#5919));
#3265=EDGE_LOOP('',(#5920,#5921,#5922,#5923));
#3266=AXIS2_PLACEMENT_3D('',#5924,#5925,#5926);
#3267=SURFACE_SIDE_STYLE('',(#5927));
#3268=EDGE_LOOP('',(#5928,#5929,#5930,#5931));
#3269=AXIS2_PLACEMENT_3D('',#5932,#5933,#5934);
#3270=SURFACE_SIDE_STYLE('',(#5935));
#3271=EDGE_LOOP('',(#5936,#5937,#5938,#5939));
#3272=AXIS2_PLACEMENT_3D('',#5940,#5941,#5942);
#3273=SURFACE_SIDE_STYLE('',(#5943));
#3274=EDGE_LOOP('',(#5944,#5945,#5946,#5947));
#3275=AXIS2_PLACEMENT_3D('',#5948,#5949,#5950);
#3276=SURFACE_SIDE_STYLE('',(#5951));
#3277=EDGE_LOOP('',(#5952,#5953,#5954,#5955,#5956,#5957,#5958,#5959,#5960,#5961));
#3278=AXIS2_PLACEMENT_3D('',#5962,#5963,#5964);
#3279=SURFACE_SIDE_STYLE('',(#5965));
#3280=EDGE_LOOP('',(#5966,#5967,#5968,#5969,#5970,#5971,#5972,#5973,#5974,#5975,#5976,#5977,#5978,#5979,#5980,#5981,#5982,#5983,#5984,#5985,#5986,#5987,#5988,#5989,#5990,#5991,#5992,#5993,#5994,#5995));
#3281=AXIS2_PLACEMENT_3D('',#5996,#5997,#5998);
#3282=SURFACE_SIDE_STYLE('',(#5999));
#3283=EDGE_LOOP('',(#6000,#6001,#6002,#6003));
#3284=AXIS2_PLACEMENT_3D('',#6004,#6005,#6006);
#3285=SURFACE_SIDE_STYLE('',(#6007));
#3286=EDGE_LOOP('',(#6008,#6009,#6010,#6011));
#3287=AXIS2_PLACEMENT_3D('',#6012,#6013,#6014);
#3288=SURFACE_SIDE_STYLE('',(#6015));
#3289=EDGE_LOOP('',(#6016,#6017,#6018,#6019));
#3290=AXIS2_PLACEMENT_3D('',#6020,#6021,#6022);
#3291=SURFACE_SIDE_STYLE('',(#6023));
#3292=EDGE_LOOP('',(#6024,#6025,#6026,#6027,#6028,#6029,#6030,#6031));
#3293=AXIS2_PLACEMENT_3D('',#6032,#6033,#6034);
#3294=SURFACE_SIDE_STYLE('',(#6035));
#3295=EDGE_LOOP('',(#6036,#6037,#6038,#6039,#6040,#6041));
#3296=EDGE_LOOP('',(#6042,#6043,#6044,#6045,#6046,#6047,#6048,#6049,#6050,#6051,#6052,#6053,#6054,#6055,#6056,#6057,#6058,#6059,#6060,#6061,#6062,#6063));
#3297=EDGE_LOOP('',(#6064,#6065,#6066,#6067,#6068,#6069,#6070,#6071,#6072,#6073,#6074,#6075,#6076,#6077,#6078,#6079,#6080,#6081,#6082,#6083,#6084,#6085));
#3298=EDGE_LOOP('',(#6086,#6087,#6088,#6089,#6090,#6091,#6092,#6093,#6094,#6095,#6096,#6097,#6098,#6099,#6100,#6101));
#3299=AXIS2_PLACEMENT_3D('',#6102,#6103,#6104);
#3300=SURFACE_SIDE_STYLE('',(#6105));
#3301=EDGE_LOOP('',(#6106,#6107,#6108,#6109));
#3302=AXIS2_PLACEMENT_3D('',#6110,#6111,#6112);
#3303=SURFACE_SIDE_STYLE('',(#6113));
#3304=EDGE_LOOP('',(#6114,#6115,#6116,#6117));
#3305=AXIS2_PLACEMENT_3D('',#6118,#6119,#6120);
#3306=SURFACE_SIDE_STYLE('',(#6121));
#3307=EDGE_LOOP('',(#6122,#6123,#6124,#6125));
#3308=AXIS2_PLACEMENT_3D('',#6126,#6127,#6128);
#3309=SURFACE_SIDE_STYLE('',(#6129));
#3310=EDGE_LOOP('',(#6130,#6131,#6132,#6133));
#3311=AXIS2_PLACEMENT_3D('',#6134,#6135,#6136);
#3312=SURFACE_SIDE_STYLE('',(#6137));
#3313=EDGE_LOOP('',(#6138,#6139,#6140,#6141));
#3314=AXIS2_PLACEMENT_3D('',#6142,#6143,#6144);
#3315=SURFACE_SIDE_STYLE('',(#6145));
#3316=EDGE_LOOP('',(#6146,#6147,#6148,#6149,#6150,#6151,#6152,#6153));
#3317=AXIS2_PLACEMENT_3D('',#6154,#6155,#6156);
#3318=SURFACE_SIDE_STYLE('',(#6157));
#3319=EDGE_LOOP('',(#6158,#6159,#6160,#6161));
#3320=AXIS2_PLACEMENT_3D('',#6162,#6163,#6164);
#3321=SURFACE_SIDE_STYLE('',(#6165));
#3322=EDGE_LOOP('',(#6166,#6167,#6168,#6169));
#3323=AXIS2_PLACEMENT_3D('',#6170,#6171,#6172);
#3324=SURFACE_SIDE_STYLE('',(#6173));
#3325=EDGE_LOOP('',(#6174,#6175,#6176,#6177));
#3326=AXIS2_PLACEMENT_3D('',#6178,#6179,#6180);
#3327=SURFACE_SIDE_STYLE('',(#6181));
#3328=EDGE_LOOP('',(#6182,#6183,#6184,#6185));
#3329=AXIS2_PLACEMENT_3D('',#6186,#6187,#6188);
#3330=SURFACE_SIDE_STYLE('',(#6189));
#3331=EDGE_LOOP('',(#6190,#6191,#6192,#6193,#6194,#6195,#6196,#6197,#6198,#6199,#6200,#6201));
#3332=AXIS2_PLACEMENT_3D('',#6202,#6203,#6204);
#3333=SURFACE_SIDE_STYLE('',(#6205));
#3334=EDGE_LOOP('',(#6206,#6207,#6208,#6209));
#3335=AXIS2_PLACEMENT_3D('',#6210,#6211,#6212);
#3336=SURFACE_SIDE_STYLE('',(#6213));
#3337=EDGE_LOOP('',(#6214,#6215,#6216,#6217,#6218));
#3338=AXIS2_PLACEMENT_3D('',#6219,#6220,#6221);
#3339=SURFACE_SIDE_STYLE('',(#6222));
#3340=EDGE_LOOP('',(#6223,#6224,#6225,#6226));
#3341=AXIS2_PLACEMENT_3D('',#6227,#6228,#6229);
#3342=SURFACE_SIDE_STYLE('',(#6230));
#3343=EDGE_LOOP('',(#6231,#6232,#6233,#6234));
#3344=AXIS2_PLACEMENT_3D('',#6235,#6236,#6237);
#3345=SURFACE_SIDE_STYLE('',(#6238));
#3346=EDGE_LOOP('',(#6239,#6240,#6241,#6242,#6243,#6244,#6245));
#3347=AXIS2_PLACEMENT_3D('',#6246,#6247,#6248);
#3348=SURFACE_SIDE_STYLE('',(#6249));
#3349=EDGE_LOOP('',(#6250,#6251,#6252,#6253));
#3350=AXIS2_PLACEMENT_3D('',#6254,#6255,#6256);
#3351=SURFACE_SIDE_STYLE('',(#6257));
#3352=EDGE_LOOP('',(#6258,#6259,#6260,#6261));
#3353=AXIS2_PLACEMENT_3D('',#6262,#6263,#6264);
#3354=SURFACE_SIDE_STYLE('',(#6265));
#3355=EDGE_LOOP('',(#6266,#6267,#6268,#6269,#6270));
#3356=AXIS2_PLACEMENT_3D('',#6271,#6272,#6273);
#3357=SURFACE_SIDE_STYLE('',(#6274));
#3358=EDGE_LOOP('',(#6275,#6276,#6277,#6278,#6279,#6280));
#3359=AXIS2_PLACEMENT_3D('',#6281,#6282,#6283);
#3360=SURFACE_SIDE_STYLE('',(#6284));
#3361=EDGE_LOOP('',(#6285,#6286,#6287,#6288,#6289,#6290));
#3362=AXIS2_PLACEMENT_3D('',#6291,#6292,#6293);
#3363=SURFACE_SIDE_STYLE('',(#6294));
#3364=EDGE_LOOP('',(#6295,#6296,#6297,#6298));
#3365=AXIS2_PLACEMENT_3D('',#6299,#6300,#6301);
#3366=SURFACE_SIDE_STYLE('',(#6302));
#3367=EDGE_LOOP('',(#6303,#6304,#6305,#6306,#6307));
#3368=AXIS2_PLACEMENT_3D('',#6308,#6309,#6310);
#3369=SURFACE_SIDE_STYLE('',(#6311));
#3370=EDGE_LOOP('',(#6312,#6313,#6314,#6315));
#3371=AXIS2_PLACEMENT_3D('',#6316,#6317,#6318);
#3372=SURFACE_SIDE_STYLE('',(#6319));
#3373=EDGE_LOOP('',(#6320,#6321,#6322,#6323));
#3374=AXIS2_PLACEMENT_3D('',#6324,#6325,#6326);
#3375=SURFACE_SIDE_STYLE('',(#6327));
#3376=EDGE_LOOP('',(#6328,#6329,#6330,#6331,#6332));
#3377=AXIS2_PLACEMENT_3D('',#6333,#6334,#6335);
#3378=SURFACE_SIDE_STYLE('',(#6336));
#3379=EDGE_LOOP('',(#6337,#6338,#6339,#6340));
#3380=AXIS2_PLACEMENT_3D('',#6341,#6342,#6343);
#3381=SURFACE_SIDE_STYLE('',(#6344));
#3382=EDGE_LOOP('',(#6345,#6346,#6347,#6348));
#3383=AXIS2_PLACEMENT_3D('',#6349,#6350,#6351);
#3384=SURFACE_SIDE_STYLE('',(#6352));
#3385=EDGE_LOOP('',(#6353,#6354,#6355,#6356));
#3386=AXIS2_PLACEMENT_3D('',#6357,#6358,#6359);
#3387=SURFACE_SIDE_STYLE('',(#6360));
#3388=EDGE_LOOP('',(#6361,#6362,#6363,#6364));
#3389=AXIS2_PLACEMENT_3D('',#6365,#6366,#6367);
#3390=SURFACE_SIDE_STYLE('',(#6368));
#3391=EDGE_LOOP('',(#6369,#6370,#6371,#6372));
#3392=AXIS2_PLACEMENT_3D('',#6373,#6374,#6375);
#3393=SURFACE_SIDE_STYLE('',(#6376));
#3394=EDGE_LOOP('',(#6377,#6378,#6379,#6380));
#3395=AXIS2_PLACEMENT_3D('',#6381,#6382,#6383);
#3396=SURFACE_SIDE_STYLE('',(#6384));
#3397=EDGE_LOOP('',(#6385,#6386,#6387,#6388,#6389,#6390));
#3398=AXIS2_PLACEMENT_3D('',#6391,#6392,#6393);
#3399=SURFACE_SIDE_STYLE('',(#6394));
#3400=EDGE_LOOP('',(#6395,#6396,#6397,#6398,#6399,#6400,#6401,#6402,#6403,#6404));
#3401=AXIS2_PLACEMENT_3D('',#6405,#6406,#6407);
#3402=SURFACE_SIDE_STYLE('',(#6408));
#3403=EDGE_LOOP('',(#6409,#6410,#6411,#6412,#6413));
#3404=AXIS2_PLACEMENT_3D('',#6414,#6415,#6416);
#3405=SURFACE_SIDE_STYLE('',(#6417));
#3406=EDGE_LOOP('',(#6418,#6419,#6420,#6421,#6422));
#3407=AXIS2_PLACEMENT_3D('',#6423,#6424,#6425);
#3408=SURFACE_SIDE_STYLE('',(#6426));
#3409=EDGE_LOOP('',(#6427,#6428,#6429,#6430,#6431,#6432,#6433));
#3410=AXIS2_PLACEMENT_3D('',#6434,#6435,#6436);
#3411=SURFACE_SIDE_STYLE('',(#6437));
#3412=EDGE_LOOP('',(#6438,#6439,#6440,#6441,#6442,#6443,#6444));
#3413=AXIS2_PLACEMENT_3D('',#6445,#6446,#6447);
#3414=SURFACE_SIDE_STYLE('',(#6448));
#3415=EDGE_LOOP('',(#6449,#6450,#6451,#6452));
#3416=AXIS2_PLACEMENT_3D('',#6453,#6454,#6455);
#3417=SURFACE_SIDE_STYLE('',(#6456));
#3418=EDGE_LOOP('',(#6457,#6458,#6459,#6460));
#3419=AXIS2_PLACEMENT_3D('',#6461,#6462,#6463);
#3420=SURFACE_SIDE_STYLE('',(#6464));
#3421=EDGE_LOOP('',(#6465,#6466,#6467,#6468,#6469));
#3422=AXIS2_PLACEMENT_3D('',#6470,#6471,#6472);
#3423=SURFACE_SIDE_STYLE('',(#6473));
#3424=EDGE_LOOP('',(#6474,#6475,#6476,#6477,#6478));
#3425=AXIS2_PLACEMENT_3D('',#6479,#6480,#6481);
#3426=SURFACE_SIDE_STYLE('',(#6482));
#3427=EDGE_LOOP('',(#6483,#6484,#6485,#6486));
#3428=AXIS2_PLACEMENT_3D('',#6487,#6488,#6489);
#3429=SURFACE_SIDE_STYLE('',(#6490));
#3430=EDGE_LOOP('',(#6491,#6492,#6493,#6494,#6495,#6496,#6497,#6498,#6499,#6500,#6501,#6502,#6503,#6504,#6505,#6506,#6507,#6508,#6509,#6510,#6511,#6512,#6513,#6514,#6515,#6516,#6517,#6518,#6519,#6520,#6521,#6522));
#3431=AXIS2_PLACEMENT_3D('',#6523,#6524,#6525);
#3432=SURFACE_SIDE_STYLE('',(#6526));
#3433=EDGE_LOOP('',(#6527,#6528,#6529,#6530));
#3434=AXIS2_PLACEMENT_3D('',#6531,#6532,#6533);
#3435=SURFACE_SIDE_STYLE('',(#6534));
#3436=EDGE_LOOP('',(#6535,#6536,#6537,#6538,#6539));
#3437=AXIS2_PLACEMENT_3D('',#6540,#6541,#6542);
#3438=SURFACE_SIDE_STYLE('',(#6543));
#3439=EDGE_LOOP('',(#6544,#6545,#6546,#6547));
#3440=AXIS2_PLACEMENT_3D('',#6548,#6549,#6550);
#3441=SURFACE_SIDE_STYLE('',(#6551));
#3442=EDGE_LOOP('',(#6552,#6553,#6554,#6555));
#3443=AXIS2_PLACEMENT_3D('',#6556,#6557,#6558);
#3444=SURFACE_SIDE_STYLE('',(#6559));
#3445=EDGE_LOOP('',(#6560,#6561,#6562,#6563));
#3446=AXIS2_PLACEMENT_3D('',#6564,#6565,#6566);
#3447=SURFACE_SIDE_STYLE('',(#6567));
#3448=EDGE_LOOP('',(#6568,#6569,#6570,#6571));
#3449=AXIS2_PLACEMENT_3D('',#6572,#6573,#6574);
#3450=SURFACE_SIDE_STYLE('',(#6575));
#3451=EDGE_LOOP('',(#6576,#6577,#6578,#6579));
#3452=AXIS2_PLACEMENT_3D('',#6580,#6581,#6582);
#3453=SURFACE_SIDE_STYLE('',(#6583));
#3454=EDGE_LOOP('',(#6584,#6585,#6586,#6587,#6588,#6589));
#3455=AXIS2_PLACEMENT_3D('',#6590,#6591,#6592);
#3456=SURFACE_SIDE_STYLE('',(#6593));
#3457=EDGE_LOOP('',(#6594,#6595,#6596,#6597,#6598));
#3458=AXIS2_PLACEMENT_3D('',#6599,#6600,#6601);
#3459=SURFACE_SIDE_STYLE('',(#6602));
#3460=EDGE_LOOP('',(#6603,#6604,#6605,#6606,#6607));
#3461=AXIS2_PLACEMENT_3D('',#6608,#6609,#6610);
#3462=SURFACE_SIDE_STYLE('',(#6611));
#3463=EDGE_LOOP('',(#6612,#6613,#6614,#6615));
#3464=AXIS2_PLACEMENT_3D('',#6616,#6617,#6618);
#3465=SURFACE_SIDE_STYLE('',(#6619));
#3466=EDGE_LOOP('',(#6620,#6621,#6622,#6623));
#3467=AXIS2_PLACEMENT_3D('',#6624,#6625,#6626);
#3468=SURFACE_SIDE_STYLE('',(#6627));
#3469=EDGE_LOOP('',(#6628,#6629,#6630,#6631));
#3470=AXIS2_PLACEMENT_3D('',#6632,#6633,#6634);
#3471=SURFACE_SIDE_STYLE('',(#6635));
#3472=EDGE_LOOP('',(#6636,#6637,#6638,#6639));
#3473=AXIS2_PLACEMENT_3D('',#6640,#6641,#6642);
#3474=SURFACE_SIDE_STYLE('',(#6643));
#3475=EDGE_LOOP('',(#6644,#6645,#6646,#6647));
#3476=AXIS2_PLACEMENT_3D('',#6648,#6649,#6650);
#3477=SURFACE_SIDE_STYLE('',(#6651));
#3478=EDGE_LOOP('',(#6652,#6653,#6654,#6655));
#3479=AXIS2_PLACEMENT_3D('',#6656,#6657,#6658);
#3480=SURFACE_SIDE_STYLE('',(#6659));
#3481=EDGE_LOOP('',(#6660,#6661,#6662,#6663,#6664,#6665));
#3482=AXIS2_PLACEMENT_3D('',#6666,#6667,#6668);
#3483=SURFACE_SIDE_STYLE('',(#6669));
#3484=EDGE_LOOP('',(#6670,#6671,#6672,#6673));
#3485=AXIS2_PLACEMENT_3D('',#6674,#6675,#6676);
#3486=SURFACE_SIDE_STYLE('',(#6677));
#3487=EDGE_LOOP('',(#6678,#6679,#6680,#6681,#6682,#6683));
#3488=AXIS2_PLACEMENT_3D('',#6684,#6685,#6686);
#3489=SURFACE_SIDE_STYLE('',(#6687));
#3490=EDGE_LOOP('',(#6688,#6689,#6690,#6691,#6692));
#3491=AXIS2_PLACEMENT_3D('',#6693,#6694,#6695);
#3492=SURFACE_SIDE_STYLE('',(#6696));
#3493=EDGE_LOOP('',(#6697,#6698,#6699,#6700));
#3494=AXIS2_PLACEMENT_3D('',#6701,#6702,#6703);
#3495=SURFACE_SIDE_STYLE('',(#6704));
#3496=EDGE_LOOP('',(#6705,#6706,#6707,#6708,#6709,#6710));
#3497=AXIS2_PLACEMENT_3D('',#6711,#6712,#6713);
#3498=SURFACE_SIDE_STYLE('',(#6714));
#3499=EDGE_LOOP('',(#6715,#6716,#6717,#6718,#6719));
#3500=AXIS2_PLACEMENT_3D('',#6720,#6721,#6722);
#3501=SURFACE_SIDE_STYLE('',(#6723));
#3502=EDGE_LOOP('',(#6724,#6725,#6726,#6727,#6728,#6729,#6730,#6731,#6732,#6733,#6734,#6735,#6736,#6737,#6738,#6739));
#3503=AXIS2_PLACEMENT_3D('',#6740,#6741,#6742);
#3504=SURFACE_SIDE_STYLE('',(#6743));
#3505=EDGE_LOOP('',(#6744,#6745,#6746,#6747,#6748,#6749));
#3506=AXIS2_PLACEMENT_3D('',#6750,#6751,#6752);
#3507=SURFACE_SIDE_STYLE('',(#6753));
#3508=EDGE_LOOP('',(#6754,#6755,#6756,#6757,#6758,#6759));
#3509=AXIS2_PLACEMENT_3D('',#6760,#6761,#6762);
#3510=SURFACE_SIDE_STYLE('',(#6763));
#3511=EDGE_LOOP('',(#6764,#6765,#6766,#6767));
#3512=AXIS2_PLACEMENT_3D('',#6768,#6769,#6770);
#3513=SURFACE_SIDE_STYLE('',(#6771));
#3514=EDGE_LOOP('',(#6772,#6773,#6774,#6775));
#3515=AXIS2_PLACEMENT_3D('',#6776,#6777,#6778);
#3516=SURFACE_SIDE_STYLE('',(#6779));
#3517=EDGE_LOOP('',(#6780,#6781,#6782,#6783,#6784,#6785,#6786,#6787));
#3518=AXIS2_PLACEMENT_3D('',#6788,#6789,#6790);
#3519=SURFACE_SIDE_STYLE('',(#6791));
#3520=EDGE_LOOP('',(#6792,#6793,#6794,#6795,#6796,#6797,#6798));
#3521=AXIS2_PLACEMENT_3D('',#6799,#6800,#6801);
#3522=SURFACE_SIDE_STYLE('',(#6802));
#3523=EDGE_LOOP('',(#6803,#6804,#6805,#6806,#6807,#6808));
#3524=AXIS2_PLACEMENT_3D('',#6809,#6810,#6811);
#3525=SURFACE_SIDE_STYLE('',(#6812));
#3526=EDGE_LOOP('',(#6813,#6814,#6815,#6816));
#3527=AXIS2_PLACEMENT_3D('',#6817,#6818,#6819);
#3528=SURFACE_SIDE_STYLE('',(#6820));
#3529=EDGE_LOOP('',(#6821,#6822,#6823,#6824,#6825));
#3530=AXIS2_PLACEMENT_3D('',#6826,#6827,#6828);
#3531=SURFACE_SIDE_STYLE('',(#6829));
#3532=EDGE_LOOP('',(#6830,#6831,#6832,#6833,#6834,#6835,#6836,#6837,#6838,#6839,#6840,#6841,#6842,#6843,#6844,#6845,#6846));
#3533=AXIS2_PLACEMENT_3D('',#6847,#6848,#6849);
#3534=SURFACE_SIDE_STYLE('',(#6850));
#3535=EDGE_LOOP('',(#6851,#6852,#6853,#6854));
#3536=AXIS2_PLACEMENT_3D('',#6855,#6856,#6857);
#3537=SURFACE_SIDE_STYLE('',(#6858));
#3538=EDGE_LOOP('',(#6859,#6860,#6861,#6862,#6863));
#3539=AXIS2_PLACEMENT_3D('',#6864,#6865,#6866);
#3540=SURFACE_SIDE_STYLE('',(#6867));
#3541=EDGE_LOOP('',(#6868,#6869,#6870,#6871));
#3542=AXIS2_PLACEMENT_3D('',#6872,#6873,#6874);
#3543=SURFACE_SIDE_STYLE('',(#6875));
#3544=EDGE_LOOP('',(#6876,#6877,#6878,#6879));
#3545=AXIS2_PLACEMENT_3D('',#6880,#6881,#6882);
#3546=SURFACE_SIDE_STYLE('',(#6883));
#3547=EDGE_LOOP('',(#6884,#6885,#6886,#6887,#6888));
#3548=AXIS2_PLACEMENT_3D('',#6889,#6890,#6891);
#3549=SURFACE_SIDE_STYLE('',(#6892));
#3550=EDGE_LOOP('',(#6893,#6894,#6895,#6896));
#3551=AXIS2_PLACEMENT_3D('',#6897,#6898,#6899);
#3552=SURFACE_SIDE_STYLE('',(#6900));
#3553=EDGE_LOOP('',(#6901,#6902,#6903,#6904,#6905,#6906,#6907));
#3554=AXIS2_PLACEMENT_3D('',#6908,#6909,#6910);
#3555=SURFACE_SIDE_STYLE('',(#6911));
#3556=EDGE_LOOP('',(#6912,#6913,#6914,#6915));
#3557=AXIS2_PLACEMENT_3D('',#6916,#6917,#6918);
#3558=SURFACE_SIDE_STYLE('',(#6919));
#3559=EDGE_LOOP('',(#6920,#6921,#6922,#6923));
#3560=AXIS2_PLACEMENT_3D('',#6924,#6925,#6926);
#3561=SURFACE_SIDE_STYLE('',(#6927));
#3562=EDGE_LOOP('',(#6928,#6929,#6930,#6931));
#3563=AXIS2_PLACEMENT_3D('',#6932,#6933,#6934);
#3564=SURFACE_SIDE_STYLE('',(#6935));
#3565=EDGE_LOOP('',(#6936,#6937,#6938,#6939));
#3566=AXIS2_PLACEMENT_3D('',#6940,#6941,#6942);
#3567=SURFACE_SIDE_STYLE('',(#6943));
#3568=EDGE_LOOP('',(#6944,#6945,#6946,#6947,#6948));
#3569=AXIS2_PLACEMENT_3D('',#6949,#6950,#6951);
#3570=SURFACE_SIDE_STYLE('',(#6952));
#3571=EDGE_LOOP('',(#6953,#6954,#6955,#6956));
#3572=AXIS2_PLACEMENT_3D('',#6957,#6958,#6959);
#3573=SURFACE_SIDE_STYLE('',(#6960));
#3574=EDGE_LOOP('',(#6961,#6962,#6963,#6964));
#3575=AXIS2_PLACEMENT_3D('',#6965,#6966,#6967);
#3576=SURFACE_SIDE_STYLE('',(#6968));
#3577=EDGE_LOOP('',(#6969,#6970,#6971,#6972));
#3578=AXIS2_PLACEMENT_3D('',#6973,#6974,#6975);
#3579=SURFACE_SIDE_STYLE('',(#6976));
#3580=EDGE_LOOP('',(#6977,#6978,#6979,#6980));
#3581=AXIS2_PLACEMENT_3D('',#6981,#6982,#6983);
#3582=SURFACE_SIDE_STYLE('',(#6984));
#3583=EDGE_LOOP('',(#6985,#6986,#6987,#6988));
#3584=AXIS2_PLACEMENT_3D('',#6989,#6990,#6991);
#3585=SURFACE_SIDE_STYLE('',(#6992));
#3586=EDGE_LOOP('',(#6993,#6994,#6995,#6996));
#3587=AXIS2_PLACEMENT_3D('',#6997,#6998,#6999);
#3588=SURFACE_SIDE_STYLE('',(#7000));
#3589=EDGE_LOOP('',(#7001,#7002,#7003,#7004));
#3590=AXIS2_PLACEMENT_3D('',#7005,#7006,#7007);
#3591=SURFACE_SIDE_STYLE('',(#7008));
#3592=EDGE_LOOP('',(#7009,#7010,#7011,#7012));
#3593=AXIS2_PLACEMENT_3D('',#7013,#7014,#7015);
#3594=SURFACE_SIDE_STYLE('',(#7016));
#3595=EDGE_LOOP('',(#7017,#7018,#7019,#7020));
#3596=AXIS2_PLACEMENT_3D('',#7021,#7022,#7023);
#3597=SURFACE_SIDE_STYLE('',(#7024));
#3598=EDGE_LOOP('',(#7025,#7026,#7027,#7028));
#3599=AXIS2_PLACEMENT_3D('',#7029,#7030,#7031);
#3600=SURFACE_SIDE_STYLE('',(#7032));
#3601=EDGE_LOOP('',(#7033,#7034,#7035,#7036));
#3602=AXIS2_PLACEMENT_3D('',#7037,#7038,#7039);
#3603=SURFACE_SIDE_STYLE('',(#7040));
#3604=EDGE_LOOP('',(#7041,#7042,#7043,#7044));
#3605=AXIS2_PLACEMENT_3D('',#7045,#7046,#7047);
#3606=SURFACE_SIDE_STYLE('',(#7048));
#3607=EDGE_LOOP('',(#7049,#7050,#7051,#7052));
#3608=AXIS2_PLACEMENT_3D('',#7053,#7054,#7055);
#3609=SURFACE_SIDE_STYLE('',(#7056));
#3610=EDGE_LOOP('',(#7057,#7058,#7059,#7060,#7061,#7062));
#3611=AXIS2_PLACEMENT_3D('',#7063,#7064,#7065);
#3612=SURFACE_SIDE_STYLE('',(#7066));
#3613=EDGE_LOOP('',(#7067,#7068,#7069,#7070,#7071));
#3614=AXIS2_PLACEMENT_3D('',#7072,#7073,#7074);
#3615=SURFACE_SIDE_STYLE('',(#7075));
#3616=EDGE_LOOP('',(#7076,#7077,#7078,#7079));
#3617=AXIS2_PLACEMENT_3D('',#7080,#7081,#7082);
#3618=SURFACE_SIDE_STYLE('',(#7083));
#3619=EDGE_LOOP('',(#7084,#7085,#7086,#7087));
#3620=AXIS2_PLACEMENT_3D('',#7088,#7089,#7090);
#3621=SURFACE_SIDE_STYLE('',(#7091));
#3622=EDGE_LOOP('',(#7092,#7093,#7094,#7095));
#3623=AXIS2_PLACEMENT_3D('',#7096,#7097,#7098);
#3624=SURFACE_SIDE_STYLE('',(#7099));
#3625=EDGE_LOOP('',(#7100,#7101,#7102,#7103));
#3626=AXIS2_PLACEMENT_3D('',#7104,#7105,#7106);
#3627=SURFACE_SIDE_STYLE('',(#7107));
#3628=EDGE_LOOP('',(#7108,#7109,#7110,#7111));
#3629=AXIS2_PLACEMENT_3D('',#7112,#7113,#7114);
#3630=SURFACE_SIDE_STYLE('',(#7115));
#3631=EDGE_LOOP('',(#7116,#7117,#7118,#7119,#7120,#7121,#7122,#7123,#7124,#7125,#7126,#7127,#7128,#7129,#7130,#7131,#7132,#7133,#7134,#7135,#7136,#7137,#7138,#7139,#7140,#7141,#7142,#7143,#7144,#7145));
#3632=AXIS2_PLACEMENT_3D('',#7146,#7147,#7148);
#3633=SURFACE_SIDE_STYLE('',(#7149));
#3634=EDGE_LOOP('',(#7150,#7151,#7152,#7153,#7154));
#3635=AXIS2_PLACEMENT_3D('',#7155,#7156,#7157);
#3636=SURFACE_SIDE_STYLE('',(#7158));
#3637=EDGE_LOOP('',(#7159,#7160,#7161,#7162,#7163,#7164));
#3638=AXIS2_PLACEMENT_3D('',#7165,#7166,#7167);
#3639=SURFACE_SIDE_STYLE('',(#7168));
#3640=EDGE_LOOP('',(#7169,#7170,#7171,#7172,#7173,#7174,#7175));
#3641=AXIS2_PLACEMENT_3D('',#7176,#7177,#7178);
#3642=SURFACE_SIDE_STYLE('',(#7179));
#3643=EDGE_LOOP('',(#7180,#7181,#7182,#7183,#7184,#7185));
#3644=AXIS2_PLACEMENT_3D('',#7186,#7187,#7188);
#3645=SURFACE_SIDE_STYLE('',(#7189));
#3646=EDGE_LOOP('',(#7190,#7191,#7192,#7193,#7194));
#3647=AXIS2_PLACEMENT_3D('',#7195,#7196,#7197);
#3648=SURFACE_SIDE_STYLE('',(#7198));
#3649=EDGE_LOOP('',(#7199,#7200,#7201));
#3650=AXIS2_PLACEMENT_3D('',#7202,#7203,#7204);
#3651=SURFACE_SIDE_STYLE('',(#7205));
#3652=EDGE_LOOP('',(#7206,#7207,#7208,#7209,#7210));
#3653=AXIS2_PLACEMENT_3D('',#7211,#7212,#7213);
#3654=SURFACE_SIDE_STYLE('',(#7214));
#3655=EDGE_LOOP('',(#7215,#7216,#7217,#7218));
#3656=AXIS2_PLACEMENT_3D('',#7219,#7220,#7221);
#3657=SURFACE_SIDE_STYLE('',(#7222));
#3658=EDGE_LOOP('',(#7223,#7224,#7225,#7226,#7227));
#3659=AXIS2_PLACEMENT_3D('',#7228,#7229,#7230);
#3660=SURFACE_SIDE_STYLE('',(#7231));
#3661=EDGE_LOOP('',(#7232,#7233,#7234,#7235,#7236));
#3662=AXIS2_PLACEMENT_3D('',#7237,#7238,#7239);
#3663=SURFACE_SIDE_STYLE('',(#7240));
#3664=EDGE_LOOP('',(#7241,#7242,#7243,#7244));
#3665=AXIS2_PLACEMENT_3D('',#7245,#7246,#7247);
#3666=SURFACE_SIDE_STYLE('',(#7248));
#3667=EDGE_LOOP('',(#7249,#7250,#7251,#7252,#7253,#7254,#7255,#7256));
#3668=AXIS2_PLACEMENT_3D('',#7257,#7258,#7259);
#3669=SURFACE_SIDE_STYLE('',(#7260));
#3670=EDGE_LOOP('',(#7261,#7262,#7263,#7264,#7265,#7266,#7267,#7268));
#3671=AXIS2_PLACEMENT_3D('',#7269,#7270,#7271);
#3672=SURFACE_SIDE_STYLE('',(#7272));
#3673=EDGE_LOOP('',(#7273,#7274,#7275,#7276,#7277));
#3674=AXIS2_PLACEMENT_3D('',#7278,#7279,#7280);
#3675=SURFACE_SIDE_STYLE('',(#7281));
#3676=EDGE_LOOP('',(#7282,#7283,#7284,#7285,#7286));
#3677=AXIS2_PLACEMENT_3D('',#7287,#7288,#7289);
#3678=SURFACE_SIDE_STYLE('',(#7290));
#3679=EDGE_LOOP('',(#7291,#7292,#7293,#7294,#7295,#7296,#7297,#7298,#7299,#7300,#7301,#7302,#7303,#7304,#7305,#7306,#7307,#7308,#7309,#7310,#7311,#7312));
#3680=AXIS2_PLACEMENT_3D('',#7313,#7314,#7315);
#3681=SURFACE_SIDE_STYLE('',(#7316));
#3682=EDGE_LOOP('',(#7317,#7318,#7319,#7320,#7321,#7322,#7323,#7324));
#3683=AXIS2_PLACEMENT_3D('',#7325,#7326,#7327);
#3684=SURFACE_SIDE_STYLE('',(#7328));
#3685=EDGE_LOOP('',(#7329,#7330,#7331,#7332,#7333,#7334,#7335,#7336,#7337,#7338,#7339,#7340,#7341,#7342,#7343,#7344,#7345,#7346,#7347,#7348,#7349));
#3686=AXIS2_PLACEMENT_3D('',#7350,#7351,#7352);
#3687=SURFACE_SIDE_STYLE('',(#7353));
#3688=EDGE_LOOP('',(#7354,#7355,#7356,#7357,#7358));
#3689=AXIS2_PLACEMENT_3D('',#7359,#7360,#7361);
#3690=SURFACE_SIDE_STYLE('',(#7362));
#3691=EDGE_LOOP('',(#7363,#7364,#7365));
#3692=AXIS2_PLACEMENT_3D('',#7366,#7367,#7368);
#3693=SURFACE_SIDE_STYLE('',(#7369));
#3694=EDGE_LOOP('',(#7370,#7371,#7372,#7373,#7374));
#3695=AXIS2_PLACEMENT_3D('',#7375,#7376,#7377);
#3696=SURFACE_SIDE_STYLE('',(#7378));
#3697=EDGE_LOOP('',(#7379,#7380,#7381));
#3698=AXIS2_PLACEMENT_3D('',#7382,#7383,#7384);
#3699=SURFACE_SIDE_STYLE('',(#7385));
#3700=EDGE_LOOP('',(#7386,#7387,#7388,#7389,#7390,#7391,#7392,#7393,#7394,#7395,#7396,#7397,#7398,#7399,#7400,#7401,#7402,#7403,#7404,#7405,#7406,#7407,#7408,#7409));
#3701=AXIS2_PLACEMENT_3D('',#7410,#7411,#7412);
#3702=SURFACE_SIDE_STYLE('',(#7413));
#3703=EDGE_LOOP('',(#7414,#7415,#7416,#7417,#7418));
#3704=AXIS2_PLACEMENT_3D('',#7419,#7420,#7421);
#3705=SURFACE_SIDE_STYLE('',(#7422));
#3706=EDGE_LOOP('',(#7423,#7424,#7425,#7426,#7427,#7428));
#3707=AXIS2_PLACEMENT_3D('',#7429,#7430,#7431);
#3708=SURFACE_SIDE_STYLE('',(#7432));
#3709=EDGE_LOOP('',(#7433,#7434,#7435,#7436,#7437));
#3710=AXIS2_PLACEMENT_3D('',#7438,#7439,#7440);
#3711=SURFACE_SIDE_STYLE('',(#7441));
#3712=EDGE_LOOP('',(#7442,#7443,#7444,#7445,#7446));
#3713=AXIS2_PLACEMENT_3D('',#7447,#7448,#7449);
#3714=SURFACE_SIDE_STYLE('',(#7450));
#3715=EDGE_LOOP('',(#7451,#7452,#7453,#7454,#7455,#7456));
#3716=AXIS2_PLACEMENT_3D('',#7457,#7458,#7459);
#3717=SURFACE_SIDE_STYLE('',(#7460));
#3718=EDGE_LOOP('',(#7461,#7462,#7463,#7464,#7465));
#3719=AXIS2_PLACEMENT_3D('',#7466,#7467,#7468);
#3720=SURFACE_SIDE_STYLE('',(#7469));
#3721=EDGE_LOOP('',(#7470,#7471,#7472,#7473,#7474));
#3722=AXIS2_PLACEMENT_3D('',#7475,#7476,#7477);
#3723=SURFACE_SIDE_STYLE('',(#7478));
#3724=EDGE_LOOP('',(#7479,#7480,#7481,#7482,#7483,#7484));
#3725=AXIS2_PLACEMENT_3D('',#7485,#7486,#7487);
#3726=SURFACE_SIDE_STYLE('',(#7488));
#3727=EDGE_LOOP('',(#7489,#7490,#7491,#7492,#7493));
#3728=AXIS2_PLACEMENT_3D('',#7494,#7495,#7496);
#3729=SURFACE_SIDE_STYLE('',(#7497));
#3730=EDGE_LOOP('',(#7498,#7499,#7500,#7501,#7502));
#3731=AXIS2_PLACEMENT_3D('',#7503,#7504,#7505);
#3732=SURFACE_SIDE_STYLE('',(#7506));
#3733=EDGE_LOOP('',(#7507,#7508,#7509,#7510,#7511));
#3734=AXIS2_PLACEMENT_3D('',#7512,#7513,#7514);
#3735=SURFACE_SIDE_STYLE('',(#7515));
#3736=EDGE_LOOP('',(#7516,#7517,#7518,#7519,#7520));
#3737=AXIS2_PLACEMENT_3D('',#7521,#7522,#7523);
#3738=SURFACE_SIDE_STYLE('',(#7524));
#3739=EDGE_LOOP('',(#7525,#7526,#7527,#7528,#7529));
#3740=AXIS2_PLACEMENT_3D('',#7530,#7531,#7532);
#3741=SURFACE_SIDE_STYLE('',(#7533));
#3742=EDGE_LOOP('',(#7534,#7535,#7536,#7537));
#3743=AXIS2_PLACEMENT_3D('',#7538,#7539,#7540);
#3744=SURFACE_SIDE_STYLE('',(#7541));
#3745=EDGE_LOOP('',(#7542,#7543,#7544,#7545));
#3746=AXIS2_PLACEMENT_3D('',#7546,#7547,#7548);
#3747=SURFACE_SIDE_STYLE('',(#7549));
#3748=EDGE_LOOP('',(#7550,#7551,#7552,#7553));
#3749=AXIS2_PLACEMENT_3D('',#7554,#7555,#7556);
#3750=SURFACE_SIDE_STYLE('',(#7557));
#3751=EDGE_LOOP('',(#7558,#7559,#7560,#7561));
#3752=AXIS2_PLACEMENT_3D('',#7562,#7563,#7564);
#3753=SURFACE_SIDE_STYLE('',(#7565));
#3754=EDGE_LOOP('',(#7566,#7567,#7568,#7569));
#3755=AXIS2_PLACEMENT_3D('',#7570,#7571,#7572);
#3756=SURFACE_SIDE_STYLE('',(#7573));
#3757=EDGE_LOOP('',(#7574,#7575,#7576,#7577,#7578));
#3758=AXIS2_PLACEMENT_3D('',#7579,#7580,#7581);
#3759=SURFACE_SIDE_STYLE('',(#7582));
#3760=EDGE_LOOP('',(#7583,#7584,#7585,#7586,#7587));
#3761=AXIS2_PLACEMENT_3D('',#7588,#7589,#7590);
#3762=SURFACE_SIDE_STYLE('',(#7591));
#3763=EDGE_LOOP('',(#7592,#7593,#7594,#7595,#7596));
#3764=AXIS2_PLACEMENT_3D('',#7597,#7598,#7599);
#3765=SURFACE_SIDE_STYLE('',(#7600));
#3766=EDGE_LOOP('',(#7601,#7602,#7603,#7604,#7605));
#3767=AXIS2_PLACEMENT_3D('',#7606,#7607,#7608);
#3768=SURFACE_SIDE_STYLE('',(#7609));
#3769=EDGE_LOOP('',(#7610,#7611,#7612,#7613,#7614));
#3770=AXIS2_PLACEMENT_3D('',#7615,#7616,#7617);
#3771=SURFACE_SIDE_STYLE('',(#7618));
#3772=EDGE_LOOP('',(#7619,#7620,#7621,#7622,#7623,#7624,#7625,#7626,#7627,#7628,#7629,#7630,#7631,#7632,#7633,#7634,#7635,#7636,#7637,#7638,#7639,#7640,#7641,#7642,#7643,#7644,#7645,#7646,#7647,#7648,#7649,#7650,#7651,#7652,#7653,#7654,#7655,#7656,#7657,#7658,#7659,#7660,#7661,#7662,#7663,#7664,#7665,#7666,#7667,#7668));
#3773=AXIS2_PLACEMENT_3D('',#7669,#7670,#7671);
#3774=SURFACE_SIDE_STYLE('',(#7672));
#3775=EDGE_LOOP('',(#7673,#7674,#7675,#7676,#7677,#7678));
#3776=AXIS2_PLACEMENT_3D('',#7679,#7680,#7681);
#3777=SURFACE_SIDE_STYLE('',(#7682));
#3778=EDGE_LOOP('',(#7683,#7684,#7685,#7686));
#3779=AXIS2_PLACEMENT_3D('',#7687,#7688,#7689);
#3780=SURFACE_SIDE_STYLE('',(#7690));
#3781=EDGE_LOOP('',(#7691,#7692,#7693,#7694));
#3782=AXIS2_PLACEMENT_3D('',#7695,#7696,#7697);
#3783=SURFACE_SIDE_STYLE('',(#7698));
#3784=EDGE_LOOP('',(#7699,#7700,#7701,#7702));
#3785=AXIS2_PLACEMENT_3D('',#7703,#7704,#7705);
#3786=SURFACE_SIDE_STYLE('',(#7706));
#3787=EDGE_LOOP('',(#7707,#7708,#7709,#7710));
#3788=AXIS2_PLACEMENT_3D('',#7711,#7712,#7713);
#3789=SURFACE_SIDE_STYLE('',(#7714));
#3790=EDGE_LOOP('',(#7715,#7716,#7717,#7718));
#3791=AXIS2_PLACEMENT_3D('',#7719,#7720,#7721);
#3792=SURFACE_SIDE_STYLE('',(#7722));
#3793=EDGE_LOOP('',(#7723,#7724,#7725,#7726));
#3794=AXIS2_PLACEMENT_3D('',#7727,#7728,#7729);
#3795=SURFACE_SIDE_STYLE('',(#7730));
#3796=EDGE_LOOP('',(#7731,#7732,#7733,#7734,#7735));
#3797=AXIS2_PLACEMENT_3D('',#7736,#7737,#7738);
#3798=SURFACE_SIDE_STYLE('',(#7739));
#3799=EDGE_LOOP('',(#7740,#7741,#7742,#7743,#7744));
#3800=AXIS2_PLACEMENT_3D('',#7745,#7746,#7747);
#3801=SURFACE_SIDE_STYLE('',(#7748));
#3802=EDGE_LOOP('',(#7749,#7750,#7751,#7752,#7753,#7754,#7755,#7756,#7757,#7758,#7759,#7760,#7761,#7762,#7763,#7764,#7765,#7766,#7767,#7768,#7769,#7770,#7771,#7772,#7773,#7774,#7775,#7776,#7777,#7778,#7779,#7780,#7781,#7782));
#3803=AXIS2_PLACEMENT_3D('',#7783,#7784,#7785);
#3804=SURFACE_SIDE_STYLE('',(#7786));
#3805=EDGE_LOOP('',(#7787,#7788,#7789,#7790,#7791));
#3806=AXIS2_PLACEMENT_3D('',#7792,#7793,#7794);
#3807=SURFACE_SIDE_STYLE('',(#7795));
#3808=EDGE_LOOP('',(#7796,#7797,#7798,#7799));
#3809=AXIS2_PLACEMENT_3D('',#7800,#7801,#7802);
#3810=SURFACE_SIDE_STYLE('',(#7803));
#3811=EDGE_LOOP('',(#7804,#7805,#7806,#7807,#7808,#7809,#7810,#7811));
#3812=AXIS2_PLACEMENT_3D('',#7812,#7813,#7814);
#3813=SURFACE_SIDE_STYLE('',(#7815));
#3814=EDGE_LOOP('',(#7816,#7817,#7818,#7819));
#3815=AXIS2_PLACEMENT_3D('',#7820,#7821,#7822);
#3816=SURFACE_SIDE_STYLE('',(#7823));
#3817=EDGE_LOOP('',(#7824,#7825,#7826,#7827));
#3818=AXIS2_PLACEMENT_3D('',#7828,#7829,#7830);
#3819=SURFACE_SIDE_STYLE('',(#7831));
#3820=EDGE_LOOP('',(#7832,#7833,#7834,#7835));
#3821=AXIS2_PLACEMENT_3D('',#7836,#7837,#7838);
#3822=SURFACE_SIDE_STYLE('',(#7839));
#3823=EDGE_LOOP('',(#7840,#7841,#7842,#7843));
#3824=AXIS2_PLACEMENT_3D('',#7844,#7845,#7846);
#3825=SURFACE_SIDE_STYLE('',(#7847));
#3826=EDGE_LOOP('',(#7848,#7849,#7850,#7851));
#3827=AXIS2_PLACEMENT_3D('',#7852,#7853,#7854);
#3828=SURFACE_SIDE_STYLE('',(#7855));
#3829=EDGE_LOOP('',(#7856,#7857,#7858,#7859,#7860,#7861,#7862,#7863));
#3830=AXIS2_PLACEMENT_3D('',#7864,#7865,#7866);
#3831=SURFACE_SIDE_STYLE('',(#7867));
#3832=EDGE_LOOP('',(#7868,#7869,#7870,#7871,#7872,#7873,#7874,#7875));
#3833=AXIS2_PLACEMENT_3D('',#7876,#7877,#7878);
#3834=SURFACE_SIDE_STYLE('',(#7879));
#3835=EDGE_LOOP('',(#7880,#7881,#7882,#7883,#7884,#7885,#7886,#7887));
#3836=AXIS2_PLACEMENT_3D('',#7888,#7889,#7890);
#3837=SURFACE_SIDE_STYLE('',(#7891));
#3838=EDGE_LOOP('',(#7892,#7893,#7894,#7895,#7896,#7897,#7898,#7899));
#3839=AXIS2_PLACEMENT_3D('',#7900,#7901,#7902);
#3840=SURFACE_SIDE_STYLE('',(#7903));
#3841=EDGE_LOOP('',(#7904,#7905,#7906,#7907,#7908,#7909,#7910,#7911));
#3842=AXIS2_PLACEMENT_3D('',#7912,#7913,#7914);
#3843=SURFACE_SIDE_STYLE('',(#7915));
#3844=EDGE_LOOP('',(#7916,#7917,#7918,#7919,#7920,#7921,#7922,#7923));
#3845=AXIS2_PLACEMENT_3D('',#7924,#7925,#7926);
#3846=SURFACE_SIDE_STYLE('',(#7927));
#3847=EDGE_LOOP('',(#7928,#7929,#7930,#7931,#7932,#7933,#7934,#7935));
#3848=AXIS2_PLACEMENT_3D('',#7936,#7937,#7938);
#3849=SURFACE_SIDE_STYLE('',(#7939));
#3850=EDGE_LOOP('',(#7940,#7941,#7942,#7943,#7944,#7945,#7946,#7947));
#3851=AXIS2_PLACEMENT_3D('',#7948,#7949,#7950);
#3852=SURFACE_SIDE_STYLE('',(#7951));
#3853=EDGE_LOOP('',(#7952,#7953,#7954,#7955,#7956,#7957,#7958,#7959));
#3854=AXIS2_PLACEMENT_3D('',#7960,#7961,#7962);
#3855=SURFACE_SIDE_STYLE('',(#7963));
#3856=EDGE_LOOP('',(#7964,#7965,#7966,#7967,#7968,#7969,#7970,#7971));
#3857=AXIS2_PLACEMENT_3D('',#7972,#7973,#7974);
#3858=SURFACE_SIDE_STYLE('',(#7975));
#3859=EDGE_LOOP('',(#7976,#7977,#7978,#7979));
#3860=AXIS2_PLACEMENT_3D('',#7980,#7981,#7982);
#3861=SURFACE_SIDE_STYLE('',(#7983));
#3862=EDGE_LOOP('',(#7984,#7985,#7986,#7987));
#3863=AXIS2_PLACEMENT_3D('',#7988,#7989,#7990);
#3864=SURFACE_SIDE_STYLE('',(#7991));
#3865=EDGE_LOOP('',(#7992,#7993,#7994,#7995));
#3866=AXIS2_PLACEMENT_3D('',#7996,#7997,#7998);
#3867=SURFACE_SIDE_STYLE('',(#7999));
#3868=EDGE_LOOP('',(#8000,#8001,#8002,#8003));
#3869=AXIS2_PLACEMENT_3D('',#8004,#8005,#8006);
#3870=SURFACE_SIDE_STYLE('',(#8007));
#3871=EDGE_LOOP('',(#8008,#8009,#8010,#8011));
#3872=AXIS2_PLACEMENT_3D('',#8012,#8013,#8014);
#3873=SURFACE_SIDE_STYLE('',(#8015));
#3874=EDGE_LOOP('',(#8016,#8017,#8018,#8019));
#3875=AXIS2_PLACEMENT_3D('',#8020,#8021,#8022);
#3876=SURFACE_SIDE_STYLE('',(#8023));
#3877=EDGE_LOOP('',(#8024,#8025,#8026,#8027));
#3878=AXIS2_PLACEMENT_3D('',#8028,#8029,#8030);
#3879=SURFACE_SIDE_STYLE('',(#8031));
#3880=EDGE_LOOP('',(#8032,#8033,#8034,#8035));
#3881=AXIS2_PLACEMENT_3D('',#8036,#8037,#8038);
#3882=SURFACE_SIDE_STYLE('',(#8039));
#3883=EDGE_LOOP('',(#8040,#8041,#8042,#8043));
#3884=AXIS2_PLACEMENT_3D('',#8044,#8045,#8046);
#3885=SURFACE_SIDE_STYLE('',(#8047));
#3886=EDGE_LOOP('',(#8048,#8049,#8050,#8051));
#3887=AXIS2_PLACEMENT_3D('',#8052,#8053,#8054);
#3888=SURFACE_SIDE_STYLE('',(#8055));
#3889=EDGE_LOOP('',(#8056,#8057,#8058,#8059));
#3890=AXIS2_PLACEMENT_3D('',#8060,#8061,#8062);
#3891=SURFACE_SIDE_STYLE('',(#8063));
#3892=EDGE_LOOP('',(#8064,#8065,#8066,#8067));
#3893=AXIS2_PLACEMENT_3D('',#8068,#8069,#8070);
#3894=SURFACE_SIDE_STYLE('',(#8071));
#3895=EDGE_LOOP('',(#8072,#8073,#8074));
#3896=AXIS2_PLACEMENT_3D('',#8075,#8076,#8077);
#3897=SURFACE_SIDE_STYLE('',(#8078));
#3898=EDGE_LOOP('',(#8079,#8080,#8081));
#3899=AXIS2_PLACEMENT_3D('',#8082,#8083,#8084);
#3900=SURFACE_SIDE_STYLE('',(#8085));
#3901=EDGE_LOOP('',(#8086,#8087,#8088));
#3902=AXIS2_PLACEMENT_3D('',#8089,#8090,#8091);
#3903=SURFACE_SIDE_STYLE('',(#8092));
#3904=EDGE_LOOP('',(#8093,#8094,#8095,#8096));
#3905=AXIS2_PLACEMENT_3D('',#8097,#8098,#8099);
#3906=SURFACE_SIDE_STYLE('',(#8100));
#3907=EDGE_LOOP('',(#8101,#8102,#8103));
#3908=AXIS2_PLACEMENT_3D('',#8104,#8105,#8106);
#3909=SURFACE_SIDE_STYLE('',(#8107));
#3910=EDGE_LOOP('',(#8108,#8109,#8110,#8111));
#3911=AXIS2_PLACEMENT_3D('',#8112,#8113,#8114);
#3912=SURFACE_SIDE_STYLE('',(#8115));
#3913=EDGE_LOOP('',(#8116,#8117,#8118,#8119));
#3914=AXIS2_PLACEMENT_3D('',#8120,#8121,#8122);
#3915=SURFACE_SIDE_STYLE('',(#8123));
#3916=EDGE_LOOP('',(#8124,#8125,#8126,#8127));
#3917=AXIS2_PLACEMENT_3D('',#8128,#8129,#8130);
#3918=SURFACE_SIDE_STYLE('',(#8131));
#3919=EDGE_LOOP('',(#8132,#8133,#8134,#8135));
#3920=AXIS2_PLACEMENT_3D('',#8136,#8137,#8138);
#3921=SURFACE_SIDE_STYLE('',(#8139));
#3922=EDGE_LOOP('',(#8140,#8141,#8142,#8143));
#3923=AXIS2_PLACEMENT_3D('',#8144,#8145,#8146);
#3924=SURFACE_SIDE_STYLE('',(#8147));
#3925=EDGE_LOOP('',(#8148,#8149,#8150,#8151));
#3926=AXIS2_PLACEMENT_3D('',#8152,#8153,#8154);
#3927=SURFACE_SIDE_STYLE('',(#8155));
#3928=EDGE_LOOP('',(#8156,#8157,#8158,#8159));
#3929=AXIS2_PLACEMENT_3D('',#8160,#8161,#8162);
#3930=SURFACE_SIDE_STYLE('',(#8163));
#3931=EDGE_LOOP('',(#8164,#8165,#8166,#8167,#8168,#8169,#8170,#8171,#8172,#8173,#8174,#8175,#8176,#8177,#8178,#8179,#8180,#8181,#8182,#8183,#8184,#8185,#8186,#8187));
#3932=AXIS2_PLACEMENT_3D('',#8188,#8189,#8190);
#3933=SURFACE_SIDE_STYLE('',(#8191));
#3934=EDGE_LOOP('',(#8192,#8193,#8194,#8195));
#3935=AXIS2_PLACEMENT_3D('',#8196,#8197,#8198);
#3936=SURFACE_SIDE_STYLE('',(#8199));
#3937=EDGE_LOOP('',(#8200,#8201,#8202,#8203));
#3938=AXIS2_PLACEMENT_3D('',#8204,#8205,#8206);
#3939=SURFACE_SIDE_STYLE('',(#8207));
#3940=EDGE_LOOP('',(#8208,#8209,#8210,#8211));
#3941=AXIS2_PLACEMENT_3D('',#8212,#8213,#8214);
#3942=SURFACE_SIDE_STYLE('',(#8215));
#3943=EDGE_LOOP('',(#8216,#8217,#8218,#8219));
#3944=AXIS2_PLACEMENT_3D('',#8220,#8221,#8222);
#3945=SURFACE_SIDE_STYLE('',(#8223));
#3946=EDGE_LOOP('',(#8224,#8225,#8226,#8227,#8228));
#3947=AXIS2_PLACEMENT_3D('',#8229,#8230,#8231);
#3948=SURFACE_SIDE_STYLE('',(#8232));
#3949=EDGE_LOOP('',(#8233,#8234,#8235,#8236));
#3950=AXIS2_PLACEMENT_3D('',#8237,#8238,#8239);
#3951=SURFACE_SIDE_STYLE('',(#8240));
#3952=EDGE_LOOP('',(#8241,#8242,#8243));
#3953=AXIS2_PLACEMENT_3D('',#8244,#8245,#8246);
#3954=SURFACE_SIDE_STYLE('',(#8247));
#3955=EDGE_LOOP('',(#8248,#8249,#8250,#8251,#8252));
#3956=AXIS2_PLACEMENT_3D('',#8253,#8254,#8255);
#3957=SURFACE_SIDE_STYLE('',(#8256));
#3958=EDGE_LOOP('',(#8257,#8258,#8259,#8260,#8261,#8262));
#3959=AXIS2_PLACEMENT_3D('',#8263,#8264,#8265);
#3960=SURFACE_SIDE_STYLE('',(#8266));
#3961=EDGE_LOOP('',(#8267,#8268,#8269,#8270));
#3962=AXIS2_PLACEMENT_3D('',#8271,#8272,#8273);
#3963=SURFACE_SIDE_STYLE('',(#8274));
#3964=EDGE_LOOP('',(#8275,#8276,#8277));
#3965=AXIS2_PLACEMENT_3D('',#8278,#8279,#8280);
#3966=SURFACE_SIDE_STYLE('',(#8281));
#3967=EDGE_LOOP('',(#8282,#8283,#8284,#8285));
#3968=AXIS2_PLACEMENT_3D('',#8286,#8287,#8288);
#3969=SURFACE_SIDE_STYLE('',(#8289));
#3970=EDGE_LOOP('',(#8290,#8291,#8292,#8293,#8294));
#3971=AXIS2_PLACEMENT_3D('',#8295,#8296,#8297);
#3972=SURFACE_SIDE_STYLE('',(#8298));
#3973=EDGE_LOOP('',(#8299,#8300,#8301,#8302,#8303));
#3974=AXIS2_PLACEMENT_3D('',#8304,#8305,#8306);
#3975=SURFACE_SIDE_STYLE('',(#8307));
#3976=EDGE_LOOP('',(#8308,#8309,#8310,#8311));
#3977=AXIS2_PLACEMENT_3D('',#8312,#8313,#8314);
#3978=SURFACE_SIDE_STYLE('',(#8315));
#3979=EDGE_LOOP('',(#8316,#8317,#8318,#8319,#8320,#8321));
#3980=AXIS2_PLACEMENT_3D('',#8322,#8323,#8324);
#3981=SURFACE_SIDE_STYLE('',(#8325));
#3982=EDGE_LOOP('',(#8326,#8327,#8328,#8329));
#3983=AXIS2_PLACEMENT_3D('',#8330,#8331,#8332);
#3984=SURFACE_SIDE_STYLE('',(#8333));
#3985=ADVANCED_FACE('Face appearance 1',(#8334),#8335,.T.);
#3986=ADVANCED_FACE('Face appearance 1',(#8336),#8337,.T.);
#3987=ADVANCED_FACE('Face appearance 1',(#8338),#8339,.T.);
#3988=ADVANCED_FACE('Face appearance 1',(#8340),#8341,.T.);
#3989=ADVANCED_FACE('Face appearance 1',(#8342),#8343,.F.);
#3990=ADVANCED_FACE('Face appearance 1',(#8344),#8345,.T.);
#3991=ADVANCED_FACE('Face appearance 1',(#8346),#8347,.T.);
#3992=ADVANCED_FACE('Face appearance 1',(#8348),#8349,.T.);
#3993=ADVANCED_FACE('Face appearance 1',(#8350),#8351,.T.);
#3994=ADVANCED_FACE('Face appearance 1',(#8352),#8353,.T.);
#3995=ADVANCED_FACE('Face appearance 1',(#8354),#8355,.T.);
#3996=ADVANCED_FACE('Face appearance 1',(#8356),#8357,.T.);
#3997=ADVANCED_FACE('Face appearance 1',(#8358),#8359,.T.);
#3998=ADVANCED_FACE('Face appearance 1',(#8360),#8361,.F.);
#3999=ADVANCED_FACE('Face appearance 1',(#8362),#8363,.T.);
#4000=ADVANCED_FACE('Face appearance 1',(#8364),#8365,.T.);
#4001=ADVANCED_FACE('Face appearance 1',(#8366),#8367,.T.);
#4002=ADVANCED_FACE('Face appearance 1',(#8368),#8369,.T.);
#4003=ADVANCED_FACE('Face appearance 1',(#8370),#8371,.T.);
#4004=ADVANCED_FACE('Face appearance 1',(#8372),#8373,.T.);
#4005=ADVANCED_FACE('Face appearance 1',(#8374),#8375,.T.);
#4006=ADVANCED_FACE('Face appearance 1',(#8376),#8377,.T.);
#4007=ADVANCED_FACE('Face appearance 1',(#8378),#8379,.F.);
#4008=ADVANCED_FACE('Face appearance 1',(#8380),#8381,.T.);
#4009=ADVANCED_FACE('Face appearance 1',(#8382),#8383,.T.);
#4010=ADVANCED_FACE('Face appearance 1',(#8384),#8385,.T.);
#4011=ADVANCED_FACE('Face appearance 1',(#8386),#8387,.T.);
#4012=ADVANCED_FACE('Face appearance 1',(#8388),#8389,.T.);
#4013=ADVANCED_FACE('Face appearance 1',(#8390),#8391,.T.);
#4014=ADVANCED_FACE('Face appearance 1',(#8392),#8393,.T.);
#4015=ADVANCED_FACE('Face appearance 1',(#8394),#8395,.T.);
#4016=ADVANCED_FACE('Face appearance 1',(#8396),#8397,.F.);
#4017=ADVANCED_FACE('Face appearance 1',(#8398),#8399,.T.);
#4018=ADVANCED_FACE('Face appearance 1',(#8400),#8401,.T.);
#4019=ADVANCED_FACE('Face appearance 1',(#8402),#8403,.T.);
#4020=ADVANCED_FACE('Face appearance 1',(#8404),#8405,.T.);
#4021=ADVANCED_FACE('Face appearance 1',(#8406),#8407,.T.);
#4022=ADVANCED_FACE('Face appearance 1',(#8408),#8409,.T.);
#4023=ADVANCED_FACE('Face appearance 1',(#8410),#8411,.T.);
#4024=ADVANCED_FACE('Face appearance 1',(#8412),#8413,.T.);
#4025=ADVANCED_FACE('Face appearance 1',(#8414),#8415,.F.);
#4026=ADVANCED_FACE('Face appearance 1',(#8416),#8417,.T.);
#4027=ADVANCED_FACE('Face appearance 1',(#8418),#8419,.T.);
#4028=ADVANCED_FACE('Face appearance 1',(#8420),#8421,.T.);
#4029=ADVANCED_FACE('Face appearance 1',(#8422),#8423,.T.);
#4031=SURFACE_STYLE_FILL_AREA(#8424);
#4032=ORIENTED_EDGE('',*,*,#8425,.F.);
#4033=ORIENTED_EDGE('',*,*,#8426,.F.);
#4034=ORIENTED_EDGE('',*,*,#8427,.T.);
#4035=ORIENTED_EDGE('',*,*,#8428,.T.);
#4036=CARTESIAN_POINT('',(2.39999999993447,0.925,-3.18096));
#4037=DIRECTION('',(-0.0,-1.0,-1.22464679914735E-16));
#4038=DIRECTION('',(-1.0,0.0,0.0));
#4039=SURFACE_STYLE_FILL_AREA(#8429);
#4040=ORIENTED_EDGE('',*,*,#8430,.F.);
#4041=ORIENTED_EDGE('',*,*,#8431,.T.);
#4042=ORIENTED_EDGE('',*,*,#8432,.F.);
#4043=ORIENTED_EDGE('',*,*,#8433,.T.);
#4044=CARTESIAN_POINT('',(-2.4,0.925,-3.18096));
#4045=DIRECTION('',(0.0,-1.0,-1.22464679914735E-16));
#4046=DIRECTION('',(1.0,0.0,0.0));
#4047=SURFACE_STYLE_FILL_AREA(#8434);
#4048=ORIENTED_EDGE('',*,*,#8435,.T.);
#4049=ORIENTED_EDGE('',*,*,#8436,.T.);
#4050=ORIENTED_EDGE('',*,*,#8437,.F.);
#4051=ORIENTED_EDGE('',*,*,#8438,.F.);
#4052=CARTESIAN_POINT('',(-0.399999999995012,0.645,-3.93096));
#4053=DIRECTION('',(1.0,0.0,0.0));
#4054=DIRECTION('',(0.0,6.12323399573676E-17,-1.0));
#4055=SURFACE_STYLE_FILL_AREA(#8439);
#4056=ORIENTED_EDGE('',*,*,#8440,.T.);
#4057=ORIENTED_EDGE('',*,*,#8441,.T.);
#4058=ORIENTED_EDGE('',*,*,#8442,.F.);
#4059=ORIENTED_EDGE('',*,*,#8443,.F.);
#4060=CARTESIAN_POINT('',(0.400000000004988,0.895,-3.93096));
#4061=DIRECTION('',(-1.0,0.0,0.0));
#4062=DIRECTION('',(0.0,1.0,6.12323399573676E-17));
#4063=SURFACE_STYLE_FILL_AREA(#8444);
#4064=ORIENTED_EDGE('',*,*,#8442,.T.);
#4065=ORIENTED_EDGE('',*,*,#8445,.T.);
#4066=ORIENTED_EDGE('',*,*,#8435,.F.);
#4067=ORIENTED_EDGE('',*,*,#8446,.T.);
#4068=ORIENTED_EDGE('',*,*,#8447,.T.);
#4069=ORIENTED_EDGE('',*,*,#8448,.F.);
#4070=ORIENTED_EDGE('',*,*,#8449,.T.);
#4071=ORIENTED_EDGE('',*,*,#8450,.F.);
#4072=ORIENTED_EDGE('',*,*,#8451,.T.);
#4073=ORIENTED_EDGE('',*,*,#8452,.T.);
#4074=CARTESIAN_POINT('',(-1.725,0.645,-3.93096));
#4075=DIRECTION('',(0.0,1.0,1.22464679914735E-16));
#4076=DIRECTION('',(0.0,-1.22464679914735E-16,1.0));
#4077=SURFACE_STYLE_FILL_AREA(#8453);
#4078=ORIENTED_EDGE('',*,*,#8454,.F.);
#4079=ORIENTED_EDGE('',*,*,#8455,.T.);
#4080=ORIENTED_EDGE('',*,*,#8456,.F.);
#4081=ORIENTED_EDGE('',*,*,#8457,.F.);
#4082=ORIENTED_EDGE('',*,*,#8458,.T.);
#4083=ORIENTED_EDGE('',*,*,#8459,.T.);
#4084=ORIENTED_EDGE('',*,*,#8460,.F.);
#4085=ORIENTED_EDGE('',*,*,#8461,.F.);
#4086=CARTESIAN_POINT('',(5.1512127896558E-12,-0.14,-4.38096));
#4087=DIRECTION('',(0.0,1.22464679914735E-16,-1.0));
#4088=DIRECTION('',(0.0,-1.0,-1.22464679914735E-16));
#4089=SURFACE_STYLE_FILL_AREA(#8462);
#4090=ORIENTED_EDGE('',*,*,#8463,.T.);
#4091=ORIENTED_EDGE('',*,*,#8464,.T.);
#4092=ORIENTED_EDGE('',*,*,#8465,.F.);
#4093=ORIENTED_EDGE('',*,*,#8466,.T.);
#4094=ORIENTED_EDGE('',*,*,#8467,.F.);
#4095=ORIENTED_EDGE('',*,*,#8468,.T.);
#4096=ORIENTED_EDGE('',*,*,#8469,.F.);
#4097=ORIENTED_EDGE('',*,*,#8470,.T.);
#4098=CARTESIAN_POINT('',(5.1512127896558E-12,-0.14,-4.38096));
#4099=DIRECTION('',(0.0,1.22464679914735E-16,-1.0));
#4100=DIRECTION('',(0.0,-1.0,-1.22464679914735E-16));
#4101=SURFACE_STYLE_FILL_AREA(#8471);
#4102=ORIENTED_EDGE('',*,*,#8472,.F.);
#4103=ORIENTED_EDGE('',*,*,#8473,.T.);
#4104=ORIENTED_EDGE('',*,*,#8468,.F.);
#4105=CARTESIAN_POINT('',(2.35000000000515,0.895,-3.93096));
#4106=DIRECTION('',(0.0,1.22464679914735E-16,-1.0));
#4107=DIRECTION('',(-1.0,0.0,0.0));
#4108=SURFACE_STYLE_FILL_AREA(#8474);
#4109=ORIENTED_EDGE('',*,*,#8475,.F.);
#4110=ORIENTED_EDGE('',*,*,#8476,.T.);
#4111=ORIENTED_EDGE('',*,*,#8459,.F.);
#4112=ORIENTED_EDGE('',*,*,#8477,.T.);
#4113=CARTESIAN_POINT('',(-1.29999999997977,0.475,-5.05096));
#4114=DIRECTION('',(-1.0,0.0,0.0));
#4115=DIRECTION('',(0.0,1.0,6.12323399573676E-17));
#4116=SURFACE_STYLE_FILL_AREA(#8478);
#4117=ORIENTED_EDGE('',*,*,#8479,.F.);
#4118=ORIENTED_EDGE('',*,*,#8480,.F.);
#4119=ORIENTED_EDGE('',*,*,#8481,.F.);
#4120=ORIENTED_EDGE('',*,*,#8482,.F.);
#4121=ORIENTED_EDGE('',*,*,#8483,.F.);
#4122=ORIENTED_EDGE('',*,*,#8484,.F.);
#4123=CARTESIAN_POINT('',(4.1040024,-1.105,-5.05096));
#4124=DIRECTION('',(0.0,1.0,1.22464679914735E-16));
#4125=DIRECTION('',(0.0,-1.22464679914735E-16,1.0));
#4126=SURFACE_STYLE_FILL_AREA(#8485);
#4127=ORIENTED_EDGE('',*,*,#8486,.T.);
#4128=ORIENTED_EDGE('',*,*,#8487,.T.);
#4129=ORIENTED_EDGE('',*,*,#8488,.T.);
#4130=ORIENTED_EDGE('',*,*,#8489,.T.);
#4131=ORIENTED_EDGE('',*,*,#8490,.T.);
#4132=CARTESIAN_POINT('',(0.52500000000305,-0.27885849914417,-4.49112443960423));
#4133=DIRECTION('',(-1.0,0.0,0.0));
#4134=DIRECTION('',(0.0,1.0,6.12323399573676E-17));
#4135=SURFACE_STYLE_FILL_AREA(#8491);
#4136=ORIENTED_EDGE('',*,*,#8492,.F.);
#4137=ORIENTED_EDGE('',*,*,#8479,.T.);
#4138=ORIENTED_EDGE('',*,*,#8493,.T.);
#4139=ORIENTED_EDGE('',*,*,#8494,.T.);
#4140=ORIENTED_EDGE('',*,*,#8495,.T.);
#4141=CARTESIAN_POINT('',(0.77500000000305,-0.27885849914359,-4.49112443960423));
#4142=DIRECTION('',(-1.0,0.0,0.0));
#4143=DIRECTION('',(0.0,1.0,6.12323399573676E-17));
#4144=SURFACE_STYLE_FILL_AREA(#8496);
#4145=ORIENTED_EDGE('',*,*,#8497,.F.);
#4146=ORIENTED_EDGE('',*,*,#8498,.T.);
#4147=ORIENTED_EDGE('',*,*,#8499,.T.);
#4148=ORIENTED_EDGE('',*,*,#8500,.T.);
#4149=ORIENTED_EDGE('',*,*,#8501,.T.);
#4150=ORIENTED_EDGE('',*,*,#8502,.F.);
#4151=ORIENTED_EDGE('',*,*,#8503,.T.);
#4152=ORIENTED_EDGE('',*,*,#8504,.F.);
#4153=ORIENTED_EDGE('',*,*,#8505,.T.);
#4154=ORIENTED_EDGE('',*,*,#8506,.F.);
#4155=ORIENTED_EDGE('',*,*,#8507,.T.);
#4156=ORIENTED_EDGE('',*,*,#8508,.F.);
#4157=ORIENTED_EDGE('',*,*,#8509,.F.);
#4158=ORIENTED_EDGE('',*,*,#8510,.T.);
#4159=ORIENTED_EDGE('',*,*,#8511,.F.);
#4160=ORIENTED_EDGE('',*,*,#8512,.T.);
#4161=ORIENTED_EDGE('',*,*,#8513,.T.);
#4162=ORIENTED_EDGE('',*,*,#8514,.F.);
#4163=ORIENTED_EDGE('',*,*,#8515,.T.);
#4164=ORIENTED_EDGE('',*,*,#8516,.F.);
#4165=ORIENTED_EDGE('',*,*,#8517,.T.);
#4166=ORIENTED_EDGE('',*,*,#8518,.T.);
#4167=ORIENTED_EDGE('',*,*,#8519,.T.);
#4168=ORIENTED_EDGE('',*,*,#8520,.F.);
#4169=ORIENTED_EDGE('',*,*,#8521,.T.);
#4170=ORIENTED_EDGE('',*,*,#8522,.F.);
#4171=ORIENTED_EDGE('',*,*,#8523,.F.);
#4172=ORIENTED_EDGE('',*,*,#8524,.F.);
#4173=ORIENTED_EDGE('',*,*,#8525,.T.);
#4174=ORIENTED_EDGE('',*,*,#8526,.T.);
#4175=ORIENTED_EDGE('',*,*,#8527,.T.);
#4176=ORIENTED_EDGE('',*,*,#8528,.F.);
#4177=ORIENTED_EDGE('',*,*,#8529,.T.);
#4178=ORIENTED_EDGE('',*,*,#8530,.F.);
#4179=ORIENTED_EDGE('',*,*,#8531,.T.);
#4180=ORIENTED_EDGE('',*,*,#8532,.F.);
#4181=ORIENTED_EDGE('',*,*,#8533,.T.);
#4182=ORIENTED_EDGE('',*,*,#8534,.F.);
#4183=ORIENTED_EDGE('',*,*,#8535,.T.);
#4184=ORIENTED_EDGE('',*,*,#8536,.T.);
#4185=ORIENTED_EDGE('',*,*,#8537,.F.);
#4186=ORIENTED_EDGE('',*,*,#8538,.T.);
#4187=ORIENTED_EDGE('',*,*,#8539,.F.);
#4188=ORIENTED_EDGE('',*,*,#8540,.F.);
#4189=ORIENTED_EDGE('',*,*,#8541,.F.);
#4190=ORIENTED_EDGE('',*,*,#8542,.T.);
#4191=ORIENTED_EDGE('',*,*,#8543,.T.);
#4192=ORIENTED_EDGE('',*,*,#8544,.F.);
#4193=ORIENTED_EDGE('',*,*,#8545,.T.);
#4194=ORIENTED_EDGE('',*,*,#8546,.T.);
#4195=ORIENTED_EDGE('',*,*,#8547,.F.);
#4196=ORIENTED_EDGE('',*,*,#8548,.T.);
#4197=ORIENTED_EDGE('',*,*,#8549,.T.);
#4198=CARTESIAN_POINT('',(1.68036695121665,0.924999999987686,-9.0193894314056));
#4199=DIRECTION('',(0.0,1.0,1.22464679914735E-16));
#4200=DIRECTION('',(0.0,-1.22464679914735E-16,1.0));
#4201=SURFACE_STYLE_FILL_AREA(#8550);
#4202=ORIENTED_EDGE('',*,*,#8551,.F.);
#4203=ORIENTED_EDGE('',*,*,#8552,.F.);
#4204=ORIENTED_EDGE('',*,*,#8553,.F.);
#4205=ORIENTED_EDGE('',*,*,#8554,.T.);
#4206=ORIENTED_EDGE('',*,*,#8555,.F.);
#4207=CARTESIAN_POINT('',(-2.21000000000128,0.925,-4.28096));
#4208=DIRECTION('',(0.0,-1.0,-1.22464679914735E-16));
#4209=DIRECTION('',(1.0,0.0,0.0));
#4210=SURFACE_STYLE_FILL_AREA(#8556);
#4211=ORIENTED_EDGE('',*,*,#8557,.T.);
#4212=ORIENTED_EDGE('',*,*,#8558,.T.);
#4213=ORIENTED_EDGE('',*,*,#8559,.F.);
#4214=ORIENTED_EDGE('',*,*,#8560,.F.);
#4215=ORIENTED_EDGE('',*,*,#8561,.F.);
#4216=ORIENTED_EDGE('',*,*,#8562,.T.);
#4217=ORIENTED_EDGE('',*,*,#8563,.F.);
#4218=ORIENTED_EDGE('',*,*,#8564,.T.);
#4219=ORIENTED_EDGE('',*,*,#8565,.F.);
#4220=ORIENTED_EDGE('',*,*,#8566,.F.);
#4221=ORIENTED_EDGE('',*,*,#8567,.F.);
#4222=CARTESIAN_POINT('',(-3.45000000000548,2.74425468354852,-9.01938943138473));
#4223=DIRECTION('',(1.0,0.0,0.0));
#4224=DIRECTION('',(0.0,6.12323399573676E-17,-1.0));
#4225=SURFACE_STYLE_FILL_AREA(#8568);
#4226=ORIENTED_EDGE('',*,*,#8569,.F.);
#4227=ORIENTED_EDGE('',*,*,#8557,.F.);
#4228=ORIENTED_EDGE('',*,*,#8570,.T.);
#4229=ORIENTED_EDGE('',*,*,#8571,.T.);
#4230=CARTESIAN_POINT('',(-3.19999999998247,-0.0714465541695256,-3.2260245592927));
#4231=DIRECTION('',(1.79366203433577E-43,1.22464679914735E-16,-1.0));
#4232=DIRECTION('',(-1.0,8.55045201308968E-12,1.04712836890933E-27));
#4233=SURFACE_STYLE_FILL_AREA(#8572);
#4234=ORIENTED_EDGE('',*,*,#8573,.F.);
#4235=ORIENTED_EDGE('',*,*,#8574,.T.);
#4236=ORIENTED_EDGE('',*,*,#8571,.F.);
#4237=ORIENTED_EDGE('',*,*,#8575,.T.);
#4238=ORIENTED_EDGE('',*,*,#8576,.T.);
#4239=ORIENTED_EDGE('',*,*,#8577,.F.);
#4240=ORIENTED_EDGE('',*,*,#8578,.F.);
#4241=CARTESIAN_POINT('',(-5.56209872680184,1.93709878204021,-9.01938943137195));
#4242=DIRECTION('',(0.707106781186548,0.707106781186548,8.65956056235493E-17));
#4243=DIRECTION('',(-8.92494232791577E-33,-1.22464679914735E-16,1.0));
#4244=SURFACE_STYLE_FILL_AREA(#8579);
#4245=ORIENTED_EDGE('',*,*,#8580,.F.);
#4246=ORIENTED_EDGE('',*,*,#8581,.T.);
#4247=ORIENTED_EDGE('',*,*,#8582,.T.);
#4248=ORIENTED_EDGE('',*,*,#8583,.F.);
#4249=ORIENTED_EDGE('',*,*,#8584,.T.);
#4250=ORIENTED_EDGE('',*,*,#8585,.F.);
#4251=CARTESIAN_POINT('',(-0.8,-1.225,-3.93096));
#4252=DIRECTION('',(0.0,-1.22464679914735E-16,1.0));
#4253=DIRECTION('',(0.0,-1.0,-1.22464679914735E-16));
#4254=SURFACE_STYLE_FILL_AREA(#8586);
#4255=ORIENTED_EDGE('',*,*,#8587,.F.);
#4256=ORIENTED_EDGE('',*,*,#8588,.T.);
#4257=ORIENTED_EDGE('',*,*,#8589,.T.);
#4258=ORIENTED_EDGE('',*,*,#8590,.F.);
#4259=ORIENTED_EDGE('',*,*,#8591,.T.);
#4260=ORIENTED_EDGE('',*,*,#8592,.F.);
#4261=ORIENTED_EDGE('',*,*,#8593,.T.);
#4262=CARTESIAN_POINT('',(1.20000000000085,0.825,-5.03096));
#4263=DIRECTION('',(-1.0,0.0,0.0));
#4264=DIRECTION('',(0.0,1.0,6.12323399573676E-17));
#4265=SURFACE_STYLE_FILL_AREA(#8594);
#4266=ORIENTED_EDGE('',*,*,#8595,.F.);
#4267=ORIENTED_EDGE('',*,*,#8596,.T.);
#4268=ORIENTED_EDGE('',*,*,#8597,.T.);
#4269=ORIENTED_EDGE('',*,*,#8598,.T.);
#4270=ORIENTED_EDGE('',*,*,#8599,.T.);
#4271=ORIENTED_EDGE('',*,*,#8600,.T.);
#4272=ORIENTED_EDGE('',*,*,#8601,.F.);
#4273=ORIENTED_EDGE('',*,*,#8602,.T.);
#4274=CARTESIAN_POINT('',(1.68036695121665,-2.84942736067515,-5.12595999998768));
#4275=DIRECTION('',(0.0,1.22464679914735E-16,-1.0));
#4276=DIRECTION('',(0.0,-1.0,-1.22464679914735E-16));
#4277=SURFACE_STYLE_FILL_AREA(#8603);
#4278=ORIENTED_EDGE('',*,*,#8604,.F.);
#4279=ORIENTED_EDGE('',*,*,#8605,.F.);
#4280=ORIENTED_EDGE('',*,*,#8593,.F.);
#4281=ORIENTED_EDGE('',*,*,#8606,.F.);
#4282=ORIENTED_EDGE('',*,*,#8607,.T.);
#4283=CARTESIAN_POINT('',(1.35000000000085,0.925,-4.28096));
#4284=DIRECTION('',(0.0,1.0,1.22464666591244E-16));
#4285=DIRECTION('',(0.0,1.22464666591244E-16,-1.0));
#4286=SURFACE_STYLE_FILL_AREA(#8608);
#4287=ORIENTED_EDGE('',*,*,#8609,.F.);
#4288=ORIENTED_EDGE('',*,*,#8555,.T.);
#4289=ORIENTED_EDGE('',*,*,#8610,.F.);
#4290=ORIENTED_EDGE('',*,*,#8611,.F.);
#4291=CARTESIAN_POINT('',(-2.36,1.22500000000496,-4.13096));
#4292=DIRECTION('',(0.0,-1.22464666591244E-16,1.0));
#4293=DIRECTION('',(0.0,-1.0,-1.22464666591244E-16));
#4294=SURFACE_STYLE_FILL_AREA(#8612);
#4295=ORIENTED_EDGE('',*,*,#8613,.F.);
#4296=ORIENTED_EDGE('',*,*,#8614,.T.);
#4297=ORIENTED_EDGE('',*,*,#8615,.F.);
#4298=ORIENTED_EDGE('',*,*,#8616,.F.);
#4299=ORIENTED_EDGE('',*,*,#8617,.F.);
#4300=ORIENTED_EDGE('',*,*,#8618,.T.);
#4301=ORIENTED_EDGE('',*,*,#8619,.T.);
#4302=CARTESIAN_POINT('',(-1.19999999997649,2.03900218572417,-5.43096));
#4303=DIRECTION('',(1.0,0.0,0.0));
#4304=DIRECTION('',(0.0,6.12323399573676E-17,-1.0));
#4305=SURFACE_STYLE_FILL_AREA(#8620);
#4306=ORIENTED_EDGE('',*,*,#8621,.F.);
#4307=ORIENTED_EDGE('',*,*,#8607,.F.);
#4308=ORIENTED_EDGE('',*,*,#8622,.F.);
#4309=ORIENTED_EDGE('',*,*,#8623,.T.);
#4310=CARTESIAN_POINT('',(-2.36,1.22500000000496,-4.13096));
#4311=DIRECTION('',(0.0,-1.22464666591244E-16,1.0));
#4312=DIRECTION('',(0.0,-1.0,-1.22464666591244E-16));
#4313=SURFACE_STYLE_FILL_AREA(#8624);
#4314=ORIENTED_EDGE('',*,*,#8625,.F.);
#4315=ORIENTED_EDGE('',*,*,#8611,.T.);
#4316=ORIENTED_EDGE('',*,*,#8626,.T.);
#4317=ORIENTED_EDGE('',*,*,#8614,.F.);
#4318=ORIENTED_EDGE('',*,*,#8627,.F.);
#4319=CARTESIAN_POINT('',(-1.34999999998141,0.925,-4.28096));
#4320=DIRECTION('',(-5.6961517504971E-35,-1.0,-1.22464666591244E-16));
#4321=DIRECTION('',(1.17017485056599E-66,-1.22464666591244E-16,1.0));
#4322=SURFACE_STYLE_FILL_AREA(#8628);
#4323=ORIENTED_EDGE('',*,*,#8629,.F.);
#4324=ORIENTED_EDGE('',*,*,#8623,.F.);
#4325=ORIENTED_EDGE('',*,*,#8630,.F.);
#4326=ORIENTED_EDGE('',*,*,#8631,.T.);
#4327=ORIENTED_EDGE('',*,*,#8632,.F.);
#4328=CARTESIAN_POINT('',(2.20999999999872,0.925,-4.28096));
#4329=DIRECTION('',(0.0,1.0,1.22464679914735E-16));
#4330=DIRECTION('',(-1.0,0.0,0.0));
#4331=SURFACE_STYLE_FILL_AREA(#8633);
#4332=ORIENTED_EDGE('',*,*,#8634,.F.);
#4333=ORIENTED_EDGE('',*,*,#8635,.F.);
#4334=ORIENTED_EDGE('',*,*,#8636,.F.);
#4335=ORIENTED_EDGE('',*,*,#8637,.F.);
#4336=CARTESIAN_POINT('',(1.68036695122362,-0.54500011500672,-5.13095999998768));
#4337=DIRECTION('',(4.39638921630004E-12,0.92847669088526,-0.371390676354103));
#4338=DIRECTION('',(1.0,-7.24846411654984E-28,1.18376402430423E-11));
#4339=SURFACE_STYLE_FILL_AREA(#8638);
#4340=ORIENTED_EDGE('',*,*,#8639,.F.);
#4341=ORIENTED_EDGE('',*,*,#8640,.F.);
#4342=ORIENTED_EDGE('',*,*,#8641,.F.);
#4343=ORIENTED_EDGE('',*,*,#8642,.F.);
#4344=CARTESIAN_POINT('',(1.68036695122362,-0.54500011500672,-5.13095999998768));
#4345=DIRECTION('',(4.39638921630004E-12,0.92847669088526,-0.371390676354103));
#4346=DIRECTION('',(1.0,-7.24846411654984E-28,1.18376402430423E-11));
#4347=SURFACE_STYLE_FILL_AREA(#8643);
#4348=ORIENTED_EDGE('',*,*,#8644,.F.);
#4349=ORIENTED_EDGE('',*,*,#8645,.F.);
#4350=ORIENTED_EDGE('',*,*,#8646,.F.);
#4351=ORIENTED_EDGE('',*,*,#8647,.F.);
#4352=CARTESIAN_POINT('',(1.6803669512249,-0.54500011500672,-5.43095999998768));
#4353=DIRECTION('',(-1.2207537488065E-12,-0.92847669088526,-0.371390676354102));
#4354=DIRECTION('',(-1.0,1.31479202525005E-12,-7.39852259822653E-30));
#4355=SURFACE_STYLE_FILL_AREA(#8648);
#4356=ORIENTED_EDGE('',*,*,#8649,.F.);
#4357=ORIENTED_EDGE('',*,*,#8650,.F.);
#4358=ORIENTED_EDGE('',*,*,#8651,.F.);
#4359=ORIENTED_EDGE('',*,*,#8652,.F.);
#4360=CARTESIAN_POINT('',(1.6803669512249,-0.54500011500672,-5.43095999998768));
#4361=DIRECTION('',(-1.2207537488065E-12,-0.92847669088526,-0.371390676354102));
#4362=DIRECTION('',(-1.0,1.31479202525005E-12,-7.39852259822653E-30));
#4363=SURFACE_STYLE_FILL_AREA(#8653);
#4364=ORIENTED_EDGE('',*,*,#8654,.T.);
#4365=ORIENTED_EDGE('',*,*,#8655,.T.);
#4366=ORIENTED_EDGE('',*,*,#8635,.T.);
#4367=ORIENTED_EDGE('',*,*,#8656,.F.);
#4368=CARTESIAN_POINT('',(-1.45000000000005,-0.60500011499725,-5.20596000000107));
#4369=DIRECTION('',(0.0,-1.22464679914735E-16,1.0));
#4370=DIRECTION('',(0.0,-1.0,-1.22464679914735E-16));
#4371=SURFACE_STYLE_FILL_AREA(#8657);
#4372=ORIENTED_EDGE('',*,*,#8658,.T.);
#4373=ORIENTED_EDGE('',*,*,#8659,.T.);
#4374=ORIENTED_EDGE('',*,*,#8640,.T.);
#4375=ORIENTED_EDGE('',*,*,#8660,.F.);
#4376=CARTESIAN_POINT('',(-1.45000000000005,-0.60500011499725,-5.20596000000107));
#4377=DIRECTION('',(0.0,-1.22464679914735E-16,1.0));
#4378=DIRECTION('',(0.0,-1.0,-1.22464679914735E-16));
#4379=SURFACE_STYLE_FILL_AREA(#8661);
#4380=ORIENTED_EDGE('',*,*,#8662,.T.);
#4381=ORIENTED_EDGE('',*,*,#8663,.T.);
#4382=ORIENTED_EDGE('',*,*,#8645,.T.);
#4383=ORIENTED_EDGE('',*,*,#8664,.F.);
#4384=CARTESIAN_POINT('',(-0.54999999999877,-0.60500011499998,-5.35595999999722));
#4385=DIRECTION('',(0.0,1.22464679914735E-16,-1.0));
#4386=DIRECTION('',(0.0,-1.0,-1.22464679914735E-16));
#4387=SURFACE_STYLE_FILL_AREA(#8665);
#4388=ORIENTED_EDGE('',*,*,#8666,.T.);
#4389=ORIENTED_EDGE('',*,*,#8667,.T.);
#4390=ORIENTED_EDGE('',*,*,#8650,.T.);
#4391=ORIENTED_EDGE('',*,*,#8668,.F.);
#4392=CARTESIAN_POINT('',(-0.54999999999877,-0.60500011499998,-5.35595999999722));
#4393=DIRECTION('',(0.0,1.22464679914735E-16,-1.0));
#4394=DIRECTION('',(0.0,-1.0,-1.22464679914735E-16));
#4395=SURFACE_STYLE_FILL_AREA(#8669);
#4396=ORIENTED_EDGE('',*,*,#8668,.T.);
#4397=ORIENTED_EDGE('',*,*,#8649,.T.);
#4398=ORIENTED_EDGE('',*,*,#8670,.T.);
#4399=ORIENTED_EDGE('',*,*,#8671,.T.);
#4400=ORIENTED_EDGE('',*,*,#8672,.T.);
#4401=ORIENTED_EDGE('',*,*,#8673,.F.);
#4402=ORIENTED_EDGE('',*,*,#8641,.T.);
#4403=ORIENTED_EDGE('',*,*,#8659,.F.);
#4404=ORIENTED_EDGE('',*,*,#8674,.T.);
#4405=CARTESIAN_POINT('',(1.59999999999995,-0.60500011500648,-5.13095999998802));
#4406=DIRECTION('',(0.0,-1.22464679914735E-16,1.0));
#4407=DIRECTION('',(1.0,0.0,0.0));
#4408=SURFACE_STYLE_FILL_AREA(#8675);
#4409=ORIENTED_EDGE('',*,*,#8676,.T.);
#4410=ORIENTED_EDGE('',*,*,#8651,.T.);
#4411=ORIENTED_EDGE('',*,*,#8667,.F.);
#4412=ORIENTED_EDGE('',*,*,#8677,.T.);
#4413=ORIENTED_EDGE('',*,*,#8660,.T.);
#4414=ORIENTED_EDGE('',*,*,#8639,.T.);
#4415=ORIENTED_EDGE('',*,*,#8678,.F.);
#4416=ORIENTED_EDGE('',*,*,#8679,.T.);
#4417=CARTESIAN_POINT('',(0.399999999999947,-0.60500011500285,-5.13095999999315));
#4418=DIRECTION('',(0.0,-1.22464679914735E-16,1.0));
#4419=DIRECTION('',(1.0,0.0,0.0));
#4420=SURFACE_STYLE_FILL_AREA(#8680);
#4421=ORIENTED_EDGE('',*,*,#8664,.T.);
#4422=ORIENTED_EDGE('',*,*,#8644,.T.);
#4423=ORIENTED_EDGE('',*,*,#8681,.T.);
#4424=ORIENTED_EDGE('',*,*,#8682,.T.);
#4425=ORIENTED_EDGE('',*,*,#8683,.F.);
#4426=ORIENTED_EDGE('',*,*,#8636,.T.);
#4427=ORIENTED_EDGE('',*,*,#8655,.F.);
#4428=ORIENTED_EDGE('',*,*,#8684,.T.);
#4429=CARTESIAN_POINT('',(-0.400000000000053,-0.60500011500043,-5.13095999999657));
#4430=DIRECTION('',(0.0,-1.22464679914735E-16,1.0));
#4431=DIRECTION('',(1.0,0.0,0.0));
#4432=SURFACE_STYLE_FILL_AREA(#8685);
#4433=ORIENTED_EDGE('',*,*,#8686,.T.);
#4434=ORIENTED_EDGE('',*,*,#8646,.T.);
#4435=ORIENTED_EDGE('',*,*,#8663,.F.);
#4436=ORIENTED_EDGE('',*,*,#8687,.T.);
#4437=ORIENTED_EDGE('',*,*,#8656,.T.);
#4438=ORIENTED_EDGE('',*,*,#8634,.T.);
#4439=ORIENTED_EDGE('',*,*,#8688,.F.);
#4440=ORIENTED_EDGE('',*,*,#8689,.F.);
#4441=ORIENTED_EDGE('',*,*,#8690,.T.);
#4442=CARTESIAN_POINT('',(-1.60000000000005,-0.6050001149968,-5.1309600000017));
#4443=DIRECTION('',(0.0,-1.22464679914735E-16,1.0));
#4444=DIRECTION('',(1.0,0.0,0.0));
#4445=SURFACE_STYLE_FILL_AREA(#8691);
#4446=ORIENTED_EDGE('',*,*,#8692,.T.);
#4447=ORIENTED_EDGE('',*,*,#8693,.T.);
#4448=ORIENTED_EDGE('',*,*,#8694,.F.);
#4449=ORIENTED_EDGE('',*,*,#8695,.F.);
#4450=CARTESIAN_POINT('',(-3.24999999999908,-1.325,-3.93096));
#4451=DIRECTION('',(0.0,1.22464679914735E-16,-1.0));
#4452=DIRECTION('',(1.0,0.0,0.0));
#4453=SURFACE_STYLE_FILL_AREA(#8696);
#4454=ORIENTED_EDGE('',*,*,#8697,.T.);
#4455=ORIENTED_EDGE('',*,*,#8698,.F.);
#4456=ORIENTED_EDGE('',*,*,#8699,.F.);
#4457=ORIENTED_EDGE('',*,*,#8700,.T.);
#4458=CARTESIAN_POINT('',(0.0,-1.62499981424611,-2.33096));
#4459=DIRECTION('',(-1.0,0.0,-0.0));
#4460=DIRECTION('',(0.0,-1.0,-1.22464679914735E-16));
#4461=SURFACE_STYLE_FILL_AREA(#8701);
#4462=ORIENTED_EDGE('',*,*,#8702,.F.);
#4463=ORIENTED_EDGE('',*,*,#8703,.T.);
#4464=ORIENTED_EDGE('',*,*,#8704,.T.);
#4465=ORIENTED_EDGE('',*,*,#8705,.F.);
#4466=CARTESIAN_POINT('',(-3.19999999997373,-0.0714465541695257,-1.7809599999806));
#4467=DIRECTION('',(-0.0,1.22464679914735E-16,-1.0));
#4468=DIRECTION('',(-1.0,0.0,0.0));
#4469=SURFACE_STYLE_FILL_AREA(#8706);
#4470=ORIENTED_EDGE('',*,*,#8707,.F.);
#4471=ORIENTED_EDGE('',*,*,#8708,.F.);
#4472=ORIENTED_EDGE('',*,*,#8565,.T.);
#4473=ORIENTED_EDGE('',*,*,#8705,.T.);
#4474=CARTESIAN_POINT('',(-3.49999999997708,-0.0779167712783696,-2.3309599999788));
#4475=DIRECTION('',(1.0,-0.0,-0.0));
#4476=DIRECTION('',(0.0,1.22464679914735E-16,-1.0));
#4477=SURFACE_STYLE_FILL_AREA(#8709);
#4478=ORIENTED_EDGE('',*,*,#8710,.F.);
#4479=ORIENTED_EDGE('',*,*,#8711,.F.);
#4480=ORIENTED_EDGE('',*,*,#8566,.T.);
#4481=ORIENTED_EDGE('',*,*,#8708,.T.);
#4482=CARTESIAN_POINT('',(-3.47499999997635,0.447083228721519,-2.5809599999782));
#4483=DIRECTION('',(0.707106781186548,-0.707106781186548,-8.65956056235493E-17));
#4484=DIRECTION('',(8.92494232791577E-33,-1.22464679914735E-16,1.0));
#4485=SURFACE_STYLE_FILL_AREA(#8712);
#4486=ORIENTED_EDGE('',*,*,#8567,.T.);
#4487=ORIENTED_EDGE('',*,*,#8711,.T.);
#4488=ORIENTED_EDGE('',*,*,#8713,.F.);
#4489=ORIENTED_EDGE('',*,*,#8714,.T.);
#4490=CARTESIAN_POINT('',(-3.4499999999801,-0.0779167712785896,-2.8309599999776));
#4491=DIRECTION('',(1.0,-0.0,-0.0));
#4492=DIRECTION('',(0.0,1.22464679914735E-16,-1.0));
#4493=SURFACE_STYLE_FILL_AREA(#8715);
#4494=ORIENTED_EDGE('',*,*,#8716,.T.);
#4495=ORIENTED_EDGE('',*,*,#8717,.F.);
#4496=ORIENTED_EDGE('',*,*,#8570,.F.);
#4497=ORIENTED_EDGE('',*,*,#8714,.F.);
#4498=CARTESIAN_POINT('',(-3.1999999999831,-0.0714465541695256,-3.3309599999791));
#4499=DIRECTION('',(-0.0,-1.22464679914735E-16,1.0));
#4500=DIRECTION('',(1.0,0.0,0.0));
#4501=SURFACE_STYLE_FILL_AREA(#8718);
#4502=ORIENTED_EDGE('',*,*,#8575,.F.);
#4503=ORIENTED_EDGE('',*,*,#8717,.T.);
#4504=ORIENTED_EDGE('',*,*,#8719,.T.);
#4505=ORIENTED_EDGE('',*,*,#8720,.F.);
#4506=CARTESIAN_POINT('',(-3.09267764192654,-0.56767764188142,-3.3559599999797));
#4507=DIRECTION('',(-0.50000000000641,-0.499999999997856,-0.707106781183531));
#4508=DIRECTION('',(-0.707106781180499,0.707106781192596,6.18432683483904E-17));
#4509=SURFACE_STYLE_FILL_AREA(#8721);
#4510=ORIENTED_EDGE('',*,*,#8722,.F.);
#4511=ORIENTED_EDGE('',*,*,#8720,.T.);
#4512=ORIENTED_EDGE('',*,*,#8723,.T.);
#4513=ORIENTED_EDGE('',*,*,#8724,.F.);
#4514=CARTESIAN_POINT('',(-2.59644655421274,-0.674999999939405,-3.38095999996904));
#4515=DIRECTION('',(-1.18973913067027E-10,-1.18974035529671E-10,1.0));
#4516=DIRECTION('',(1.0,-1.41548065603404E-20,1.18973913067027E-10));
#4517=SURFACE_STYLE_FILL_AREA(#8725);
#4518=ORIENTED_EDGE('',*,*,#8726,.T.);
#4519=ORIENTED_EDGE('',*,*,#8727,.T.);
#4520=ORIENTED_EDGE('',*,*,#8728,.F.);
#4521=ORIENTED_EDGE('',*,*,#8729,.F.);
#4522=CARTESIAN_POINT('',(3.09267764185179,-0.56767764188127,-1.8059600000187));
#4523=DIRECTION('',(0.500000000004279,-0.499999999995726,0.707106781186544));
#4524=DIRECTION('',(-2.84217094306472E-17,-0.816496580930051,-0.577350269186337));
#4525=SURFACE_STYLE_FILL_AREA(#8730);
#4526=ORIENTED_EDGE('',*,*,#8731,.F.);
#4527=ORIENTED_EDGE('',*,*,#8727,.F.);
#4528=ORIENTED_EDGE('',*,*,#8732,.T.);
#4529=ORIENTED_EDGE('',*,*,#8733,.T.);
#4530=CARTESIAN_POINT('',(3.19999999999604,-0.0714465541721735,-1.83096000002506));
#4531=DIRECTION('',(1.17848611390803E-11,-1.17847560162309E-11,-1.0));
#4532=DIRECTION('',(-1.0,-1.38881713209221E-22,-1.17848611390803E-11));
#4533=SURFACE_STYLE_FILL_AREA(#8734);
#4534=ORIENTED_EDGE('',*,*,#8735,.T.);
#4535=ORIENTED_EDGE('',*,*,#8736,.F.);
#4536=ORIENTED_EDGE('',*,*,#8737,.F.);
#4537=ORIENTED_EDGE('',*,*,#8733,.F.);
#4538=CARTESIAN_POINT('',(3.44999999988148,-0.0779167713060835,-2.3309600000209));
#4539=DIRECTION('',(-1.0,8.02136135291676E-11,9.8233345056538E-27));
#4540=DIRECTION('',(0.0,-1.22464679914735E-16,1.0));
#4541=SURFACE_STYLE_FILL_AREA(#8738);
#4542=ORIENTED_EDGE('',*,*,#8739,.F.);
#4543=ORIENTED_EDGE('',*,*,#8740,.F.);
#4544=ORIENTED_EDGE('',*,*,#8741,.T.);
#4545=ORIENTED_EDGE('',*,*,#8736,.T.);
#4546=CARTESIAN_POINT('',(3.47499999991083,0.447083228691806,-2.5809600000103));
#4547=DIRECTION('',(-0.707106781186547,-0.707106781186547,-8.65956056235493E-17));
#4548=DIRECTION('',(-0.707106781186547,0.707106781186547,4.32978028117747E-17));
#4549=SURFACE_STYLE_FILL_AREA(#8742);
#4550=ORIENTED_EDGE('',*,*,#8743,.F.);
#4551=ORIENTED_EDGE('',*,*,#8740,.T.);
#4552=ORIENTED_EDGE('',*,*,#8744,.T.);
#4553=ORIENTED_EDGE('',*,*,#8745,.F.);
#4554=CARTESIAN_POINT('',(3.4999999999118,-0.0779167713085515,-2.83096));
#4555=DIRECTION('',(-1.0,1.00931485391698E-11,1.23605420518131E-27));
#4556=DIRECTION('',(1.00931485391698E-11,1.0,1.22464679914735E-16));
#4557=SURFACE_STYLE_FILL_AREA(#8746);
#4558=ORIENTED_EDGE('',*,*,#8747,.F.);
#4559=ORIENTED_EDGE('',*,*,#8748,.T.);
#4560=ORIENTED_EDGE('',*,*,#8749,.T.);
#4561=ORIENTED_EDGE('',*,*,#8745,.T.);
#4562=CARTESIAN_POINT('',(3.19999999991822,-0.0714465541698576,-3.38096000000458));
#4563=DIRECTION('',(-1.3295621444814E-11,1.32954989800203E-11,1.0));
#4564=DIRECTION('',(1.0,1.76771921358262E-22,1.3295621444814E-11));
#4565=SURFACE_STYLE_FILL_AREA(#8750);
#4566=ORIENTED_EDGE('',*,*,#8751,.F.);
#4567=ORIENTED_EDGE('',*,*,#8752,.F.);
#4568=ORIENTED_EDGE('',*,*,#8753,.T.);
#4569=ORIENTED_EDGE('',*,*,#8748,.F.);
#4570=CARTESIAN_POINT('',(3.09267764186094,-0.5676776418815,-3.35596));
#4571=DIRECTION('',(-0.500000000003201,0.499999999998925,0.707106781185044));
#4572=DIRECTION('',(-0.816496580925405,6.37742173880408E-17,-0.577350269192908));
#4573=SURFACE_STYLE_FILL_AREA(#8754);
#4574=ORIENTED_EDGE('',*,*,#8755,.F.);
#4575=ORIENTED_EDGE('',*,*,#8756,.T.);
#4576=ORIENTED_EDGE('',*,*,#8757,.T.);
#4577=ORIENTED_EDGE('',*,*,#8752,.T.);
#4578=CARTESIAN_POINT('',(2.59644655415019,-0.67499999994238,-3.38096));
#4579=DIRECTION('',(-0.0,-1.22464679914735E-16,1.0));
#4580=DIRECTION('',(1.0,0.0,0.0));
#4581=SURFACE_STYLE_FILL_AREA(#8758);
#4582=ORIENTED_EDGE('',*,*,#8697,.F.);
#4583=ORIENTED_EDGE('',*,*,#8759,.F.);
#4584=ORIENTED_EDGE('',*,*,#8760,.F.);
#4585=ORIENTED_EDGE('',*,*,#8761,.F.);
#4586=ORIENTED_EDGE('',*,*,#8762,.T.);
#4587=ORIENTED_EDGE('',*,*,#8763,.F.);
#4588=ORIENTED_EDGE('',*,*,#8764,.T.);
#4589=ORIENTED_EDGE('',*,*,#8765,.F.);
#4590=CARTESIAN_POINT('',(-3.19999999999908,-0.50744436841203,-2.13096));
#4591=DIRECTION('',(0.0,1.22464679914735E-16,-1.0));
#4592=DIRECTION('',(0.0,-1.0,-1.22464679914735E-16));
#4593=SURFACE_STYLE_FILL_AREA(#8766);
#4594=ORIENTED_EDGE('',*,*,#8767,.F.);
#4595=ORIENTED_EDGE('',*,*,#8768,.T.);
#4596=ORIENTED_EDGE('',*,*,#8769,.T.);
#4597=ORIENTED_EDGE('',*,*,#8770,.F.);
#4598=ORIENTED_EDGE('',*,*,#8771,.F.);
#4599=ORIENTED_EDGE('',*,*,#8772,.T.);
#4600=CARTESIAN_POINT('',(-3.65000000007475,-4.72632070959422,-9.01938943136437));
#4601=DIRECTION('',(-1.0,0.0,0.0));
#4602=DIRECTION('',(0.0,1.0,6.12323399573676E-17));
#4603=SURFACE_STYLE_FILL_AREA(#8773);
#4604=ORIENTED_EDGE('',*,*,#8694,.T.);
#4605=ORIENTED_EDGE('',*,*,#8774,.T.);
#4606=ORIENTED_EDGE('',*,*,#8775,.T.);
#4607=ORIENTED_EDGE('',*,*,#8776,.F.);
#4608=ORIENTED_EDGE('',*,*,#8777,.F.);
#4609=ORIENTED_EDGE('',*,*,#8778,.T.);
#4610=CARTESIAN_POINT('',(-3.34999999999908,-0.507444368414,-0.43096));
#4611=DIRECTION('',(1.0,0.0,0.0));
#4612=DIRECTION('',(0.0,6.12323399573676E-17,-1.0));
#4613=SURFACE_STYLE_FILL_AREA(#8779);
#4614=ORIENTED_EDGE('',*,*,#8780,.F.);
#4615=ORIENTED_EDGE('',*,*,#8781,.T.);
#4616=ORIENTED_EDGE('',*,*,#8782,.T.);
#4617=ORIENTED_EDGE('',*,*,#8783,.F.);
#4618=CARTESIAN_POINT('',(0.0,-1.62499981424611,-2.83096));
#4619=DIRECTION('',(1.0,0.0,-0.0));
#4620=DIRECTION('',(0.0,1.0,1.22464679914735E-16));
#4621=SURFACE_STYLE_FILL_AREA(#8784);
#4622=ORIENTED_EDGE('',*,*,#8785,.F.);
#4623=ORIENTED_EDGE('',*,*,#8760,.T.);
#4624=ORIENTED_EDGE('',*,*,#8786,.T.);
#4625=ORIENTED_EDGE('',*,*,#8787,.F.);
#4626=CARTESIAN_POINT('',(3.24999999994276,-1.3249999999915,-3.93096));
#4627=DIRECTION('',(3.01768651090344E-28,-1.22464679914735E-16,1.0));
#4628=DIRECTION('',(4.64948225069437E-60,1.0,1.22464679914735E-16));
#4629=SURFACE_STYLE_FILL_AREA(#8788);
#4630=ORIENTED_EDGE('',*,*,#8789,.F.);
#4631=ORIENTED_EDGE('',*,*,#8771,.T.);
#4632=ORIENTED_EDGE('',*,*,#8790,.T.);
#4633=ORIENTED_EDGE('',*,*,#8775,.F.);
#4634=CARTESIAN_POINT('',(0.0,-1.62499981424611,-2.33096));
#4635=DIRECTION('',(-1.0,0.0,-0.0));
#4636=DIRECTION('',(0.0,-1.0,-1.22464679914735E-16));
#4637=SURFACE_STYLE_FILL_AREA(#8791);
#4638=ORIENTED_EDGE('',*,*,#8792,.F.);
#4639=ORIENTED_EDGE('',*,*,#8777,.T.);
#4640=ORIENTED_EDGE('',*,*,#8793,.T.);
#4641=ORIENTED_EDGE('',*,*,#8769,.F.);
#4642=CARTESIAN_POINT('',(0.0,-1.62499981424611,-2.83096));
#4643=DIRECTION('',(1.0,0.0,-0.0));
#4644=DIRECTION('',(0.0,1.0,1.22464679914735E-16));
#4645=SURFACE_STYLE_FILL_AREA(#8794);
#4646=ORIENTED_EDGE('',*,*,#8795,.T.);
#4647=ORIENTED_EDGE('',*,*,#8796,.T.);
#4648=ORIENTED_EDGE('',*,*,#8797,.T.);
#4649=ORIENTED_EDGE('',*,*,#8798,.F.);
#4650=ORIENTED_EDGE('',*,*,#8713,.T.);
#4651=CARTESIAN_POINT('',(0.0,-0.0779167712933395,-2.8309599999985));
#4652=DIRECTION('',(1.0,0.0,0.0));
#4653=DIRECTION('',(0.0,-1.22464679914735E-16,1.0));
#4654=SURFACE_STYLE_FILL_AREA(#8799);
#4655=ORIENTED_EDGE('',*,*,#8707,.T.);
#4656=ORIENTED_EDGE('',*,*,#8800,.T.);
#4657=ORIENTED_EDGE('',*,*,#8801,.T.);
#4658=ORIENTED_EDGE('',*,*,#8802,.T.);
#4659=ORIENTED_EDGE('',*,*,#8803,.F.);
#4660=CARTESIAN_POINT('',(0.0,-0.0779167712933396,-2.33096));
#4661=DIRECTION('',(1.0,0.0,0.0));
#4662=DIRECTION('',(0.0,-1.22464679914735E-16,1.0));
#4663=SURFACE_STYLE_FILL_AREA(#8804);
#4664=ORIENTED_EDGE('',*,*,#8710,.T.);
#4665=ORIENTED_EDGE('',*,*,#8803,.T.);
#4666=ORIENTED_EDGE('',*,*,#8805,.F.);
#4667=ORIENTED_EDGE('',*,*,#8795,.F.);
#4668=CARTESIAN_POINT('',(4.8003422293826,0.42208322868614,-3.3309600000275));
#4669=DIRECTION('',(0.0,1.0,1.22464679914735E-16));
#4670=DIRECTION('',(0.0,-1.22464679914735E-16,1.0));
#4671=SURFACE_STYLE_FILL_AREA(#8806);
#4672=ORIENTED_EDGE('',*,*,#8807,.T.);
#4673=ORIENTED_EDGE('',*,*,#8808,.T.);
#4674=ORIENTED_EDGE('',*,*,#8809,.T.);
#4675=ORIENTED_EDGE('',*,*,#8749,.F.);
#4676=ORIENTED_EDGE('',*,*,#8753,.F.);
#4677=ORIENTED_EDGE('',*,*,#8757,.F.);
#4678=ORIENTED_EDGE('',*,*,#8810,.F.);
#4679=ORIENTED_EDGE('',*,*,#8811,.F.);
#4680=ORIENTED_EDGE('',*,*,#8812,.F.);
#4681=ORIENTED_EDGE('',*,*,#8813,.T.);
#4682=CARTESIAN_POINT('',(4.80034222937764,-0.73817300002052,-3.3309600000275));
#4683=DIRECTION('',(0.0,1.22464679914735E-16,-1.0));
#4684=DIRECTION('',(0.0,-1.0,-1.22464679914735E-16));
#4685=SURFACE_STYLE_FILL_AREA(#8814);
#4686=ORIENTED_EDGE('',*,*,#8716,.F.);
#4687=ORIENTED_EDGE('',*,*,#8798,.T.);
#4688=ORIENTED_EDGE('',*,*,#8815,.F.);
#4689=ORIENTED_EDGE('',*,*,#8816,.F.);
#4690=ORIENTED_EDGE('',*,*,#8817,.F.);
#4691=ORIENTED_EDGE('',*,*,#8818,.F.);
#4692=ORIENTED_EDGE('',*,*,#8432,.T.);
#4693=ORIENTED_EDGE('',*,*,#8819,.F.);
#4694=ORIENTED_EDGE('',*,*,#8723,.F.);
#4695=ORIENTED_EDGE('',*,*,#8719,.F.);
#4696=CARTESIAN_POINT('',(4.80034222937764,-0.73817300002052,-3.3309600000275));
#4697=DIRECTION('',(0.0,1.22464679914735E-16,-1.0));
#4698=DIRECTION('',(0.0,-1.0,-1.22464679914735E-16));
#4699=SURFACE_STYLE_FILL_AREA(#8820);
#4700=ORIENTED_EDGE('',*,*,#8731,.T.);
#4701=ORIENTED_EDGE('',*,*,#8821,.F.);
#4702=ORIENTED_EDGE('',*,*,#8822,.F.);
#4703=ORIENTED_EDGE('',*,*,#8823,.T.);
#4704=ORIENTED_EDGE('',*,*,#8824,.F.);
#4705=ORIENTED_EDGE('',*,*,#8825,.T.);
#4706=ORIENTED_EDGE('',*,*,#8826,.T.);
#4707=ORIENTED_EDGE('',*,*,#8827,.T.);
#4708=ORIENTED_EDGE('',*,*,#8828,.T.);
#4709=ORIENTED_EDGE('',*,*,#8728,.T.);
#4710=CARTESIAN_POINT('',(4.80034222939167,0.42208322868614,-1.830960000029));
#4711=DIRECTION('',(0.0,-1.22464679914735E-16,1.0));
#4712=DIRECTION('',(0.0,-1.0,-1.22464679914735E-16));
#4713=SURFACE_STYLE_FILL_AREA(#8829);
#4714=ORIENTED_EDGE('',*,*,#8830,.T.);
#4715=ORIENTED_EDGE('',*,*,#8831,.F.);
#4716=ORIENTED_EDGE('',*,*,#8832,.T.);
#4717=ORIENTED_EDGE('',*,*,#8533,.F.);
#4718=CARTESIAN_POINT('',(-2.025,0.925,-2.68096));
#4719=DIRECTION('',(1.0,0.0,0.0));
#4720=DIRECTION('',(0.0,6.12323399573676E-17,-1.0));
#4721=SURFACE_STYLE_FILL_AREA(#8833);
#4722=ORIENTED_EDGE('',*,*,#8539,.T.);
#4723=ORIENTED_EDGE('',*,*,#8834,.T.);
#4724=ORIENTED_EDGE('',*,*,#8835,.T.);
#4725=ORIENTED_EDGE('',*,*,#8836,.F.);
#4726=CARTESIAN_POINT('',(-2.82499999996886,0.925000000024156,-1.6809599999829));
#4727=DIRECTION('',(0.0,-1.22464679914735E-16,1.0));
#4728=DIRECTION('',(0.0,-1.0,-1.22464679914735E-16));
#4729=SURFACE_STYLE_FILL_AREA(#8837);
#4730=ORIENTED_EDGE('',*,*,#8838,.F.);
#4731=ORIENTED_EDGE('',*,*,#8839,.F.);
#4732=ORIENTED_EDGE('',*,*,#8840,.F.);
#4733=ORIENTED_EDGE('',*,*,#8841,.T.);
#4734=CARTESIAN_POINT('',(-2.98535528382234,-1.06390872965017,-0.4309599999819));
#4735=DIRECTION('',(0.707106781186548,0.707106781186548,8.65956056235493E-17));
#4736=DIRECTION('',(-8.92494232791577E-33,-1.22464679914735E-16,1.0));
#4737=SURFACE_STYLE_FILL_AREA(#8842);
#4738=ORIENTED_EDGE('',*,*,#8537,.T.);
#4739=ORIENTED_EDGE('',*,*,#8843,.F.);
#4740=ORIENTED_EDGE('',*,*,#8844,.T.);
#4741=ORIENTED_EDGE('',*,*,#8845,.F.);
#4742=CARTESIAN_POINT('',(-2.72499999996788,0.925000000023301,-2.6809599999835));
#4743=DIRECTION('',(1.0,0.0,0.0));
#4744=DIRECTION('',(0.0,6.12323399573676E-17,-1.0));
#4745=SURFACE_STYLE_FILL_AREA(#8846);
#4746=ORIENTED_EDGE('',*,*,#8832,.F.);
#4747=ORIENTED_EDGE('',*,*,#8847,.F.);
#4748=ORIENTED_EDGE('',*,*,#8848,.T.);
#4749=ORIENTED_EDGE('',*,*,#8534,.T.);
#4750=CARTESIAN_POINT('',(-2.125,0.925,-2.78096));
#4751=DIRECTION('',(0.0,1.0,1.22464679914735E-16));
#4752=DIRECTION('',(-1.0,0.0,0.0));
#4753=SURFACE_STYLE_FILL_AREA(#8849);
#4754=ORIENTED_EDGE('',*,*,#8850,.T.);
#4755=ORIENTED_EDGE('',*,*,#8535,.F.);
#4756=ORIENTED_EDGE('',*,*,#8848,.F.);
#4757=ORIENTED_EDGE('',*,*,#8851,.F.);
#4758=CARTESIAN_POINT('',(-2.625,0.925,-2.88096));
#4759=DIRECTION('',(0.0,1.22464679914735E-16,-1.0));
#4760=DIRECTION('',(0.0,-1.0,-1.22464679914735E-16));
#4761=SURFACE_STYLE_FILL_AREA(#8852);
#4762=ORIENTED_EDGE('',*,*,#8850,.F.);
#4763=ORIENTED_EDGE('',*,*,#8853,.T.);
#4764=ORIENTED_EDGE('',*,*,#8843,.T.);
#4765=ORIENTED_EDGE('',*,*,#8536,.F.);
#4766=CARTESIAN_POINT('',(-2.62499999997551,0.925000000022446,-2.7809599999841));
#4767=DIRECTION('',(0.0,1.0,1.22464679914735E-16));
#4768=DIRECTION('',(1.0,7.41423819739016E-28,-6.05418493115912E-12));
#4769=SURFACE_STYLE_FILL_AREA(#8854);
#4770=ORIENTED_EDGE('',*,*,#8538,.F.);
#4771=ORIENTED_EDGE('',*,*,#8845,.T.);
#4772=ORIENTED_EDGE('',*,*,#8855,.T.);
#4773=ORIENTED_EDGE('',*,*,#8834,.F.);
#4774=CARTESIAN_POINT('',(-2.82499999996946,0.925000000024156,-1.7809599999829));
#4775=DIRECTION('',(-4.20389539297445E-43,-1.0,-1.22464679914735E-16));
#4776=DIRECTION('',(-1.0,-7.41423819739014E-28,6.05418493115911E-12));
#4777=SURFACE_STYLE_FILL_AREA(#8856);
#4778=ORIENTED_EDGE('',*,*,#8519,.F.);
#4779=ORIENTED_EDGE('',*,*,#8836,.T.);
#4780=ORIENTED_EDGE('',*,*,#8857,.T.);
#4781=ORIENTED_EDGE('',*,*,#8858,.F.);
#4782=CARTESIAN_POINT('',(-2.87499999996825,0.925000000024583,-1.5809599999826));
#4783=DIRECTION('',(4.20389539297445E-43,1.0,1.22464679914735E-16));
#4784=DIRECTION('',(1.0,7.41423819739014E-28,-6.05418493115911E-12));
#4785=SURFACE_STYLE_FILL_AREA(#8859);
#4786=ORIENTED_EDGE('',*,*,#8860,.F.);
#4787=ORIENTED_EDGE('',*,*,#8830,.F.);
#4788=ORIENTED_EDGE('',*,*,#8532,.T.);
#4789=ORIENTED_EDGE('',*,*,#8861,.T.);
#4790=CARTESIAN_POINT('',(-1.925,0.925,-1.78096));
#4791=DIRECTION('',(0.0,-1.0,-1.22464679914735E-16));
#4792=DIRECTION('',(1.0,0.0,0.0));
#4793=SURFACE_STYLE_FILL_AREA(#8862);
#4794=ORIENTED_EDGE('',*,*,#8863,.F.);
#4795=ORIENTED_EDGE('',*,*,#8864,.T.);
#4796=ORIENTED_EDGE('',*,*,#8865,.T.);
#4797=ORIENTED_EDGE('',*,*,#8866,.F.);
#4798=CARTESIAN_POINT('',(-3.19999999996237,0.675000000008549,-0.430959999980601));
#4799=DIRECTION('',(1.4823653175297E-43,1.22464679914735E-16,-1.0));
#4800=DIRECTION('',(-8.55060971492632E-12,-1.0,-1.22464679914735E-16));
#4801=SURFACE_STYLE_FILL_AREA(#8867);
#4802=ORIENTED_EDGE('',*,*,#8722,.T.);
#4803=ORIENTED_EDGE('',*,*,#8868,.T.);
#4804=ORIENTED_EDGE('',*,*,#8869,.T.);
#4805=ORIENTED_EDGE('',*,*,#8576,.F.);
#4806=CARTESIAN_POINT('',(-2.59644655419787,-0.67499999994238,-0.430959999984301));
#4807=DIRECTION('',(0.0,1.22464679914735E-16,-1.0));
#4808=DIRECTION('',(-1.0,8.55045201308969E-12,1.04712836890933E-27));
#4809=SURFACE_STYLE_FILL_AREA(#8870);
#4810=ORIENTED_EDGE('',*,*,#8789,.T.);
#4811=ORIENTED_EDGE('',*,*,#8774,.F.);
#4812=ORIENTED_EDGE('',*,*,#8693,.F.);
#4813=ORIENTED_EDGE('',*,*,#8871,.F.);
#4814=ORIENTED_EDGE('',*,*,#8872,.T.);
#4815=ORIENTED_EDGE('',*,*,#8873,.F.);
#4816=ORIENTED_EDGE('',*,*,#8874,.T.);
#4817=ORIENTED_EDGE('',*,*,#8772,.F.);
#4818=CARTESIAN_POINT('',(-3.19999999999908,-0.50744436841203,-2.13096));
#4819=DIRECTION('',(0.0,1.22464679914735E-16,-1.0));
#4820=DIRECTION('',(0.0,-1.0,-1.22464679914735E-16));
#4821=SURFACE_STYLE_FILL_AREA(#8875);
#4822=ORIENTED_EDGE('',*,*,#8876,.T.);
#4823=ORIENTED_EDGE('',*,*,#8877,.F.);
#4824=ORIENTED_EDGE('',*,*,#8878,.F.);
#4825=ORIENTED_EDGE('',*,*,#8815,.T.);
#4826=ORIENTED_EDGE('',*,*,#8797,.F.);
#4827=CARTESIAN_POINT('',(-3.19999999998247,-0.0714465541695256,-3.2260245592927));
#4828=DIRECTION('',(0.0,1.22464679914735E-16,-1.0));
#4829=DIRECTION('',(-1.0,8.55060971492633E-12,1.04714768181428E-27));
#4830=SURFACE_STYLE_FILL_AREA(#8879);
#4831=ORIENTED_EDGE('',*,*,#8732,.F.);
#4832=ORIENTED_EDGE('',*,*,#8880,.F.);
#4833=ORIENTED_EDGE('',*,*,#8881,.T.);
#4834=ORIENTED_EDGE('',*,*,#8882,.T.);
#4835=CARTESIAN_POINT('',(3.19999999991695,-0.0714465541695256,-3.2260245592927));
#4836=DIRECTION('',(0.0,1.22464679914735E-16,-1.0));
#4837=DIRECTION('',(1.0,8.55045201308969E-12,1.04712836890933E-27));
#4838=SURFACE_STYLE_FILL_AREA(#8883);
#4839=ORIENTED_EDGE('',*,*,#8884,.F.);
#4840=ORIENTED_EDGE('',*,*,#8885,.F.);
#4841=ORIENTED_EDGE('',*,*,#8886,.T.);
#4842=ORIENTED_EDGE('',*,*,#8887,.T.);
#4843=CARTESIAN_POINT('',(3.19999999999893,0.675000000006195,-0.4309599999395));
#4844=DIRECTION('',(-5.6961517504971E-35,1.22464679914735E-16,-1.0));
#4845=DIRECTION('',(0.0,-1.0,-1.22464679914735E-16));
#4846=SURFACE_STYLE_FILL_AREA(#8888);
#4847=ORIENTED_EDGE('',*,*,#8889,.F.);
#4848=ORIENTED_EDGE('',*,*,#8890,.T.);
#4849=ORIENTED_EDGE('',*,*,#8891,.T.);
#4850=ORIENTED_EDGE('',*,*,#8892,.F.);
#4851=ORIENTED_EDGE('',*,*,#8816,.T.);
#4852=ORIENTED_EDGE('',*,*,#8878,.T.);
#4853=ORIENTED_EDGE('',*,*,#8893,.T.);
#4854=CARTESIAN_POINT('',(-2.98535528382234,-1.06390872965017,-0.4309599999819));
#4855=DIRECTION('',(0.707106781186548,0.707106781186548,8.65956056235493E-17));
#4856=DIRECTION('',(-8.92494232791577E-33,-1.22464679914735E-16,1.0));
#4857=SURFACE_STYLE_FILL_AREA(#8894);
#4858=ORIENTED_EDGE('',*,*,#8895,.T.);
#4859=ORIENTED_EDGE('',*,*,#8896,.F.);
#4860=ORIENTED_EDGE('',*,*,#8897,.T.);
#4861=ORIENTED_EDGE('',*,*,#8898,.T.);
#4862=ORIENTED_EDGE('',*,*,#8899,.T.);
#4863=CARTESIAN_POINT('',(2.72499999990237,0.925000000023301,-2.6809599999835));
#4864=DIRECTION('',(1.0,0.0,0.0));
#4865=DIRECTION('',(0.0,6.12323399573676E-17,-1.0));
#4866=SURFACE_STYLE_FILL_AREA(#8900);
#4867=ORIENTED_EDGE('',*,*,#8901,.T.);
#4868=ORIENTED_EDGE('',*,*,#8902,.T.);
#4869=ORIENTED_EDGE('',*,*,#8903,.F.);
#4870=ORIENTED_EDGE('',*,*,#8744,.F.);
#4871=ORIENTED_EDGE('',*,*,#8739,.T.);
#4872=ORIENTED_EDGE('',*,*,#8735,.F.);
#4873=ORIENTED_EDGE('',*,*,#8882,.F.);
#4874=ORIENTED_EDGE('',*,*,#8904,.F.);
#4875=ORIENTED_EDGE('',*,*,#8905,.F.);
#4876=ORIENTED_EDGE('',*,*,#8906,.F.);
#4877=ORIENTED_EDGE('',*,*,#8907,.F.);
#4878=CARTESIAN_POINT('',(3.44999999993996,2.74425468354852,-9.01938943138473));
#4879=DIRECTION('',(1.0,0.0,0.0));
#4880=DIRECTION('',(0.0,6.12323399573676E-17,-1.0));
#4881=SURFACE_STYLE_FILL_AREA(#8908);
#4882=ORIENTED_EDGE('',*,*,#8906,.T.);
#4883=ORIENTED_EDGE('',*,*,#8909,.T.);
#4884=ORIENTED_EDGE('',*,*,#8910,.F.);
#4885=ORIENTED_EDGE('',*,*,#8885,.T.);
#4886=ORIENTED_EDGE('',*,*,#8911,.F.);
#4887=ORIENTED_EDGE('',*,*,#8912,.F.);
#4888=CARTESIAN_POINT('',(-3.6538609481809,-1.37079685378999,-0.4309599999779));
#4889=DIRECTION('',(0.0,1.22464679914735E-16,-1.0));
#4890=DIRECTION('',(0.0,-1.0,-1.22464679914735E-16));
#4891=SURFACE_STYLE_FILL_AREA(#8913);
#4892=ORIENTED_EDGE('',*,*,#8914,.F.);
#4893=ORIENTED_EDGE('',*,*,#8915,.T.);
#4894=ORIENTED_EDGE('',*,*,#8909,.F.);
#4895=ORIENTED_EDGE('',*,*,#8916,.F.);
#4896=ORIENTED_EDGE('',*,*,#8917,.T.);
#4897=CARTESIAN_POINT('',(-3.55937786896432,0.645000000021594,-0.6306512434093));
#4898=DIRECTION('',(0.0,1.0,1.22464679914735E-16));
#4899=DIRECTION('',(0.0,-1.22464679914735E-16,1.0));
#4900=SURFACE_STYLE_FILL_AREA(#8918);
#4901=ORIENTED_EDGE('',*,*,#8919,.T.);
#4902=ORIENTED_EDGE('',*,*,#8920,.F.);
#4903=ORIENTED_EDGE('',*,*,#8921,.T.);
#4904=ORIENTED_EDGE('',*,*,#8922,.T.);
#4905=ORIENTED_EDGE('',*,*,#8917,.F.);
#4906=ORIENTED_EDGE('',*,*,#8923,.F.);
#4907=CARTESIAN_POINT('',(3.80548907381463,-0.42499999998488,2.03580890068928E-06));
#4908=DIRECTION('',(-0.629320391049368,2.69044336319191E-12,0.777145961457351));
#4909=DIRECTION('',(-0.777145961457351,3.85347601266855E-17,-0.629320391049368));
#4910=SURFACE_STYLE_FILL_AREA(#8924);
#4911=ORIENTED_EDGE('',*,*,#8925,.T.);
#4912=ORIENTED_EDGE('',*,*,#8926,.T.);
#4913=ORIENTED_EDGE('',*,*,#8927,.F.);
#4914=ORIENTED_EDGE('',*,*,#8928,.F.);
#4915=CARTESIAN_POINT('',(1.4,-1.225,-3.0129364047841));
#4916=DIRECTION('',(0.0,-1.22464679914735E-16,1.0));
#4917=DIRECTION('',(0.0,-1.0,-1.22464679914735E-16));
#4918=SURFACE_STYLE_FILL_AREA(#8929);
#4919=ORIENTED_EDGE('',*,*,#8930,.T.);
#4920=ORIENTED_EDGE('',*,*,#8931,.T.);
#4921=ORIENTED_EDGE('',*,*,#8584,.F.);
#4922=ORIENTED_EDGE('',*,*,#8932,.F.);
#4923=CARTESIAN_POINT('',(-1.68609989193631,-1.225,-4.03096));
#4924=DIRECTION('',(-0.0,-1.0,-1.22464679914735E-16));
#4925=DIRECTION('',(-1.0,0.0,0.0));
#4926=SURFACE_STYLE_FILL_AREA(#8933);
#4927=ORIENTED_EDGE('',*,*,#8934,.F.);
#4928=ORIENTED_EDGE('',*,*,#8935,.F.);
#4929=ORIENTED_EDGE('',*,*,#8930,.F.);
#4930=ORIENTED_EDGE('',*,*,#8936,.F.);
#4931=CARTESIAN_POINT('',(-1.78609989193631,-1.225,-4.03096));
#4932=DIRECTION('',(-1.0,0.0,0.0));
#4933=DIRECTION('',(0.0,1.0,6.12323399573676E-17));
#4934=SURFACE_STYLE_FILL_AREA(#8937);
#4935=ORIENTED_EDGE('',*,*,#8938,.F.);
#4936=ORIENTED_EDGE('',*,*,#8939,.F.);
#4937=ORIENTED_EDGE('',*,*,#8940,.F.);
#4938=ORIENTED_EDGE('',*,*,#8941,.T.);
#4939=CARTESIAN_POINT('',(2.65,-1.225,-0.43096));
#4940=DIRECTION('',(1.0,0.0,0.0));
#4941=DIRECTION('',(0.0,-1.0,-1.22464679914735E-16));
#4942=SURFACE_STYLE_FILL_AREA(#8942);
#4943=ORIENTED_EDGE('',*,*,#8943,.T.);
#4944=ORIENTED_EDGE('',*,*,#8944,.T.);
#4945=ORIENTED_EDGE('',*,*,#8945,.F.);
#4946=ORIENTED_EDGE('',*,*,#8946,.F.);
#4947=CARTESIAN_POINT('',(-0.325,-1.225,-3.0129364047841));
#4948=DIRECTION('',(-1.0,0.0,0.0));
#4949=DIRECTION('',(0.0,1.0,6.12323399573676E-17));
#4950=SURFACE_STYLE_FILL_AREA(#8947);
#4951=ORIENTED_EDGE('',*,*,#8948,.T.);
#4952=ORIENTED_EDGE('',*,*,#8949,.F.);
#4953=ORIENTED_EDGE('',*,*,#8950,.F.);
#4954=ORIENTED_EDGE('',*,*,#8503,.F.);
#4955=CARTESIAN_POINT('',(2.975,0.925000000025008,-1.5809599999395));
#4956=DIRECTION('',(1.0,0.0,0.0));
#4957=DIRECTION('',(0.0,6.12323399573676E-17,-1.0));
#4958=SURFACE_STYLE_FILL_AREA(#8951);
#4959=ORIENTED_EDGE('',*,*,#8952,.T.);
#4960=ORIENTED_EDGE('',*,*,#8953,.F.);
#4961=ORIENTED_EDGE('',*,*,#8948,.F.);
#4962=ORIENTED_EDGE('',*,*,#8502,.T.);
#4963=CARTESIAN_POINT('',(2.875,0.925000000025008,-1.5309599999395));
#4964=DIRECTION('',(0.0,1.0,1.22464679914735E-16));
#4965=DIRECTION('',(-1.0,0.0,0.0));
#4966=SURFACE_STYLE_FILL_AREA(#8954);
#4967=ORIENTED_EDGE('',*,*,#8955,.T.);
#4968=ORIENTED_EDGE('',*,*,#8956,.F.);
#4969=ORIENTED_EDGE('',*,*,#8952,.F.);
#4970=ORIENTED_EDGE('',*,*,#8501,.F.);
#4971=CARTESIAN_POINT('',(-2.87499999996734,0.925000000024583,-1.4309599999826));
#4972=DIRECTION('',(0.0,1.22464679914735E-16,-1.0));
#4973=DIRECTION('',(0.0,-1.0,-1.22464679914735E-16));
#4974=SURFACE_STYLE_FILL_AREA(#8957);
#4975=ORIENTED_EDGE('',*,*,#8500,.F.);
#4976=ORIENTED_EDGE('',*,*,#8958,.T.);
#4977=ORIENTED_EDGE('',*,*,#8959,.T.);
#4978=ORIENTED_EDGE('',*,*,#8960,.F.);
#4979=ORIENTED_EDGE('',*,*,#8955,.F.);
#4980=CARTESIAN_POINT('',(2.72499999990237,0.925000000023301,-2.6809599999835));
#4981=DIRECTION('',(1.0,0.0,0.0));
#4982=DIRECTION('',(0.0,6.12323399573676E-17,-1.0));
#4983=SURFACE_STYLE_FILL_AREA(#8961);
#4984=ORIENTED_EDGE('',*,*,#8962,.T.);
#4985=ORIENTED_EDGE('',*,*,#8963,.T.);
#4986=ORIENTED_EDGE('',*,*,#8783,.T.);
#4987=ORIENTED_EDGE('',*,*,#8964,.F.);
#4988=ORIENTED_EDGE('',*,*,#8698,.T.);
#4989=ORIENTED_EDGE('',*,*,#8765,.T.);
#4990=CARTESIAN_POINT('',(3.34999999993356,-0.507444368414,-0.43096));
#4991=DIRECTION('',(1.0,0.0,0.0));
#4992=DIRECTION('',(0.0,6.12323399573676E-17,-1.0));
#4993=SURFACE_STYLE_FILL_AREA(#8965);
#4994=ORIENTED_EDGE('',*,*,#8966,.F.);
#4995=ORIENTED_EDGE('',*,*,#8967,.T.);
#4996=ORIENTED_EDGE('',*,*,#8968,.T.);
#4997=ORIENTED_EDGE('',*,*,#8969,.F.);
#4998=CARTESIAN_POINT('',(2.3,-1.37212333608326,-0.43096));
#4999=DIRECTION('',(0.0,0.629320391048453,0.777145961458092));
#5000=DIRECTION('',(0.0,-0.777145961458092,0.629320391048453));
#5001=SURFACE_STYLE_FILL_AREA(#8970);
#5002=ORIENTED_EDGE('',*,*,#8971,.F.);
#5003=ORIENTED_EDGE('',*,*,#8972,.T.);
#5004=ORIENTED_EDGE('',*,*,#8973,.T.);
#5005=ORIENTED_EDGE('',*,*,#8974,.F.);
#5006=CARTESIAN_POINT('',(3.0,1.37212333610827,-0.4309599999395));
#5007=DIRECTION('',(0.0,0.629320391048453,-0.777145961458092));
#5008=DIRECTION('',(0.0,0.777145961458092,0.629320391048453));
#5009=SURFACE_STYLE_FILL_AREA(#8975);
#5010=ORIENTED_EDGE('',*,*,#8976,.F.);
#5011=ORIENTED_EDGE('',*,*,#8977,.T.);
#5012=ORIENTED_EDGE('',*,*,#8978,.F.);
#5013=ORIENTED_EDGE('',*,*,#8919,.F.);
#5014=ORIENTED_EDGE('',*,*,#8979,.T.);
#5015=CARTESIAN_POINT('',(4.93769625803912,-0.00500000001476528,-6.08805157031088));
#5016=DIRECTION('',(0.0,1.0,1.22464679914735E-16));
#5017=DIRECTION('',(0.0,-1.22464679914735E-16,1.0));
#5018=SURFACE_STYLE_FILL_AREA(#8980);
#5019=ORIENTED_EDGE('',*,*,#8905,.T.);
#5020=ORIENTED_EDGE('',*,*,#8979,.F.);
#5021=ORIENTED_EDGE('',*,*,#8923,.T.);
#5022=ORIENTED_EDGE('',*,*,#8916,.T.);
#5023=CARTESIAN_POINT('',(3.75000000001411,-0.42499999998465,-0.4309599999392));
#5024=DIRECTION('',(-0.0,1.0,1.22464679914735E-16));
#5025=DIRECTION('',(1.0,0.0,0.0));
#5026=SURFACE_STYLE_FILL_AREA(#8981);
#5027=ORIENTED_EDGE('',*,*,#8977,.F.);
#5028=ORIENTED_EDGE('',*,*,#8982,.T.);
#5029=ORIENTED_EDGE('',*,*,#8915,.F.);
#5030=ORIENTED_EDGE('',*,*,#8983,.F.);
#5031=ORIENTED_EDGE('',*,*,#8984,.T.);
#5032=ORIENTED_EDGE('',*,*,#8985,.T.);
#5033=CARTESIAN_POINT('',(3.97988287556875,-0.42499999998563,-0.244804517810101));
#5034=DIRECTION('',(0.629320391049868,-2.69044336319405E-12,-0.777145961456946));
#5035=DIRECTION('',(-4.2752324379182E-12,-1.0,-6.12323399572882E-17));
#5036=SURFACE_STYLE_FILL_AREA(#8986);
#5037=ORIENTED_EDGE('',*,*,#8971,.T.);
#5038=ORIENTED_EDGE('',*,*,#8987,.T.);
#5039=ORIENTED_EDGE('',*,*,#8988,.T.);
#5040=ORIENTED_EDGE('',*,*,#8911,.T.);
#5041=ORIENTED_EDGE('',*,*,#8989,.F.);
#5042=CARTESIAN_POINT('',(3.2,0.33452530101058,-1.5424779056325));
#5043=DIRECTION('',(1.0,0.0,0.0));
#5044=DIRECTION('',(0.0,6.12323399573676E-17,-1.0));
#5045=SURFACE_STYLE_FILL_AREA(#8990);
#5046=ORIENTED_EDGE('',*,*,#8978,.T.);
#5047=ORIENTED_EDGE('',*,*,#8985,.F.);
#5048=ORIENTED_EDGE('',*,*,#8991,.F.);
#5049=ORIENTED_EDGE('',*,*,#8920,.T.);
#5050=CARTESIAN_POINT('',(3.89712333609923,0.195000000014723,-0.4309599999395));
#5051=DIRECTION('',(-0.629320391047246,2.69044336318284E-12,0.777145961459069));
#5052=DIRECTION('',(-0.777145961459069,3.32261462710208E-12,-0.629320391047246));
#5053=SURFACE_STYLE_FILL_AREA(#8992);
#5054=ORIENTED_EDGE('',*,*,#8702,.T.);
#5055=ORIENTED_EDGE('',*,*,#8564,.F.);
#5056=ORIENTED_EDGE('',*,*,#8993,.F.);
#5057=ORIENTED_EDGE('',*,*,#8994,.T.);
#5058=CARTESIAN_POINT('',(-3.19999999998247,-0.0714465541695256,-3.2260245592927));
#5059=DIRECTION('',(1.79366203433577E-43,1.22464679914735E-16,-1.0));
#5060=DIRECTION('',(-1.0,8.55045201308968E-12,1.04712836890933E-27));
#5061=SURFACE_STYLE_FILL_AREA(#8995);
#5062=ORIENTED_EDGE('',*,*,#8996,.F.);
#5063=ORIENTED_EDGE('',*,*,#8889,.T.);
#5064=ORIENTED_EDGE('',*,*,#8997,.T.);
#5065=ORIENTED_EDGE('',*,*,#8998,.F.);
#5066=CARTESIAN_POINT('',(0.0,2.77500005524559,-4.98095999999774));
#5067=DIRECTION('',(-0.707106781186547,-0.707106781186547,-8.65956056235493E-17));
#5068=DIRECTION('',(0.707106781186548,-0.707106781186548,-8.65956056235493E-17));
#5069=SURFACE_STYLE_FILL_AREA(#8999);
#5070=ORIENTED_EDGE('',*,*,#9000,.F.);
#5071=ORIENTED_EDGE('',*,*,#8994,.F.);
#5072=ORIENTED_EDGE('',*,*,#9001,.F.);
#5073=ORIENTED_EDGE('',*,*,#9002,.T.);
#5074=CARTESIAN_POINT('',(-5.56209872680184,1.93709878204021,-9.01938943137195));
#5075=DIRECTION('',(0.707106781186548,0.707106781186548,8.65956056235493E-17));
#5076=DIRECTION('',(-8.92494232791577E-33,-1.22464679914735E-16,1.0));
#5077=SURFACE_STYLE_FILL_AREA(#9003);
#5078=ORIENTED_EDGE('',*,*,#9004,.T.);
#5079=ORIENTED_EDGE('',*,*,#9005,.T.);
#5080=ORIENTED_EDGE('',*,*,#9006,.F.);
#5081=ORIENTED_EDGE('',*,*,#9007,.F.);
#5082=CARTESIAN_POINT('',(0.175,-1.225,-0.8721886759732));
#5083=DIRECTION('',(-0.0,1.0,1.22464679914735E-16));
#5084=DIRECTION('',(1.0,0.0,0.0));
#5085=SURFACE_STYLE_FILL_AREA(#9008);
#5086=ORIENTED_EDGE('',*,*,#9009,.T.);
#5087=ORIENTED_EDGE('',*,*,#9010,.F.);
#5088=ORIENTED_EDGE('',*,*,#9011,.F.);
#5089=ORIENTED_EDGE('',*,*,#9012,.T.);
#5090=CARTESIAN_POINT('',(0.625,-1.225,-3.0453937567298));
#5091=DIRECTION('',(-0.0,1.0,1.22464679914735E-16));
#5092=DIRECTION('',(1.0,0.0,0.0));
#5093=SURFACE_STYLE_FILL_AREA(#9013);
#5094=ORIENTED_EDGE('',*,*,#9011,.T.);
#5095=ORIENTED_EDGE('',*,*,#9014,.T.);
#5096=ORIENTED_EDGE('',*,*,#9015,.F.);
#5097=ORIENTED_EDGE('',*,*,#9016,.F.);
#5098=CARTESIAN_POINT('',(0.249999999999986,-1.225,-3.0598275134595));
#5099=DIRECTION('',(-0.499999999999887,1.06057523872499E-16,-0.866025403784504));
#5100=DIRECTION('',(1.06057523872523E-16,1.0,6.12323399573676E-17));
#5101=SURFACE_STYLE_FILL_AREA(#9017);
#5102=ORIENTED_EDGE('',*,*,#9015,.T.);
#5103=ORIENTED_EDGE('',*,*,#9018,.T.);
#5104=ORIENTED_EDGE('',*,*,#9019,.F.);
#5105=ORIENTED_EDGE('',*,*,#9020,.F.);
#5106=CARTESIAN_POINT('',(0.175,-1.225,-3.1897313240272));
#5107=DIRECTION('',(-0.0,1.0,1.22464679914735E-16));
#5108=DIRECTION('',(1.0,0.0,0.0));
#5109=SURFACE_STYLE_FILL_AREA(#9021);
#5110=ORIENTED_EDGE('',*,*,#9022,.F.);
#5111=ORIENTED_EDGE('',*,*,#8763,.T.);
#5112=ORIENTED_EDGE('',*,*,#9023,.T.);
#5113=ORIENTED_EDGE('',*,*,#8825,.F.);
#5114=ORIENTED_EDGE('',*,*,#9024,.F.);
#5115=ORIENTED_EDGE('',*,*,#9025,.T.);
#5116=ORIENTED_EDGE('',*,*,#9026,.F.);
#5117=ORIENTED_EDGE('',*,*,#9027,.F.);
#5118=ORIENTED_EDGE('',*,*,#9028,.F.);
#5119=ORIENTED_EDGE('',*,*,#9029,.F.);
#5120=ORIENTED_EDGE('',*,*,#9030,.F.);
#5121=ORIENTED_EDGE('',*,*,#9031,.F.);
#5122=ORIENTED_EDGE('',*,*,#9032,.F.);
#5123=ORIENTED_EDGE('',*,*,#9033,.F.);
#5124=ORIENTED_EDGE('',*,*,#9034,.F.);
#5125=ORIENTED_EDGE('',*,*,#9035,.F.);
#5126=ORIENTED_EDGE('',*,*,#9036,.T.);
#5127=ORIENTED_EDGE('',*,*,#9037,.F.);
#5128=ORIENTED_EDGE('',*,*,#9038,.T.);
#5129=ORIENTED_EDGE('',*,*,#9039,.F.);
#5130=ORIENTED_EDGE('',*,*,#9040,.F.);
#5131=ORIENTED_EDGE('',*,*,#9041,.T.);
#5132=ORIENTED_EDGE('',*,*,#9042,.F.);
#5133=ORIENTED_EDGE('',*,*,#8812,.T.);
#5134=ORIENTED_EDGE('',*,*,#9043,.F.);
#5135=ORIENTED_EDGE('',*,*,#8428,.F.);
#5136=ORIENTED_EDGE('',*,*,#9044,.T.);
#5137=CARTESIAN_POINT('',(-2.59644655416789,-1.225,-0.43096));
#5138=DIRECTION('',(-0.0,-1.0,-1.22464679914735E-16));
#5139=DIRECTION('',(-1.0,0.0,0.0));
#5140=SURFACE_STYLE_FILL_AREA(#9045);
#5141=ORIENTED_EDGE('',*,*,#9046,.F.);
#5142=ORIENTED_EDGE('',*,*,#9039,.T.);
#5143=ORIENTED_EDGE('',*,*,#9047,.T.);
#5144=ORIENTED_EDGE('',*,*,#9048,.T.);
#5145=CARTESIAN_POINT('',(1.78609989194661,-1.225,-4.18096));
#5146=DIRECTION('',(1.0,0.0,0.0));
#5147=DIRECTION('',(0.0,6.12323399573676E-17,-1.0));
#5148=SURFACE_STYLE_FILL_AREA(#9049);
#5149=ORIENTED_EDGE('',*,*,#9050,.T.);
#5150=ORIENTED_EDGE('',*,*,#9051,.T.);
#5151=ORIENTED_EDGE('',*,*,#9047,.F.);
#5152=ORIENTED_EDGE('',*,*,#9038,.F.);
#5153=CARTESIAN_POINT('',(1.68609989194661,-1.225,-4.03096));
#5154=DIRECTION('',(-0.0,-1.0,-1.22464679914735E-16));
#5155=DIRECTION('',(-1.0,0.0,0.0));
#5156=SURFACE_STYLE_FILL_AREA(#9052);
#5157=ORIENTED_EDGE('',*,*,#9053,.T.);
#5158=ORIENTED_EDGE('',*,*,#9054,.T.);
#5159=ORIENTED_EDGE('',*,*,#9055,.T.);
#5160=ORIENTED_EDGE('',*,*,#9050,.F.);
#5161=ORIENTED_EDGE('',*,*,#9037,.T.);
#5162=ORIENTED_EDGE('',*,*,#9056,.T.);
#5163=CARTESIAN_POINT('',(-0.8,-1.225,-3.93096));
#5164=DIRECTION('',(0.0,-1.22464679914735E-16,1.0));
#5165=DIRECTION('',(0.0,-1.0,-1.22464679914735E-16));
#5166=SURFACE_STYLE_FILL_AREA(#9057);
#5167=ORIENTED_EDGE('',*,*,#8945,.T.);
#5168=ORIENTED_EDGE('',*,*,#9058,.F.);
#5169=ORIENTED_EDGE('',*,*,#9059,.F.);
#5170=ORIENTED_EDGE('',*,*,#9060,.F.);
#5171=CARTESIAN_POINT('',(1.4,-1.225,-0.6809599999997));
#5172=DIRECTION('',(0.0,-1.22464679914735E-16,1.0));
#5173=DIRECTION('',(0.0,-1.0,-1.22464679914735E-16));
#5174=SURFACE_STYLE_FILL_AREA(#9061);
#5175=ORIENTED_EDGE('',*,*,#9062,.T.);
#5176=ORIENTED_EDGE('',*,*,#9063,.T.);
#5177=ORIENTED_EDGE('',*,*,#9064,.F.);
#5178=ORIENTED_EDGE('',*,*,#9065,.F.);
#5179=CARTESIAN_POINT('',(1.4,-1.225,-3.0129364047841));
#5180=DIRECTION('',(0.0,-1.22464679914735E-16,1.0));
#5181=DIRECTION('',(0.0,-1.0,-1.22464679914735E-16));
#5182=SURFACE_STYLE_FILL_AREA(#9066);
#5183=ORIENTED_EDGE('',*,*,#9067,.T.);
#5184=ORIENTED_EDGE('',*,*,#9035,.T.);
#5185=ORIENTED_EDGE('',*,*,#9068,.T.);
#5186=ORIENTED_EDGE('',*,*,#9069,.F.);
#5187=ORIENTED_EDGE('',*,*,#9019,.T.);
#5188=ORIENTED_EDGE('',*,*,#9070,.T.);
#5189=CARTESIAN_POINT('',(0.0250000000000021,-1.225,-0.6809599999997));
#5190=DIRECTION('',(1.0,0.0,0.0));
#5191=DIRECTION('',(0.0,6.12323399573676E-17,-1.0));
#5192=SURFACE_STYLE_FILL_AREA(#9071);
#5193=ORIENTED_EDGE('',*,*,#9072,.T.);
#5194=ORIENTED_EDGE('',*,*,#9073,.T.);
#5195=ORIENTED_EDGE('',*,*,#9068,.F.);
#5196=ORIENTED_EDGE('',*,*,#9034,.T.);
#5197=CARTESIAN_POINT('',(-0.325,-1.225,-3.3629364047841));
#5198=DIRECTION('',(0.0,1.22464679914735E-16,-1.0));
#5199=DIRECTION('',(0.0,-1.0,-1.22464679914735E-16));
#5200=SURFACE_STYLE_FILL_AREA(#9074);
#5201=ORIENTED_EDGE('',*,*,#9075,.T.);
#5202=ORIENTED_EDGE('',*,*,#9076,.T.);
#5203=ORIENTED_EDGE('',*,*,#9072,.F.);
#5204=ORIENTED_EDGE('',*,*,#9033,.T.);
#5205=CARTESIAN_POINT('',(1.4,-1.225,-3.3629364047841));
#5206=DIRECTION('',(1.0,0.0,0.0));
#5207=DIRECTION('',(0.0,6.12323399573676E-17,-1.0));
#5208=SURFACE_STYLE_FILL_AREA(#9077);
#5209=ORIENTED_EDGE('',*,*,#9078,.F.);
#5210=ORIENTED_EDGE('',*,*,#9079,.T.);
#5211=ORIENTED_EDGE('',*,*,#9075,.F.);
#5212=ORIENTED_EDGE('',*,*,#9032,.T.);
#5213=CARTESIAN_POINT('',(1.4,-1.225,-3.0129364047841));
#5214=DIRECTION('',(0.0,-1.22464679914735E-16,1.0));
#5215=DIRECTION('',(0.0,-1.0,-1.22464679914735E-16));
#5216=SURFACE_STYLE_FILL_AREA(#9080);
#5217=ORIENTED_EDGE('',*,*,#9079,.F.);
#5218=ORIENTED_EDGE('',*,*,#9081,.T.);
#5219=ORIENTED_EDGE('',*,*,#9012,.F.);
#5220=ORIENTED_EDGE('',*,*,#9016,.T.);
#5221=ORIENTED_EDGE('',*,*,#9020,.T.);
#5222=ORIENTED_EDGE('',*,*,#9069,.T.);
#5223=ORIENTED_EDGE('',*,*,#9073,.F.);
#5224=ORIENTED_EDGE('',*,*,#9076,.F.);
#5225=CARTESIAN_POINT('',(-0.331516278492591,-1.175,-1.8837756430996));
#5226=DIRECTION('',(-0.0,-1.0,-1.22464679914735E-16));
#5227=DIRECTION('',(-1.0,0.0,0.0));
#5228=SURFACE_STYLE_FILL_AREA(#9082);
#5229=ORIENTED_EDGE('',*,*,#9083,.T.);
#5230=ORIENTED_EDGE('',*,*,#9084,.T.);
#5231=ORIENTED_EDGE('',*,*,#9009,.F.);
#5232=ORIENTED_EDGE('',*,*,#9081,.F.);
#5233=ORIENTED_EDGE('',*,*,#9078,.T.);
#5234=ORIENTED_EDGE('',*,*,#9031,.T.);
#5235=ORIENTED_EDGE('',*,*,#9085,.T.);
#5236=ORIENTED_EDGE('',*,*,#9086,.F.);
#5237=CARTESIAN_POINT('',(0.825,-1.225,-1.0309599999997));
#5238=DIRECTION('',(1.0,0.0,0.0));
#5239=DIRECTION('',(0.0,6.12323399573676E-17,-1.0));
#5240=SURFACE_STYLE_FILL_AREA(#9087);
#5241=ORIENTED_EDGE('',*,*,#9088,.T.);
#5242=ORIENTED_EDGE('',*,*,#9089,.F.);
#5243=ORIENTED_EDGE('',*,*,#9085,.F.);
#5244=ORIENTED_EDGE('',*,*,#9030,.T.);
#5245=CARTESIAN_POINT('',(-0.325,-1.225,-1.0309599999997));
#5246=DIRECTION('',(0.0,1.22464679914735E-16,-1.0));
#5247=DIRECTION('',(0.0,-1.0,-1.22464679914735E-16));
#5248=SURFACE_STYLE_FILL_AREA(#9090);
#5249=ORIENTED_EDGE('',*,*,#9091,.T.);
#5250=ORIENTED_EDGE('',*,*,#9092,.T.);
#5251=ORIENTED_EDGE('',*,*,#9088,.F.);
#5252=ORIENTED_EDGE('',*,*,#9029,.T.);
#5253=CARTESIAN_POINT('',(1.4,-1.225,-3.3629364047841));
#5254=DIRECTION('',(1.0,0.0,0.0));
#5255=DIRECTION('',(0.0,6.12323399573676E-17,-1.0));
#5256=SURFACE_STYLE_FILL_AREA(#9093);
#5257=ORIENTED_EDGE('',*,*,#9094,.F.);
#5258=ORIENTED_EDGE('',*,*,#9095,.F.);
#5259=ORIENTED_EDGE('',*,*,#9091,.F.);
#5260=ORIENTED_EDGE('',*,*,#9028,.T.);
#5261=CARTESIAN_POINT('',(1.4,-1.225,-0.6809599999997));
#5262=DIRECTION('',(0.0,-1.22464679914735E-16,1.0));
#5263=DIRECTION('',(0.0,-1.0,-1.22464679914735E-16));
#5264=SURFACE_STYLE_FILL_AREA(#9096);
#5265=ORIENTED_EDGE('',*,*,#9089,.T.);
#5266=ORIENTED_EDGE('',*,*,#9092,.F.);
#5267=ORIENTED_EDGE('',*,*,#9095,.T.);
#5268=ORIENTED_EDGE('',*,*,#9097,.T.);
#5269=ORIENTED_EDGE('',*,*,#9007,.T.);
#5270=ORIENTED_EDGE('',*,*,#9098,.T.);
#5271=ORIENTED_EDGE('',*,*,#9099,.F.);
#5272=ORIENTED_EDGE('',*,*,#9086,.T.);
#5273=CARTESIAN_POINT('',(-0.331516278492591,-1.175,-1.8837756430996));
#5274=DIRECTION('',(-0.0,-1.0,-1.22464679914735E-16));
#5275=DIRECTION('',(-1.0,0.0,0.0));
#5276=SURFACE_STYLE_FILL_AREA(#9100);
#5277=ORIENTED_EDGE('',*,*,#9101,.T.);
#5278=ORIENTED_EDGE('',*,*,#9004,.F.);
#5279=ORIENTED_EDGE('',*,*,#9097,.F.);
#5280=ORIENTED_EDGE('',*,*,#9094,.T.);
#5281=ORIENTED_EDGE('',*,*,#9027,.T.);
#5282=ORIENTED_EDGE('',*,*,#9102,.T.);
#5283=ORIENTED_EDGE('',*,*,#9103,.T.);
#5284=ORIENTED_EDGE('',*,*,#9104,.T.);
#5285=ORIENTED_EDGE('',*,*,#9105,.T.);
#5286=CARTESIAN_POINT('',(0.0250000000000021,-1.225,-0.6809599999997));
#5287=DIRECTION('',(1.0,0.0,0.0));
#5288=DIRECTION('',(0.0,6.12323399573676E-17,-1.0));
#5289=SURFACE_STYLE_FILL_AREA(#9106);
#5290=ORIENTED_EDGE('',*,*,#9107,.T.);
#5291=ORIENTED_EDGE('',*,*,#9108,.F.);
#5292=ORIENTED_EDGE('',*,*,#9083,.F.);
#5293=ORIENTED_EDGE('',*,*,#9099,.T.);
#5294=CARTESIAN_POINT('',(0.625,-1.225,-1.0165262432702));
#5295=DIRECTION('',(-0.0,1.0,1.22464679914735E-16));
#5296=DIRECTION('',(1.0,0.0,0.0));
#5297=SURFACE_STYLE_FILL_AREA(#9109);
#5298=ORIENTED_EDGE('',*,*,#9006,.T.);
#5299=ORIENTED_EDGE('',*,*,#9110,.T.);
#5300=ORIENTED_EDGE('',*,*,#9107,.F.);
#5301=ORIENTED_EDGE('',*,*,#9098,.F.);
#5302=CARTESIAN_POINT('',(0.524999999999793,-1.225,-0.843321162513401));
#5303=DIRECTION('',(-0.500000000001039,-1.06057523872417E-16,0.866025403783839));
#5304=DIRECTION('',(-0.866025403783839,3.06161699787474E-17,-0.500000000001039));
#5305=SURFACE_STYLE_FILL_AREA(#9111);
#5306=ORIENTED_EDGE('',*,*,#9112,.T.);
#5307=ORIENTED_EDGE('',*,*,#9113,.F.);
#5308=ORIENTED_EDGE('',*,*,#9114,.F.);
#5309=ORIENTED_EDGE('',*,*,#9115,.F.);
#5310=ORIENTED_EDGE('',*,*,#9116,.T.);
#5311=ORIENTED_EDGE('',*,*,#9117,.F.);
#5312=ORIENTED_EDGE('',*,*,#9041,.F.);
#5313=ORIENTED_EDGE('',*,*,#9118,.T.);
#5314=ORIENTED_EDGE('',*,*,#9119,.F.);
#5315=CARTESIAN_POINT('',(-2.9853552838203,-1.06390872965278,-4.83096));
#5316=DIRECTION('',(0.0,-1.22464679914735E-16,1.0));
#5317=DIRECTION('',(0.0,-1.0,-1.22464679914735E-16));
#5318=SURFACE_STYLE_FILL_AREA(#9120);
#5319=ORIENTED_EDGE('',*,*,#9121,.T.);
#5320=ORIENTED_EDGE('',*,*,#9122,.T.);
#5321=ORIENTED_EDGE('',*,*,#9123,.T.);
#5322=ORIENTED_EDGE('',*,*,#9124,.F.);
#5323=CARTESIAN_POINT('',(2.59644655413235,-0.67499999994238,-0.430959999984301));
#5324=DIRECTION('',(-1.79366203433577E-43,1.22464679914735E-16,-1.0));
#5325=DIRECTION('',(1.0,8.55045201308968E-12,1.04712836890933E-27));
#5326=SURFACE_STYLE_FILL_AREA(#9125);
#5327=ORIENTED_EDGE('',*,*,#9126,.F.);
#5328=ORIENTED_EDGE('',*,*,#9127,.F.);
#5329=ORIENTED_EDGE('',*,*,#9128,.T.);
#5330=ORIENTED_EDGE('',*,*,#9129,.F.);
#5331=ORIENTED_EDGE('',*,*,#9130,.T.);
#5332=ORIENTED_EDGE('',*,*,#9131,.F.);
#5333=CARTESIAN_POINT('',(-0.65,-1.27506118226552,-0.390421253918601));
#5334=DIRECTION('',(-0.0,-0.62932039104931,-0.777145961457398));
#5335=DIRECTION('',(-1.0,0.0,0.0));
#5336=SURFACE_STYLE_FILL_AREA(#9132);
#5337=ORIENTED_EDGE('',*,*,#8755,.T.);
#5338=ORIENTED_EDGE('',*,*,#9133,.T.);
#5339=ORIENTED_EDGE('',*,*,#9112,.F.);
#5340=ORIENTED_EDGE('',*,*,#9134,.F.);
#5341=CARTESIAN_POINT('',(2.59644655413235,-0.67499999994238,-0.430959999984301));
#5342=DIRECTION('',(-1.79366203433577E-43,1.22464679914735E-16,-1.0));
#5343=DIRECTION('',(1.0,8.55045201308968E-12,1.04712836890933E-27));
#5344=SURFACE_STYLE_FILL_AREA(#9135);
#5345=ORIENTED_EDGE('',*,*,#8968,.F.);
#5346=ORIENTED_EDGE('',*,*,#9136,.F.);
#5347=ORIENTED_EDGE('',*,*,#9137,.F.);
#5348=ORIENTED_EDGE('',*,*,#9138,.F.);
#5349=CARTESIAN_POINT('',(2.65,-1.28048907380066,2.03574820087536E-06));
#5350=DIRECTION('',(0.0,-0.77714596145809,0.629320391048455));
#5351=DIRECTION('',(0.0,0.629320391048455,0.77714596145809));
#5352=SURFACE_STYLE_FILL_AREA(#9139);
#5353=ORIENTED_EDGE('',*,*,#9140,.F.);
#5354=ORIENTED_EDGE('',*,*,#9141,.F.);
#5355=ORIENTED_EDGE('',*,*,#9142,.F.);
#5356=ORIENTED_EDGE('',*,*,#8966,.T.);
#5357=ORIENTED_EDGE('',*,*,#9143,.F.);
#5358=CARTESIAN_POINT('',(2.5,0.334525300985572,-1.542477905693));
#5359=DIRECTION('',(1.0,0.0,0.0));
#5360=DIRECTION('',(0.0,6.12323399573676E-17,-1.0));
#5361=SURFACE_STYLE_FILL_AREA(#9144);
#5362=ORIENTED_EDGE('',*,*,#9145,.T.);
#5363=ORIENTED_EDGE('',*,*,#9146,.F.);
#5364=ORIENTED_EDGE('',*,*,#8925,.F.);
#5365=ORIENTED_EDGE('',*,*,#9147,.F.);
#5366=CARTESIAN_POINT('',(-0.325,-1.225,-3.0129364047841));
#5367=DIRECTION('',(-1.0,0.0,0.0));
#5368=DIRECTION('',(0.0,1.0,6.12323399573676E-17));
#5369=SURFACE_STYLE_FILL_AREA(#9148);
#5370=ORIENTED_EDGE('',*,*,#8786,.F.);
#5371=ORIENTED_EDGE('',*,*,#8759,.T.);
#5372=ORIENTED_EDGE('',*,*,#8700,.F.);
#5373=ORIENTED_EDGE('',*,*,#9149,.F.);
#5374=ORIENTED_EDGE('',*,*,#8781,.F.);
#5375=ORIENTED_EDGE('',*,*,#9150,.T.);
#5376=CARTESIAN_POINT('',(3.65000000000923,-4.72632070959422,-9.01938943136437));
#5377=DIRECTION('',(-1.0,0.0,0.0));
#5378=DIRECTION('',(0.0,1.0,6.12323399573676E-17));
#5379=SURFACE_STYLE_FILL_AREA(#9151);
#5380=ORIENTED_EDGE('',*,*,#8785,.T.);
#5381=ORIENTED_EDGE('',*,*,#9152,.T.);
#5382=ORIENTED_EDGE('',*,*,#8426,.T.);
#5383=ORIENTED_EDGE('',*,*,#9153,.T.);
#5384=ORIENTED_EDGE('',*,*,#8810,.T.);
#5385=ORIENTED_EDGE('',*,*,#8756,.F.);
#5386=ORIENTED_EDGE('',*,*,#9134,.T.);
#5387=ORIENTED_EDGE('',*,*,#9119,.T.);
#5388=ORIENTED_EDGE('',*,*,#9154,.F.);
#5389=ORIENTED_EDGE('',*,*,#9048,.F.);
#5390=ORIENTED_EDGE('',*,*,#9051,.F.);
#5391=ORIENTED_EDGE('',*,*,#9055,.F.);
#5392=ORIENTED_EDGE('',*,*,#9155,.F.);
#5393=ORIENTED_EDGE('',*,*,#9156,.T.);
#5394=ORIENTED_EDGE('',*,*,#9070,.F.);
#5395=ORIENTED_EDGE('',*,*,#9018,.F.);
#5396=ORIENTED_EDGE('',*,*,#9014,.F.);
#5397=ORIENTED_EDGE('',*,*,#9010,.T.);
#5398=ORIENTED_EDGE('',*,*,#9084,.F.);
#5399=ORIENTED_EDGE('',*,*,#9108,.T.);
#5400=ORIENTED_EDGE('',*,*,#9110,.F.);
#5401=ORIENTED_EDGE('',*,*,#9005,.F.);
#5402=ORIENTED_EDGE('',*,*,#9101,.F.);
#5403=ORIENTED_EDGE('',*,*,#9157,.F.);
#5404=ORIENTED_EDGE('',*,*,#9158,.T.);
#5405=ORIENTED_EDGE('',*,*,#9124,.T.);
#5406=ORIENTED_EDGE('',*,*,#9159,.F.);
#5407=ORIENTED_EDGE('',*,*,#8827,.F.);
#5408=ORIENTED_EDGE('',*,*,#9160,.T.);
#5409=ORIENTED_EDGE('',*,*,#8761,.T.);
#5410=CARTESIAN_POINT('',(-6.81532289534875,-0.924999999924338,-9.01938943136437));
#5411=DIRECTION('',(0.0,1.0,1.22464679914735E-16));
#5412=DIRECTION('',(0.0,-1.22464679914735E-16,1.0));
#5413=SURFACE_STYLE_FILL_AREA(#9161);
#5414=ORIENTED_EDGE('',*,*,#9162,.F.);
#5415=ORIENTED_EDGE('',*,*,#9163,.F.);
#5416=ORIENTED_EDGE('',*,*,#9164,.T.);
#5417=ORIENTED_EDGE('',*,*,#9165,.F.);
#5418=CARTESIAN_POINT('',(-2.59644655420604,-0.67499999994238,-1.7809599999843));
#5419=DIRECTION('',(-0.0,1.22464679914735E-16,-1.0));
#5420=DIRECTION('',(-1.0,0.0,0.0));
#5421=SURFACE_STYLE_FILL_AREA(#9166);
#5422=ORIENTED_EDGE('',*,*,#8817,.T.);
#5423=ORIENTED_EDGE('',*,*,#8892,.T.);
#5424=ORIENTED_EDGE('',*,*,#9167,.F.);
#5425=ORIENTED_EDGE('',*,*,#9168,.F.);
#5426=CARTESIAN_POINT('',(-2.59644655419787,-0.67499999994238,-0.430959999984301));
#5427=DIRECTION('',(2.96473063505939E-43,1.22464679914735E-16,-1.0));
#5428=DIRECTION('',(-1.0,8.55060971492632E-12,1.04714768181428E-27));
#5429=SURFACE_STYLE_FILL_AREA(#9169);
#5430=ORIENTED_EDGE('',*,*,#9170,.T.);
#5431=ORIENTED_EDGE('',*,*,#9171,.F.);
#5432=ORIENTED_EDGE('',*,*,#9172,.T.);
#5433=ORIENTED_EDGE('',*,*,#9173,.F.);
#5434=ORIENTED_EDGE('',*,*,#8807,.F.);
#5435=ORIENTED_EDGE('',*,*,#9174,.T.);
#5436=ORIENTED_EDGE('',*,*,#9116,.F.);
#5437=CARTESIAN_POINT('',(2.98535528384404,-1.06390872965069,-0.4309599999395));
#5438=DIRECTION('',(0.707106781186548,-0.707106781186548,-8.65956056235493E-17));
#5439=DIRECTION('',(8.92494232791577E-33,-1.22464679914735E-16,1.0));
#5440=SURFACE_STYLE_FILL_AREA(#9175);
#5441=ORIENTED_EDGE('',*,*,#9176,.T.);
#5442=ORIENTED_EDGE('',*,*,#9104,.F.);
#5443=ORIENTED_EDGE('',*,*,#9177,.T.);
#5444=ORIENTED_EDGE('',*,*,#9136,.T.);
#5445=ORIENTED_EDGE('',*,*,#8967,.F.);
#5446=ORIENTED_EDGE('',*,*,#9142,.T.);
#5447=CARTESIAN_POINT('',(-0.65,-1.03620388268521,-0.1978162115628));
#5448=DIRECTION('',(0.0,0.62932039104931,0.777145961457398));
#5449=DIRECTION('',(-1.0,0.0,0.0));
#5450=SURFACE_STYLE_FILL_AREA(#9178);
#5451=ORIENTED_EDGE('',*,*,#8813,.F.);
#5452=ORIENTED_EDGE('',*,*,#9042,.T.);
#5453=ORIENTED_EDGE('',*,*,#9117,.T.);
#5454=ORIENTED_EDGE('',*,*,#9174,.F.);
#5455=CARTESIAN_POINT('',(2.59644655422289,-0.67499999993957,-0.4309599999395));
#5456=DIRECTION('',(0.0,1.22464679914735E-16,-1.0));
#5457=DIRECTION('',(1.0,0.0,0.0));
#5458=SURFACE_STYLE_FILL_AREA(#9179);
#5459=ORIENTED_EDGE('',*,*,#9180,.F.);
#5460=ORIENTED_EDGE('',*,*,#9181,.F.);
#5461=ORIENTED_EDGE('',*,*,#8943,.F.);
#5462=ORIENTED_EDGE('',*,*,#9182,.F.);
#5463=CARTESIAN_POINT('',(-0.325,-1.225,-1.0309599999997));
#5464=DIRECTION('',(0.0,1.22464679914735E-16,-1.0));
#5465=DIRECTION('',(0.0,-1.0,-1.22464679914735E-16));
#5466=SURFACE_STYLE_FILL_AREA(#9183);
#5467=ORIENTED_EDGE('',*,*,#8872,.F.);
#5468=ORIENTED_EDGE('',*,*,#9184,.T.);
#5469=ORIENTED_EDGE('',*,*,#9185,.F.);
#5470=ORIENTED_EDGE('',*,*,#9186,.T.);
#5471=CARTESIAN_POINT('',(-2.4,-1.32700000000568,-1.98096));
#5472=DIRECTION('',(0.0,-1.0,-1.22464679914735E-16));
#5473=DIRECTION('',(0.0,-1.22464679914735E-16,1.0));
#5474=SURFACE_STYLE_FILL_AREA(#9187);
#5475=ORIENTED_EDGE('',*,*,#8940,.T.);
#5476=ORIENTED_EDGE('',*,*,#9188,.F.);
#5477=ORIENTED_EDGE('',*,*,#9189,.F.);
#5478=ORIENTED_EDGE('',*,*,#9190,.T.);
#5479=ORIENTED_EDGE('',*,*,#9191,.F.);
#5480=ORIENTED_EDGE('',*,*,#9192,.F.);
#5481=CARTESIAN_POINT('',(-0.65,-1.03620388268521,-0.1978162115628));
#5482=DIRECTION('',(0.0,0.62932039104931,0.777145961457398));
#5483=DIRECTION('',(-1.0,0.0,0.0));
#5484=SURFACE_STYLE_FILL_AREA(#9193);
#5485=ORIENTED_EDGE('',*,*,#9194,.T.);
#5486=ORIENTED_EDGE('',*,*,#9195,.F.);
#5487=ORIENTED_EDGE('',*,*,#9196,.F.);
#5488=ORIENTED_EDGE('',*,*,#9197,.F.);
#5489=ORIENTED_EDGE('',*,*,#9198,.T.);
#5490=ORIENTED_EDGE('',*,*,#9199,.F.);
#5491=CARTESIAN_POINT('',(0.300000000001039,-1.225,-1.0309599999997));
#5492=DIRECTION('',(0.500000000001038,1.06057523872417E-16,-0.866025403783839));
#5493=DIRECTION('',(1.06057523872197E-16,-1.0,-6.12323399573676E-17));
#5494=SURFACE_STYLE_FILL_AREA(#9200);
#5495=ORIENTED_EDGE('',*,*,#8824,.T.);
#5496=ORIENTED_EDGE('',*,*,#9201,.F.);
#5497=ORIENTED_EDGE('',*,*,#9202,.F.);
#5498=ORIENTED_EDGE('',*,*,#9024,.T.);
#5499=CARTESIAN_POINT('',(2.59644655422289,-0.67499999993957,-0.4309599999395));
#5500=DIRECTION('',(0.0,1.22464679914735E-16,-1.0));
#5501=DIRECTION('',(1.0,0.0,0.0));
#5502=SURFACE_STYLE_FILL_AREA(#9203);
#5503=ORIENTED_EDGE('',*,*,#8504,.T.);
#5504=ORIENTED_EDGE('',*,*,#8950,.T.);
#5505=ORIENTED_EDGE('',*,*,#9204,.F.);
#5506=ORIENTED_EDGE('',*,*,#9205,.F.);
#5507=CARTESIAN_POINT('',(2.87499999990273,0.925000000024583,-1.5809599999826));
#5508=DIRECTION('',(-4.20389539297445E-43,1.0,1.22464679914735E-16));
#5509=DIRECTION('',(-1.0,7.41423819739014E-28,-6.05418493115911E-12));
#5510=SURFACE_STYLE_FILL_AREA(#9206);
#5511=ORIENTED_EDGE('',*,*,#9207,.F.);
#5512=ORIENTED_EDGE('',*,*,#9208,.T.);
#5513=ORIENTED_EDGE('',*,*,#9209,.T.);
#5514=ORIENTED_EDGE('',*,*,#8741,.F.);
#5515=CARTESIAN_POINT('',(4.8003422293826,0.42208322868614,-3.3309600000275));
#5516=DIRECTION('',(0.0,1.0,1.22464679914735E-16));
#5517=DIRECTION('',(0.0,-1.22464679914735E-16,1.0));
#5518=SURFACE_STYLE_FILL_AREA(#9210);
#5519=ORIENTED_EDGE('',*,*,#9211,.T.);
#5520=ORIENTED_EDGE('',*,*,#9212,.T.);
#5521=ORIENTED_EDGE('',*,*,#9194,.F.);
#5522=ORIENTED_EDGE('',*,*,#9213,.F.);
#5523=CARTESIAN_POINT('',(0.625,-1.225,-1.0165262432702));
#5524=DIRECTION('',(-0.0,1.0,1.22464679914735E-16));
#5525=DIRECTION('',(1.0,0.0,0.0));
#5526=SURFACE_STYLE_FILL_AREA(#9214);
#5527=ORIENTED_EDGE('',*,*,#9215,.T.);
#5528=ORIENTED_EDGE('',*,*,#9216,.T.);
#5529=ORIENTED_EDGE('',*,*,#8577,.T.);
#5530=ORIENTED_EDGE('',*,*,#8869,.F.);
#5531=ORIENTED_EDGE('',*,*,#9217,.F.);
#5532=ORIENTED_EDGE('',*,*,#9218,.F.);
#5533=ORIENTED_EDGE('',*,*,#9219,.F.);
#5534=ORIENTED_EDGE('',*,*,#9167,.T.);
#5535=ORIENTED_EDGE('',*,*,#8891,.F.);
#5536=CARTESIAN_POINT('',(-2.9853552838203,-1.06390872965278,-4.83096));
#5537=DIRECTION('',(0.0,-1.22464679914735E-16,1.0));
#5538=DIRECTION('',(0.0,-1.0,-1.22464679914735E-16));
#5539=SURFACE_STYLE_FILL_AREA(#9220);
#5540=ORIENTED_EDGE('',*,*,#8822,.T.);
#5541=ORIENTED_EDGE('',*,*,#9221,.F.);
#5542=ORIENTED_EDGE('',*,*,#9222,.F.);
#5543=ORIENTED_EDGE('',*,*,#9223,.F.);
#5544=ORIENTED_EDGE('',*,*,#9224,.T.);
#5545=CARTESIAN_POINT('',(3.19999999999575,-0.0714465541718796,-3.2260245592516));
#5546=DIRECTION('',(0.0,1.22464679914735E-16,-1.0));
#5547=DIRECTION('',(1.0,0.0,0.0));
#5548=SURFACE_STYLE_FILL_AREA(#9225);
#5549=ORIENTED_EDGE('',*,*,#9226,.F.);
#5550=ORIENTED_EDGE('',*,*,#9227,.T.);
#5551=ORIENTED_EDGE('',*,*,#8582,.F.);
#5552=ORIENTED_EDGE('',*,*,#9228,.F.);
#5553=ORIENTED_EDGE('',*,*,#9229,.T.);
#5554=CARTESIAN_POINT('',(-0.0499999999999977,-1.07499999998625,-3.90596));
#5555=DIRECTION('',(0.707106781186548,8.65956056235493E-17,-0.707106781186548));
#5556=DIRECTION('',(8.92494232791577E-33,-1.0,-1.22464679914735E-16));
#5557=SURFACE_STYLE_FILL_AREA(#9230);
#5558=ORIENTED_EDGE('',*,*,#9067,.F.);
#5559=ORIENTED_EDGE('',*,*,#9156,.F.);
#5560=ORIENTED_EDGE('',*,*,#9231,.F.);
#5561=ORIENTED_EDGE('',*,*,#9056,.F.);
#5562=ORIENTED_EDGE('',*,*,#9036,.F.);
#5563=CARTESIAN_POINT('',(0.0500000000000022,-1.07499999997272,-3.90596));
#5564=DIRECTION('',(-0.707106781186548,8.65955962024184E-17,-0.707106781186548));
#5565=DIRECTION('',(6.12323266338766E-17,1.0,6.12323399573676E-17));
#5566=SURFACE_STYLE_FILL_AREA(#9232);
#5567=ORIENTED_EDGE('',*,*,#9233,.T.);
#5568=ORIENTED_EDGE('',*,*,#9234,.T.);
#5569=ORIENTED_EDGE('',*,*,#9113,.T.);
#5570=ORIENTED_EDGE('',*,*,#9133,.F.);
#5571=ORIENTED_EDGE('',*,*,#8751,.T.);
#5572=ORIENTED_EDGE('',*,*,#9235,.T.);
#5573=ORIENTED_EDGE('',*,*,#9236,.T.);
#5574=CARTESIAN_POINT('',(5.56209872673632,1.93709878204021,-9.01938943137195));
#5575=DIRECTION('',(0.707106781186548,-0.707106781186548,-8.65956056235493E-17));
#5576=DIRECTION('',(8.92494232791577E-33,-1.22464679914735E-16,1.0));
#5577=SURFACE_STYLE_FILL_AREA(#9237);
#5578=ORIENTED_EDGE('',*,*,#9103,.F.);
#5579=ORIENTED_EDGE('',*,*,#9238,.T.);
#5580=ORIENTED_EDGE('',*,*,#9137,.T.);
#5581=ORIENTED_EDGE('',*,*,#9177,.F.);
#5582=CARTESIAN_POINT('',(0.225,-1.37212333608326,-0.43096));
#5583=DIRECTION('',(0.0,-0.629320391048453,-0.777145961458092));
#5584=DIRECTION('',(0.0,0.777145961458092,-0.629320391048453));
#5585=SURFACE_STYLE_FILL_AREA(#9239);
#5586=ORIENTED_EDGE('',*,*,#8808,.F.);
#5587=ORIENTED_EDGE('',*,*,#9173,.T.);
#5588=ORIENTED_EDGE('',*,*,#9240,.T.);
#5589=ORIENTED_EDGE('',*,*,#9241,.F.);
#5590=ORIENTED_EDGE('',*,*,#9242,.T.);
#5591=CARTESIAN_POINT('',(3.19999999999575,-0.0714465541718796,-3.2260245592516));
#5592=DIRECTION('',(0.0,1.22464679914735E-16,-1.0));
#5593=DIRECTION('',(1.0,0.0,0.0));
#5594=SURFACE_STYLE_FILL_AREA(#9243);
#5595=ORIENTED_EDGE('',*,*,#9022,.T.);
#5596=ORIENTED_EDGE('',*,*,#9244,.T.);
#5597=ORIENTED_EDGE('',*,*,#8962,.F.);
#5598=ORIENTED_EDGE('',*,*,#8764,.F.);
#5599=CARTESIAN_POINT('',(3.24999999993356,-1.325,-3.93096));
#5600=DIRECTION('',(0.0,-1.22464679914735E-16,1.0));
#5601=DIRECTION('',(-1.0,0.0,0.0));
#5602=SURFACE_STYLE_FILL_AREA(#9245);
#5603=ORIENTED_EDGE('',*,*,#9246,.T.);
#5604=ORIENTED_EDGE('',*,*,#9247,.F.);
#5605=ORIENTED_EDGE('',*,*,#8941,.F.);
#5606=ORIENTED_EDGE('',*,*,#9192,.T.);
#5607=ORIENTED_EDGE('',*,*,#9248,.T.);
#5608=ORIENTED_EDGE('',*,*,#9127,.T.);
#5609=ORIENTED_EDGE('',*,*,#9249,.F.);
#5610=ORIENTED_EDGE('',*,*,#9059,.T.);
#5611=ORIENTED_EDGE('',*,*,#9250,.F.);
#5612=CARTESIAN_POINT('',(-0.0249999999999977,-1.225,-0.6809599999997));
#5613=DIRECTION('',(-1.0,0.0,0.0));
#5614=DIRECTION('',(0.0,1.0,6.12323399573676E-17));
#5615=SURFACE_STYLE_FILL_AREA(#9251);
#5616=ORIENTED_EDGE('',*,*,#9252,.F.);
#5617=ORIENTED_EDGE('',*,*,#9253,.T.);
#5618=ORIENTED_EDGE('',*,*,#9254,.T.);
#5619=ORIENTED_EDGE('',*,*,#9255,.F.);
#5620=CARTESIAN_POINT('',(-3.8971233360657,0.445000000023038,-0.430959999976401));
#5621=DIRECTION('',(-0.629320391051946,2.69066144497148E-12,-0.777145961455263));
#5622=DIRECTION('',(-0.777145961455263,3.32246048806157E-12,0.629320391051946));
#5623=SURFACE_STYLE_FILL_AREA(#9256);
#5624=ORIENTED_EDGE('',*,*,#9257,.T.);
#5625=ORIENTED_EDGE('',*,*,#9258,.T.);
#5626=ORIENTED_EDGE('',*,*,#9254,.F.);
#5627=ORIENTED_EDGE('',*,*,#9259,.F.);
#5628=ORIENTED_EDGE('',*,*,#9260,.T.);
#5629=ORIENTED_EDGE('',*,*,#9261,.F.);
#5630=CARTESIAN_POINT('',(-3.80548907378486,-0.42499999997735,2.0357714011719E-06));
#5631=DIRECTION('',(-0.62932039105407,2.69066144498056E-12,-0.777145961453543));
#5632=DIRECTION('',(4.27542774199363E-12,1.0,6.12323399574501E-17));
#5633=SURFACE_STYLE_FILL_AREA(#9262);
#5634=ORIENTED_EDGE('',*,*,#9263,.F.);
#5635=ORIENTED_EDGE('',*,*,#9261,.T.);
#5636=ORIENTED_EDGE('',*,*,#9264,.T.);
#5637=ORIENTED_EDGE('',*,*,#9265,.F.);
#5638=ORIENTED_EDGE('',*,*,#9266,.T.);
#5639=CARTESIAN_POINT('',(4.93769625803912,-0.00500000001476528,-6.08805157031088));
#5640=DIRECTION('',(0.0,1.0,1.22464679914735E-16));
#5641=DIRECTION('',(0.0,-1.22464679914735E-16,1.0));
#5642=SURFACE_STYLE_FILL_AREA(#9267);
#5643=ORIENTED_EDGE('',*,*,#9268,.F.);
#5644=ORIENTED_EDGE('',*,*,#9269,.F.);
#5645=ORIENTED_EDGE('',*,*,#9252,.T.);
#5646=ORIENTED_EDGE('',*,*,#9270,.T.);
#5647=ORIENTED_EDGE('',*,*,#9271,.T.);
#5648=ORIENTED_EDGE('',*,*,#9265,.T.);
#5649=CARTESIAN_POINT('',(-3.97988287554046,-0.42499999997661,-0.2448045178465));
#5650=DIRECTION('',(0.62932039105457,-2.69066144498269E-12,0.777145961453139));
#5651=DIRECTION('',(2.60280813282315E-28,-1.0,-3.46223435292848E-12));
#5652=SURFACE_STYLE_FILL_AREA(#9272);
#5653=ORIENTED_EDGE('',*,*,#9259,.T.);
#5654=ORIENTED_EDGE('',*,*,#9253,.F.);
#5655=ORIENTED_EDGE('',*,*,#9269,.T.);
#5656=ORIENTED_EDGE('',*,*,#9273,.F.);
#5657=CARTESIAN_POINT('',(-3.96281917154771,-0.42499999997668,-0.194284454592201));
#5658=DIRECTION('',(0.777145961455262,-3.32249556929386E-12,-0.629320391051947));
#5659=DIRECTION('',(-3.21420036219838E-28,-1.0,5.27949771934151E-12));
#5660=SURFACE_STYLE_FILL_AREA(#9274);
#5661=ORIENTED_EDGE('',*,*,#9260,.F.);
#5662=ORIENTED_EDGE('',*,*,#9273,.T.);
#5663=ORIENTED_EDGE('',*,*,#9268,.T.);
#5664=ORIENTED_EDGE('',*,*,#9264,.F.);
#5665=CARTESIAN_POINT('',(-3.89712333606677,0.195000000023038,-0.430959999976401));
#5666=DIRECTION('',(0.629320391051946,-2.69066144497148E-12,0.777145961455263));
#5667=DIRECTION('',(0.777145961455263,-3.32246048806157E-12,-0.629320391051946));
#5668=SURFACE_STYLE_FILL_AREA(#9275);
#5669=ORIENTED_EDGE('',*,*,#9276,.F.);
#5670=ORIENTED_EDGE('',*,*,#9257,.F.);
#5671=ORIENTED_EDGE('',*,*,#9263,.T.);
#5672=ORIENTED_EDGE('',*,*,#8562,.F.);
#5673=CARTESIAN_POINT('',(-3.74999999998695,-0.42499999997759,-0.4309599999771));
#5674=DIRECTION('',(7.47359180973236E-43,1.0,1.22464679914735E-16));
#5675=DIRECTION('',(-1.0,-7.4071567855492E-28,6.04840251957247E-12));
#5676=SURFACE_STYLE_FILL_AREA(#9277);
#5677=ORIENTED_EDGE('',*,*,#9226,.T.);
#5678=ORIENTED_EDGE('',*,*,#9278,.F.);
#5679=ORIENTED_EDGE('',*,*,#9279,.F.);
#5680=ORIENTED_EDGE('',*,*,#9280,.F.);
#5681=ORIENTED_EDGE('',*,*,#9281,.T.);
#5682=ORIENTED_EDGE('',*,*,#9282,.F.);
#5683=CARTESIAN_POINT('',(-0.0249999999999977,-1.225,-0.6809599999997));
#5684=DIRECTION('',(-1.0,0.0,0.0));
#5685=DIRECTION('',(0.0,1.0,6.12323399573676E-17));
#5686=SURFACE_STYLE_FILL_AREA(#9283);
#5687=ORIENTED_EDGE('',*,*,#9258,.F.);
#5688=ORIENTED_EDGE('',*,*,#9276,.T.);
#5689=ORIENTED_EDGE('',*,*,#9284,.T.);
#5690=ORIENTED_EDGE('',*,*,#9270,.F.);
#5691=ORIENTED_EDGE('',*,*,#9255,.T.);
#5692=CARTESIAN_POINT('',(-3.55937786896432,0.645000000021594,-0.6306512434093));
#5693=DIRECTION('',(0.0,1.0,1.22464679914735E-16));
#5694=DIRECTION('',(0.0,-1.22464679914735E-16,1.0));
#5695=SURFACE_STYLE_FILL_AREA(#9285);
#5696=ORIENTED_EDGE('',*,*,#8805,.T.);
#5697=ORIENTED_EDGE('',*,*,#8802,.F.);
#5698=ORIENTED_EDGE('',*,*,#9286,.F.);
#5699=ORIENTED_EDGE('',*,*,#9287,.T.);
#5700=ORIENTED_EDGE('',*,*,#9271,.F.);
#5701=ORIENTED_EDGE('',*,*,#9288,.T.);
#5702=ORIENTED_EDGE('',*,*,#8863,.T.);
#5703=ORIENTED_EDGE('',*,*,#9289,.T.);
#5704=ORIENTED_EDGE('',*,*,#8876,.F.);
#5705=ORIENTED_EDGE('',*,*,#8796,.F.);
#5706=CARTESIAN_POINT('',(-3.74999999998952,-1.19981084023154,-0.430959999977299));
#5707=DIRECTION('',(1.0,0.0,0.0));
#5708=DIRECTION('',(0.0,6.12323399573676E-17,-1.0));
#5709=SURFACE_STYLE_FILL_AREA(#9290);
#5710=ORIENTED_EDGE('',*,*,#9213,.T.);
#5711=ORIENTED_EDGE('',*,*,#9199,.T.);
#5712=ORIENTED_EDGE('',*,*,#9291,.T.);
#5713=ORIENTED_EDGE('',*,*,#9292,.T.);
#5714=CARTESIAN_POINT('',(-0.331516278492591,-1.175,-1.8837756430996));
#5715=DIRECTION('',(-0.0,-1.0,-1.22464679914735E-16));
#5716=DIRECTION('',(-1.0,0.0,0.0));
#5717=SURFACE_STYLE_FILL_AREA(#9293);
#5718=ORIENTED_EDGE('',*,*,#8991,.T.);
#5719=ORIENTED_EDGE('',*,*,#8984,.F.);
#5720=ORIENTED_EDGE('',*,*,#9294,.T.);
#5721=ORIENTED_EDGE('',*,*,#8921,.F.);
#5722=CARTESIAN_POINT('',(3.96281917157631,-0.42499999998556,-0.194284454555701));
#5723=DIRECTION('',(0.77714596145907,-3.32261545731721E-12,0.629320391047246));
#5724=DIRECTION('',(0.0,-1.0,-5.27968822333579E-12));
#5725=SURFACE_STYLE_FILL_AREA(#9295);
#5726=ORIENTED_EDGE('',*,*,#8780,.T.);
#5727=ORIENTED_EDGE('',*,*,#8963,.F.);
#5728=ORIENTED_EDGE('',*,*,#9244,.F.);
#5729=ORIENTED_EDGE('',*,*,#9044,.F.);
#5730=ORIENTED_EDGE('',*,*,#8427,.F.);
#5731=ORIENTED_EDGE('',*,*,#9152,.F.);
#5732=ORIENTED_EDGE('',*,*,#8787,.T.);
#5733=ORIENTED_EDGE('',*,*,#9150,.F.);
#5734=CARTESIAN_POINT('',(-3.19999999999908,-0.160997814246109,-3.03096));
#5735=DIRECTION('',(0.0,-1.22464679914735E-16,1.0));
#5736=DIRECTION('',(0.0,-1.0,-1.22464679914735E-16));
#5737=SURFACE_STYLE_FILL_AREA(#9296);
#5738=ORIENTED_EDGE('',*,*,#8821,.T.);
#5739=ORIENTED_EDGE('',*,*,#8737,.T.);
#5740=ORIENTED_EDGE('',*,*,#9209,.F.);
#5741=ORIENTED_EDGE('',*,*,#9297,.F.);
#5742=ORIENTED_EDGE('',*,*,#9221,.T.);
#5743=CARTESIAN_POINT('',(0.0,-0.0779167712933396,-2.33096));
#5744=DIRECTION('',(1.0,0.0,0.0));
#5745=DIRECTION('',(0.0,-1.22464679914735E-16,1.0));
#5746=SURFACE_STYLE_FILL_AREA(#9298);
#5747=ORIENTED_EDGE('',*,*,#9299,.T.);
#5748=ORIENTED_EDGE('',*,*,#9001,.T.);
#5749=ORIENTED_EDGE('',*,*,#8993,.T.);
#5750=ORIENTED_EDGE('',*,*,#8563,.T.);
#5751=ORIENTED_EDGE('',*,*,#9266,.F.);
#5752=ORIENTED_EDGE('',*,*,#9287,.F.);
#5753=ORIENTED_EDGE('',*,*,#9300,.F.);
#5754=ORIENTED_EDGE('',*,*,#8840,.T.);
#5755=ORIENTED_EDGE('',*,*,#9301,.T.);
#5756=ORIENTED_EDGE('',*,*,#9302,.F.);
#5757=ORIENTED_EDGE('',*,*,#9303,.F.);
#5758=ORIENTED_EDGE('',*,*,#9304,.F.);
#5759=CARTESIAN_POINT('',(-3.6538609481809,-1.37079685378999,-0.4309599999779));
#5760=DIRECTION('',(0.0,1.22464679914735E-16,-1.0));
#5761=DIRECTION('',(0.0,-1.0,-1.22464679914735E-16));
#5762=SURFACE_STYLE_FILL_AREA(#9305);
#5763=ORIENTED_EDGE('',*,*,#9224,.F.);
#5764=ORIENTED_EDGE('',*,*,#9306,.T.);
#5765=ORIENTED_EDGE('',*,*,#9201,.T.);
#5766=ORIENTED_EDGE('',*,*,#8823,.F.);
#5767=CARTESIAN_POINT('',(2.98535528384404,-1.06390872965069,-0.4309599999395));
#5768=DIRECTION('',(0.707106781186548,-0.707106781186548,-8.65956056235493E-17));
#5769=DIRECTION('',(8.92494232791577E-33,-1.22464679914735E-16,1.0));
#5770=SURFACE_STYLE_FILL_AREA(#9307);
#5771=ORIENTED_EDGE('',*,*,#9280,.T.);
#5772=ORIENTED_EDGE('',*,*,#9308,.T.);
#5773=ORIENTED_EDGE('',*,*,#8926,.F.);
#5774=ORIENTED_EDGE('',*,*,#9146,.T.);
#5775=ORIENTED_EDGE('',*,*,#9309,.F.);
#5776=CARTESIAN_POINT('',(-0.331516278492591,-1.175,-1.8837756430996));
#5777=DIRECTION('',(-0.0,-1.0,-1.22464679914735E-16));
#5778=DIRECTION('',(-1.0,0.0,0.0));
#5779=SURFACE_STYLE_FILL_AREA(#9310);
#5780=ORIENTED_EDGE('',*,*,#9311,.T.);
#5781=ORIENTED_EDGE('',*,*,#9312,.T.);
#5782=ORIENTED_EDGE('',*,*,#9313,.F.);
#5783=ORIENTED_EDGE('',*,*,#9314,.F.);
#5784=CARTESIAN_POINT('',(1.99999999999421,-0.80500011500768,-3.93096));
#5785=DIRECTION('',(0.0,1.22464679914735E-16,-1.0));
#5786=DIRECTION('',(1.0,0.0,0.0));
#5787=SURFACE_STYLE_FILL_AREA(#9315);
#5788=ORIENTED_EDGE('',*,*,#9316,.F.);
#5789=ORIENTED_EDGE('',*,*,#9317,.T.);
#5790=ORIENTED_EDGE('',*,*,#8767,.T.);
#5791=ORIENTED_EDGE('',*,*,#8874,.F.);
#5792=CARTESIAN_POINT('',(-3.25000000000828,-1.3249999999915,-3.93096));
#5793=DIRECTION('',(3.01768651090344E-28,1.22464679914735E-16,-1.0));
#5794=DIRECTION('',(4.64948225069437E-60,-1.0,-1.22464679914735E-16));
#5795=SURFACE_STYLE_FILL_AREA(#9318);
#5796=ORIENTED_EDGE('',*,*,#9123,.F.);
#5797=ORIENTED_EDGE('',*,*,#8729,.T.);
#5798=ORIENTED_EDGE('',*,*,#8828,.F.);
#5799=ORIENTED_EDGE('',*,*,#9159,.T.);
#5800=CARTESIAN_POINT('',(2.59644655414027,-0.674999999942135,-1.78096000001826));
#5801=DIRECTION('',(9.81645356564373E-12,-9.81633110079588E-12,-1.0));
#5802=DIRECTION('',(-1.0,-9.63615584359472E-23,-9.81645356564373E-12));
#5803=SURFACE_STYLE_FILL_AREA(#9319);
#5804=ORIENTED_EDGE('',*,*,#9320,.T.);
#5805=ORIENTED_EDGE('',*,*,#9321,.F.);
#5806=ORIENTED_EDGE('',*,*,#9322,.F.);
#5807=ORIENTED_EDGE('',*,*,#9323,.T.);
#5808=CARTESIAN_POINT('',(0.625,-1.225,-3.0453937567298));
#5809=DIRECTION('',(-0.0,-1.0,-1.22464679914735E-16));
#5810=DIRECTION('',(-1.0,0.0,0.0));
#5811=SURFACE_STYLE_FILL_AREA(#9324);
#5812=ORIENTED_EDGE('',*,*,#9325,.F.);
#5813=ORIENTED_EDGE('',*,*,#8972,.F.);
#5814=ORIENTED_EDGE('',*,*,#8989,.T.);
#5815=ORIENTED_EDGE('',*,*,#9326,.T.);
#5816=ORIENTED_EDGE('',*,*,#9327,.F.);
#5817=ORIENTED_EDGE('',*,*,#9328,.T.);
#5818=CARTESIAN_POINT('',(-3.19999999995873,1.22500000002736,-0.430959999980601));
#5819=DIRECTION('',(-6.79462809680617E-13,-0.62932039104931,0.777145961457398));
#5820=DIRECTION('',(-3.86229890910168E-29,-0.777145961457398,-0.62932039104931));
#5821=SURFACE_STYLE_FILL_AREA(#9329);
#5822=ORIENTED_EDGE('',*,*,#9330,.T.);
#5823=ORIENTED_EDGE('',*,*,#8973,.F.);
#5824=ORIENTED_EDGE('',*,*,#9325,.T.);
#5825=ORIENTED_EDGE('',*,*,#9331,.T.);
#5826=CARTESIAN_POINT('',(-3.19999999995548,1.43781917159013,-0.1942844545969));
#5827=DIRECTION('',(-1.04524256467696E-11,-0.77714596145809,-0.629320391048455));
#5828=DIRECTION('',(-1.0,1.34497586877485E-11,4.97393994610618E-28));
#5829=SURFACE_STYLE_FILL_AREA(#9332);
#5830=ORIENTED_EDGE('',*,*,#9333,.T.);
#5831=ORIENTED_EDGE('',*,*,#9331,.F.);
#5832=ORIENTED_EDGE('',*,*,#9328,.F.);
#5833=ORIENTED_EDGE('',*,*,#9334,.T.);
#5834=CARTESIAN_POINT('',(-2.99999999995747,1.37212333610891,-0.4309599999819));
#5835=DIRECTION('',(6.7946280966909E-13,0.629320391048453,-0.777145961458092));
#5836=DIRECTION('',(1.04517089427603E-11,0.777145961458092,0.629320391048453));
#5837=SURFACE_STYLE_FILL_AREA(#9335);
#5838=ORIENTED_EDGE('',*,*,#9327,.T.);
#5839=ORIENTED_EDGE('',*,*,#9336,.F.);
#5840=ORIENTED_EDGE('',*,*,#9337,.F.);
#5841=ORIENTED_EDGE('',*,*,#9338,.F.);
#5842=ORIENTED_EDGE('',*,*,#9334,.F.);
#5843=CARTESIAN_POINT('',(-3.19999999995871,0.334525301012934,-1.5424779056736));
#5844=DIRECTION('',(1.0,0.0,0.0));
#5845=DIRECTION('',(0.0,6.12323399573676E-17,-1.0));
#5846=SURFACE_STYLE_FILL_AREA(#9339);
#5847=ORIENTED_EDGE('',*,*,#9288,.F.);
#5848=ORIENTED_EDGE('',*,*,#9284,.F.);
#5849=ORIENTED_EDGE('',*,*,#8561,.T.);
#5850=ORIENTED_EDGE('',*,*,#9340,.T.);
#5851=ORIENTED_EDGE('',*,*,#9336,.T.);
#5852=ORIENTED_EDGE('',*,*,#8864,.F.);
#5853=CARTESIAN_POINT('',(-3.6538609481809,-1.37079685378999,-0.4309599999779));
#5854=DIRECTION('',(0.0,1.22464679914735E-16,-1.0));
#5855=DIRECTION('',(0.0,-1.0,-1.22464679914735E-16));
#5856=SURFACE_STYLE_FILL_AREA(#9341);
#5857=ORIENTED_EDGE('',*,*,#9330,.F.);
#5858=ORIENTED_EDGE('',*,*,#9333,.F.);
#5859=ORIENTED_EDGE('',*,*,#9338,.T.);
#5860=ORIENTED_EDGE('',*,*,#9342,.T.);
#5861=ORIENTED_EDGE('',*,*,#9343,.F.);
#5862=ORIENTED_EDGE('',*,*,#8987,.F.);
#5863=ORIENTED_EDGE('',*,*,#8974,.T.);
#5864=CARTESIAN_POINT('',(3.2,1.28048907380066,2.035748201189E-06));
#5865=DIRECTION('',(0.0,-0.62932039104931,0.777145961457398));
#5866=DIRECTION('',(0.0,-0.777145961457398,-0.62932039104931));
#5867=SURFACE_STYLE_FILL_AREA(#9344);
#5868=ORIENTED_EDGE('',*,*,#9345,.F.);
#5869=ORIENTED_EDGE('',*,*,#8523,.T.);
#5870=ORIENTED_EDGE('',*,*,#9346,.F.);
#5871=ORIENTED_EDGE('',*,*,#9347,.T.);
#5872=ORIENTED_EDGE('',*,*,#9348,.T.);
#5873=CARTESIAN_POINT('',(-2.72499999996788,0.925000000023301,-2.6809599999835));
#5874=DIRECTION('',(1.0,0.0,0.0));
#5875=DIRECTION('',(0.0,6.12323399573676E-17,-1.0));
#5876=SURFACE_STYLE_FILL_AREA(#9349);
#5877=ORIENTED_EDGE('',*,*,#8522,.T.);
#5878=ORIENTED_EDGE('',*,*,#9350,.T.);
#5879=ORIENTED_EDGE('',*,*,#9351,.T.);
#5880=ORIENTED_EDGE('',*,*,#9346,.T.);
#5881=CARTESIAN_POINT('',(-2.87499999996734,0.925000000024583,-1.4309599999826));
#5882=DIRECTION('',(0.0,1.22464679914735E-16,-1.0));
#5883=DIRECTION('',(0.0,-1.0,-1.22464679914735E-16));
#5884=SURFACE_STYLE_FILL_AREA(#9352);
#5885=ORIENTED_EDGE('',*,*,#9248,.F.);
#5886=ORIENTED_EDGE('',*,*,#9191,.T.);
#5887=ORIENTED_EDGE('',*,*,#9353,.T.);
#5888=ORIENTED_EDGE('',*,*,#9128,.F.);
#5889=CARTESIAN_POINT('',(-0.225,-1.37212333608326,-0.43096));
#5890=DIRECTION('',(0.0,0.629320391048453,0.777145961458092));
#5891=DIRECTION('',(0.0,-0.777145961458092,0.629320391048453));
#5892=SURFACE_STYLE_FILL_AREA(#9354);
#5893=ORIENTED_EDGE('',*,*,#9303,.T.);
#5894=ORIENTED_EDGE('',*,*,#9131,.T.);
#5895=ORIENTED_EDGE('',*,*,#9355,.F.);
#5896=ORIENTED_EDGE('',*,*,#9188,.T.);
#5897=ORIENTED_EDGE('',*,*,#8939,.T.);
#5898=CARTESIAN_POINT('',(-2.5,-1.175,-0.78096));
#5899=DIRECTION('',(1.0,0.0,0.0));
#5900=DIRECTION('',(0.0,6.12323399573676E-17,-1.0));
#5901=SURFACE_STYLE_FILL_AREA(#9356);
#5902=ORIENTED_EDGE('',*,*,#9196,.T.);
#5903=ORIENTED_EDGE('',*,*,#9357,.F.);
#5904=ORIENTED_EDGE('',*,*,#9246,.F.);
#5905=ORIENTED_EDGE('',*,*,#9358,.T.);
#5906=ORIENTED_EDGE('',*,*,#9180,.T.);
#5907=ORIENTED_EDGE('',*,*,#9359,.T.);
#5908=CARTESIAN_POINT('',(0.175,-1.225,-0.8721886759732));
#5909=DIRECTION('',(-0.0,1.0,1.22464679914735E-16));
#5910=DIRECTION('',(1.0,0.0,0.0));
#5911=SURFACE_STYLE_FILL_AREA(#9360);
#5912=ORIENTED_EDGE('',*,*,#9361,.F.);
#5913=ORIENTED_EDGE('',*,*,#9362,.T.);
#5914=ORIENTED_EDGE('',*,*,#9363,.F.);
#5915=ORIENTED_EDGE('',*,*,#9364,.F.);
#5916=CARTESIAN_POINT('',(-2.025,1.3674481546851,-1.377501991781));
#5917=DIRECTION('',(0.0,0.936672189248388,-0.350207381259492));
#5918=DIRECTION('',(1.0,0.0,0.0));
#5919=SURFACE_STYLE_FILL_AREA(#9365);
#5920=ORIENTED_EDGE('',*,*,#8699,.T.);
#5921=ORIENTED_EDGE('',*,*,#8964,.T.);
#5922=ORIENTED_EDGE('',*,*,#8782,.F.);
#5923=ORIENTED_EDGE('',*,*,#9149,.T.);
#5924=CARTESIAN_POINT('',(-3.14999999999908,-1.82499981424611,-3.33096));
#5925=DIRECTION('',(-0.0,-1.0,-1.22464679914735E-16));
#5926=DIRECTION('',(-1.0,0.0,0.0));
#5927=SURFACE_STYLE_FILL_AREA(#9366);
#5928=ORIENTED_EDGE('',*,*,#9367,.F.);
#5929=ORIENTED_EDGE('',*,*,#9170,.F.);
#5930=ORIENTED_EDGE('',*,*,#9115,.T.);
#5931=ORIENTED_EDGE('',*,*,#9368,.T.);
#5932=CARTESIAN_POINT('',(1.42573598657167,0.925,-4.9809599999395));
#5933=DIRECTION('',(0.707106781186547,-0.707106781186547,-8.65956056235493E-17));
#5934=DIRECTION('',(0.707106781186548,0.707106781186548,8.65956056235493E-17));
#5935=SURFACE_STYLE_FILL_AREA(#9369);
#5936=ORIENTED_EDGE('',*,*,#9353,.F.);
#5937=ORIENTED_EDGE('',*,*,#9190,.F.);
#5938=ORIENTED_EDGE('',*,*,#9370,.T.);
#5939=ORIENTED_EDGE('',*,*,#9129,.T.);
#5940=CARTESIAN_POINT('',(2.65,-1.28048907380066,2.03574820087536E-06));
#5941=DIRECTION('',(0.0,-0.77714596145809,0.629320391048455));
#5942=DIRECTION('',(0.0,0.629320391048455,0.77714596145809));
#5943=SURFACE_STYLE_FILL_AREA(#9371);
#5944=ORIENTED_EDGE('',*,*,#9372,.T.);
#5945=ORIENTED_EDGE('',*,*,#8880,.T.);
#5946=ORIENTED_EDGE('',*,*,#8726,.F.);
#5947=ORIENTED_EDGE('',*,*,#9122,.F.);
#5948=CARTESIAN_POINT('',(5.56209872673632,1.93709878204021,-9.01938943137195));
#5949=DIRECTION('',(0.707106781186548,-0.707106781186548,-8.65956056235493E-17));
#5950=DIRECTION('',(8.92494232791577E-33,-1.22464679914735E-16,1.0));
#5951=SURFACE_STYLE_FILL_AREA(#9373);
#5952=ORIENTED_EDGE('',*,*,#8800,.F.);
#5953=ORIENTED_EDGE('',*,*,#8704,.F.);
#5954=ORIENTED_EDGE('',*,*,#9374,.T.);
#5955=ORIENTED_EDGE('',*,*,#9164,.F.);
#5956=ORIENTED_EDGE('',*,*,#9375,.F.);
#5957=ORIENTED_EDGE('',*,*,#9185,.T.);
#5958=ORIENTED_EDGE('',*,*,#9376,.F.);
#5959=ORIENTED_EDGE('',*,*,#9377,.T.);
#5960=ORIENTED_EDGE('',*,*,#8838,.T.);
#5961=ORIENTED_EDGE('',*,*,#9378,.T.);
#5962=CARTESIAN_POINT('',(4.80034222939167,0.42208322868614,-1.830960000029));
#5963=DIRECTION('',(0.0,-1.22464679914735E-16,1.0));
#5964=DIRECTION('',(0.0,-1.0,-1.22464679914735E-16));
#5965=SURFACE_STYLE_FILL_AREA(#9379);
#5966=ORIENTED_EDGE('',*,*,#9316,.T.);
#5967=ORIENTED_EDGE('',*,*,#8873,.T.);
#5968=ORIENTED_EDGE('',*,*,#9186,.F.);
#5969=ORIENTED_EDGE('',*,*,#9375,.T.);
#5970=ORIENTED_EDGE('',*,*,#9163,.T.);
#5971=ORIENTED_EDGE('',*,*,#9380,.F.);
#5972=ORIENTED_EDGE('',*,*,#9304,.T.);
#5973=ORIENTED_EDGE('',*,*,#8938,.T.);
#5974=ORIENTED_EDGE('',*,*,#9247,.T.);
#5975=ORIENTED_EDGE('',*,*,#9357,.T.);
#5976=ORIENTED_EDGE('',*,*,#9195,.T.);
#5977=ORIENTED_EDGE('',*,*,#9212,.F.);
#5978=ORIENTED_EDGE('',*,*,#9381,.T.);
#5979=ORIENTED_EDGE('',*,*,#9321,.T.);
#5980=ORIENTED_EDGE('',*,*,#9382,.T.);
#5981=ORIENTED_EDGE('',*,*,#9383,.F.);
#5982=ORIENTED_EDGE('',*,*,#9278,.T.);
#5983=ORIENTED_EDGE('',*,*,#9229,.F.);
#5984=ORIENTED_EDGE('',*,*,#9384,.T.);
#5985=ORIENTED_EDGE('',*,*,#8585,.T.);
#5986=ORIENTED_EDGE('',*,*,#8931,.F.);
#5987=ORIENTED_EDGE('',*,*,#8935,.T.);
#5988=ORIENTED_EDGE('',*,*,#9385,.F.);
#5989=ORIENTED_EDGE('',*,*,#9217,.T.);
#5990=ORIENTED_EDGE('',*,*,#8868,.F.);
#5991=ORIENTED_EDGE('',*,*,#8724,.T.);
#5992=ORIENTED_EDGE('',*,*,#8819,.T.);
#5993=ORIENTED_EDGE('',*,*,#8431,.F.);
#5994=ORIENTED_EDGE('',*,*,#9386,.F.);
#5995=ORIENTED_EDGE('',*,*,#9387,.T.);
#5996=CARTESIAN_POINT('',(-6.81532289534875,-0.924999999924338,-9.01938943136437));
#5997=DIRECTION('',(0.0,1.0,1.22464679914735E-16));
#5998=DIRECTION('',(0.0,-1.22464679914735E-16,1.0));
#5999=SURFACE_STYLE_FILL_AREA(#9388);
#6000=ORIENTED_EDGE('',*,*,#9377,.F.);
#6001=ORIENTED_EDGE('',*,*,#9389,.F.);
#6002=ORIENTED_EDGE('',*,*,#9301,.F.);
#6003=ORIENTED_EDGE('',*,*,#8839,.T.);
#6004=CARTESIAN_POINT('',(-2.59644655419787,-0.67499999994238,-0.430959999984301));
#6005=DIRECTION('',(2.96473063505939E-43,1.22464679914735E-16,-1.0));
#6006=DIRECTION('',(-1.0,8.55060971492632E-12,1.04714768181428E-27));
#6007=SURFACE_STYLE_FILL_AREA(#9390);
#6008=ORIENTED_EDGE('',*,*,#8520,.T.);
#6009=ORIENTED_EDGE('',*,*,#8858,.T.);
#6010=ORIENTED_EDGE('',*,*,#9391,.T.);
#6011=ORIENTED_EDGE('',*,*,#9392,.F.);
#6012=CARTESIAN_POINT('',(-2.97499999996681,0.925000000025438,-1.580959999982));
#6013=DIRECTION('',(1.0,0.0,0.0));
#6014=DIRECTION('',(0.0,6.12323399573676E-17,-1.0));
#6015=SURFACE_STYLE_FILL_AREA(#9393);
#6016=ORIENTED_EDGE('',*,*,#8521,.F.);
#6017=ORIENTED_EDGE('',*,*,#9392,.T.);
#6018=ORIENTED_EDGE('',*,*,#9394,.T.);
#6019=ORIENTED_EDGE('',*,*,#9350,.F.);
#6020=CARTESIAN_POINT('',(-2.87499999996795,0.925000000024583,-1.5309599999826));
#6021=DIRECTION('',(1.40129846432476E-43,1.0,1.22464679914735E-16));
#6022=DIRECTION('',(1.0,7.41423819738992E-28,-6.05418493115893E-12));
#6023=SURFACE_STYLE_FILL_AREA(#9395);
#6024=ORIENTED_EDGE('',*,*,#8792,.T.);
#6025=ORIENTED_EDGE('',*,*,#8768,.F.);
#6026=ORIENTED_EDGE('',*,*,#9317,.F.);
#6027=ORIENTED_EDGE('',*,*,#9387,.F.);
#6028=ORIENTED_EDGE('',*,*,#9396,.T.);
#6029=ORIENTED_EDGE('',*,*,#9397,.F.);
#6030=ORIENTED_EDGE('',*,*,#8695,.T.);
#6031=ORIENTED_EDGE('',*,*,#8778,.F.);
#6032=CARTESIAN_POINT('',(-3.19999999999908,-0.160997814246109,-3.03096));
#6033=DIRECTION('',(0.0,-1.22464679914735E-16,1.0));
#6034=DIRECTION('',(0.0,-1.0,-1.22464679914735E-16));
#6035=SURFACE_STYLE_FILL_AREA(#9398);
#6036=ORIENTED_EDGE('',*,*,#9399,.T.);
#6037=ORIENTED_EDGE('',*,*,#9400,.T.);
#6038=ORIENTED_EDGE('',*,*,#9401,.T.);
#6039=ORIENTED_EDGE('',*,*,#9402,.F.);
#6040=ORIENTED_EDGE('',*,*,#9403,.T.);
#6041=ORIENTED_EDGE('',*,*,#9404,.T.);
#6042=ORIENTED_EDGE('',*,*,#8857,.F.);
#6043=ORIENTED_EDGE('',*,*,#8835,.F.);
#6044=ORIENTED_EDGE('',*,*,#8855,.F.);
#6045=ORIENTED_EDGE('',*,*,#8844,.F.);
#6046=ORIENTED_EDGE('',*,*,#8853,.F.);
#6047=ORIENTED_EDGE('',*,*,#8851,.T.);
#6048=ORIENTED_EDGE('',*,*,#8847,.T.);
#6049=ORIENTED_EDGE('',*,*,#8831,.T.);
#6050=ORIENTED_EDGE('',*,*,#8860,.T.);
#6051=ORIENTED_EDGE('',*,*,#9405,.T.);
#6052=ORIENTED_EDGE('',*,*,#9406,.T.);
#6053=ORIENTED_EDGE('',*,*,#9407,.T.);
#6054=ORIENTED_EDGE('',*,*,#9408,.T.);
#6055=ORIENTED_EDGE('',*,*,#9409,.T.);
#6056=ORIENTED_EDGE('',*,*,#9410,.T.);
#6057=ORIENTED_EDGE('',*,*,#9411,.F.);
#6058=ORIENTED_EDGE('',*,*,#9412,.T.);
#6059=ORIENTED_EDGE('',*,*,#9413,.T.);
#6060=ORIENTED_EDGE('',*,*,#9347,.F.);
#6061=ORIENTED_EDGE('',*,*,#9351,.F.);
#6062=ORIENTED_EDGE('',*,*,#9394,.F.);
#6063=ORIENTED_EDGE('',*,*,#9391,.F.);
#6064=ORIENTED_EDGE('',*,*,#9414,.T.);
#6065=ORIENTED_EDGE('',*,*,#9415,.T.);
#6066=ORIENTED_EDGE('',*,*,#9416,.T.);
#6067=ORIENTED_EDGE('',*,*,#9417,.T.);
#6068=ORIENTED_EDGE('',*,*,#9418,.T.);
#6069=ORIENTED_EDGE('',*,*,#9419,.T.);
#6070=ORIENTED_EDGE('',*,*,#9420,.T.);
#6071=ORIENTED_EDGE('',*,*,#9421,.T.);
#6072=ORIENTED_EDGE('',*,*,#9422,.F.);
#6073=ORIENTED_EDGE('',*,*,#9423,.F.);
#6074=ORIENTED_EDGE('',*,*,#9424,.F.);
#6075=ORIENTED_EDGE('',*,*,#9425,.F.);
#6076=ORIENTED_EDGE('',*,*,#9426,.T.);
#6077=ORIENTED_EDGE('',*,*,#9427,.T.);
#6078=ORIENTED_EDGE('',*,*,#9428,.T.);
#6079=ORIENTED_EDGE('',*,*,#9429,.T.);
#6080=ORIENTED_EDGE('',*,*,#9204,.T.);
#6081=ORIENTED_EDGE('',*,*,#8949,.T.);
#6082=ORIENTED_EDGE('',*,*,#8953,.T.);
#6083=ORIENTED_EDGE('',*,*,#8956,.T.);
#6084=ORIENTED_EDGE('',*,*,#8960,.T.);
#6085=ORIENTED_EDGE('',*,*,#8895,.F.);
#6086=ORIENTED_EDGE('',*,*,#9326,.F.);
#6087=ORIENTED_EDGE('',*,*,#8884,.T.);
#6088=ORIENTED_EDGE('',*,*,#9430,.T.);
#6089=ORIENTED_EDGE('',*,*,#9431,.T.);
#6090=ORIENTED_EDGE('',*,*,#8630,.T.);
#6091=ORIENTED_EDGE('',*,*,#8622,.T.);
#6092=ORIENTED_EDGE('',*,*,#8606,.T.);
#6093=ORIENTED_EDGE('',*,*,#8592,.T.);
#6094=ORIENTED_EDGE('',*,*,#9432,.T.);
#6095=ORIENTED_EDGE('',*,*,#8615,.T.);
#6096=ORIENTED_EDGE('',*,*,#8626,.F.);
#6097=ORIENTED_EDGE('',*,*,#8610,.T.);
#6098=ORIENTED_EDGE('',*,*,#8554,.F.);
#6099=ORIENTED_EDGE('',*,*,#9433,.T.);
#6100=ORIENTED_EDGE('',*,*,#9434,.T.);
#6101=ORIENTED_EDGE('',*,*,#8865,.F.);
#6102=CARTESIAN_POINT('',(-5.624432474958,1.22500000003805,-0.430959999966));
#6103=DIRECTION('',(-0.0,-1.0,-1.22464679914735E-16));
#6104=DIRECTION('',(-1.0,0.0,0.0));
#6105=SURFACE_STYLE_FILL_AREA(#9435);
#6106=ORIENTED_EDGE('',*,*,#8505,.F.);
#6107=ORIENTED_EDGE('',*,*,#9205,.T.);
#6108=ORIENTED_EDGE('',*,*,#9429,.F.);
#6109=ORIENTED_EDGE('',*,*,#9436,.F.);
#6110=CARTESIAN_POINT('',(-2.82499999996886,0.925000000024156,-1.6809599999829));
#6111=DIRECTION('',(0.0,-1.22464679914735E-16,1.0));
#6112=DIRECTION('',(0.0,-1.0,-1.22464679914735E-16));
#6113=SURFACE_STYLE_FILL_AREA(#9437);
#6114=ORIENTED_EDGE('',*,*,#9438,.F.);
#6115=ORIENTED_EDGE('',*,*,#9291,.F.);
#6116=ORIENTED_EDGE('',*,*,#9198,.F.);
#6117=ORIENTED_EDGE('',*,*,#9439,.F.);
#6118=CARTESIAN_POINT('',(-0.325,-1.225,-1.0309599999997));
#6119=DIRECTION('',(0.0,1.22464679914735E-16,-1.0));
#6120=DIRECTION('',(0.0,-1.0,-1.22464679914735E-16));
#6121=SURFACE_STYLE_FILL_AREA(#9440);
#6122=ORIENTED_EDGE('',*,*,#9046,.T.);
#6123=ORIENTED_EDGE('',*,*,#9154,.T.);
#6124=ORIENTED_EDGE('',*,*,#9118,.F.);
#6125=ORIENTED_EDGE('',*,*,#9040,.T.);
#6126=CARTESIAN_POINT('',(1.88609989194661,-1.07499999997292,-4.7309599999395));
#6127=DIRECTION('',(0.707106781186548,-8.65955923000583E-17,0.707106781186548));
#6128=DIRECTION('',(0.0,-1.0,-1.22464661072474E-16));
#6129=SURFACE_STYLE_FILL_AREA(#9441);
#6130=ORIENTED_EDGE('',*,*,#9215,.F.);
#6131=ORIENTED_EDGE('',*,*,#8890,.F.);
#6132=ORIENTED_EDGE('',*,*,#8996,.T.);
#6133=ORIENTED_EDGE('',*,*,#9442,.T.);
#6134=CARTESIAN_POINT('',(0.0,2.35073598653548,-4.98096));
#6135=DIRECTION('',(-0.707106781186547,-0.707106781186547,-8.65956056235493E-17));
#6136=DIRECTION('',(0.707106781186548,-0.707106781186548,-8.65956056235493E-17));
#6137=SURFACE_STYLE_FILL_AREA(#9443);
#6138=ORIENTED_EDGE('',*,*,#9162,.T.);
#6139=ORIENTED_EDGE('',*,*,#9002,.F.);
#6140=ORIENTED_EDGE('',*,*,#9299,.F.);
#6141=ORIENTED_EDGE('',*,*,#9380,.T.);
#6142=CARTESIAN_POINT('',(-2.59644655419787,-0.67499999994238,-0.430959999984301));
#6143=DIRECTION('',(0.0,1.22464679914735E-16,-1.0));
#6144=DIRECTION('',(-1.0,8.55045201308969E-12,1.04712836890933E-27));
#6145=SURFACE_STYLE_FILL_AREA(#9444);
#6146=ORIENTED_EDGE('',*,*,#9322,.T.);
#6147=ORIENTED_EDGE('',*,*,#9381,.F.);
#6148=ORIENTED_EDGE('',*,*,#9211,.F.);
#6149=ORIENTED_EDGE('',*,*,#9292,.F.);
#6150=ORIENTED_EDGE('',*,*,#9438,.T.);
#6151=ORIENTED_EDGE('',*,*,#9445,.F.);
#6152=ORIENTED_EDGE('',*,*,#9064,.T.);
#6153=ORIENTED_EDGE('',*,*,#9446,.F.);
#6154=CARTESIAN_POINT('',(0.775,-1.225,-3.0129364047841));
#6155=DIRECTION('',(-1.0,0.0,0.0));
#6156=DIRECTION('',(0.0,1.0,6.12323399573676E-17));
#6157=SURFACE_STYLE_FILL_AREA(#9447);
#6158=ORIENTED_EDGE('',*,*,#9160,.F.);
#6159=ORIENTED_EDGE('',*,*,#8826,.F.);
#6160=ORIENTED_EDGE('',*,*,#9023,.F.);
#6161=ORIENTED_EDGE('',*,*,#8762,.F.);
#6162=CARTESIAN_POINT('',(2.39999999993447,-0.82299999993754,-1.98096));
#6163=DIRECTION('',(0.0,1.0,1.22464679914735E-16));
#6164=DIRECTION('',(0.0,1.22464679914735E-16,-1.0));
#6165=SURFACE_STYLE_FILL_AREA(#9448);
#6166=ORIENTED_EDGE('',*,*,#8914,.T.);
#6167=ORIENTED_EDGE('',*,*,#8922,.F.);
#6168=ORIENTED_EDGE('',*,*,#9294,.F.);
#6169=ORIENTED_EDGE('',*,*,#8983,.T.);
#6170=CARTESIAN_POINT('',(3.8971233361003,0.445000000014723,-0.4309599999395));
#6171=DIRECTION('',(0.629320391047246,-2.69044336318284E-12,-0.777145961459069));
#6172=DIRECTION('',(0.777145961459069,-3.32261462710208E-12,0.629320391047246));
#6173=SURFACE_STYLE_FILL_AREA(#9449);
#6174=ORIENTED_EDGE('',*,*,#8903,.T.);
#6175=ORIENTED_EDGE('',*,*,#9450,.T.);
#6176=ORIENTED_EDGE('',*,*,#9235,.F.);
#6177=ORIENTED_EDGE('',*,*,#8747,.T.);
#6178=CARTESIAN_POINT('',(3.19999999991695,-0.0714465541695256,-3.2260245592927));
#6179=DIRECTION('',(0.0,1.22464679914735E-16,-1.0));
#6180=DIRECTION('',(1.0,8.55045201308969E-12,1.04712836890933E-27));
#6181=SURFACE_STYLE_FILL_AREA(#9451);
#6182=ORIENTED_EDGE('',*,*,#9355,.T.);
#6183=ORIENTED_EDGE('',*,*,#9130,.F.);
#6184=ORIENTED_EDGE('',*,*,#9370,.F.);
#6185=ORIENTED_EDGE('',*,*,#9189,.T.);
#6186=CARTESIAN_POINT('',(-2.3,-1.37212333608326,-0.43096));
#6187=DIRECTION('',(0.0,0.629320391048453,0.777145961458092));
#6188=DIRECTION('',(0.0,-0.777145961458092,0.629320391048453));
#6189=SURFACE_STYLE_FILL_AREA(#9452);
#6190=ORIENTED_EDGE('',*,*,#9121,.F.);
#6191=ORIENTED_EDGE('',*,*,#9158,.F.);
#6192=ORIENTED_EDGE('',*,*,#9140,.T.);
#6193=ORIENTED_EDGE('',*,*,#9025,.F.);
#6194=ORIENTED_EDGE('',*,*,#9202,.T.);
#6195=ORIENTED_EDGE('',*,*,#9306,.F.);
#6196=ORIENTED_EDGE('',*,*,#9223,.T.);
#6197=ORIENTED_EDGE('',*,*,#9453,.F.);
#6198=ORIENTED_EDGE('',*,*,#8976,.T.);
#6199=ORIENTED_EDGE('',*,*,#8904,.T.);
#6200=ORIENTED_EDGE('',*,*,#8881,.F.);
#6201=ORIENTED_EDGE('',*,*,#9372,.F.);
#6202=CARTESIAN_POINT('',(-3.6538609481809,-1.37079685378999,-0.4309599999779));
#6203=DIRECTION('',(0.0,1.22464679914735E-16,-1.0));
#6204=DIRECTION('',(0.0,-1.0,-1.22464679914735E-16));
#6205=SURFACE_STYLE_FILL_AREA(#9454);
#6206=ORIENTED_EDGE('',*,*,#9455,.F.);
#6207=ORIENTED_EDGE('',*,*,#9456,.T.);
#6208=ORIENTED_EDGE('',*,*,#9457,.T.);
#6209=ORIENTED_EDGE('',*,*,#8599,.F.);
#6210=CARTESIAN_POINT('',(2.39999999998355,-1.62499981424611,-1.9669576992524));
#6211=DIRECTION('',(-3.50324616081204E-44,1.22464679914735E-16,-1.0));
#6212=DIRECTION('',(1.0,1.25116930704827E-12,1.53224048706808E-28));
#6213=SURFACE_STYLE_FILL_AREA(#9458);
#6214=ORIENTED_EDGE('',*,*,#9459,.F.);
#6215=ORIENTED_EDGE('',*,*,#9460,.T.);
#6216=ORIENTED_EDGE('',*,*,#9461,.T.);
#6217=ORIENTED_EDGE('',*,*,#9462,.T.);
#6218=ORIENTED_EDGE('',*,*,#9463,.F.);
#6219=CARTESIAN_POINT('',(-2.80000000000232,-1.84854641571668,-5.43096000000684));
#6220=DIRECTION('',(-1.0,0.0,0.0));
#6221=DIRECTION('',(0.0,1.0,6.12323399573676E-17));
#6222=SURFACE_STYLE_FILL_AREA(#9464);
#6223=ORIENTED_EDGE('',*,*,#8546,.F.);
#6224=ORIENTED_EDGE('',*,*,#9465,.T.);
#6225=ORIENTED_EDGE('',*,*,#8907,.T.);
#6226=ORIENTED_EDGE('',*,*,#8912,.T.);
#6227=CARTESIAN_POINT('',(3.19999999991802,0.674999999981187,-3.93096));
#6228=DIRECTION('',(0.0,1.22464679914735E-16,-1.0));
#6229=DIRECTION('',(1.0,0.0,0.0));
#6230=SURFACE_STYLE_FILL_AREA(#9466);
#6231=ORIENTED_EDGE('',*,*,#8508,.T.);
#6232=ORIENTED_EDGE('',*,*,#9467,.F.);
#6233=ORIENTED_EDGE('',*,*,#9426,.F.);
#6234=ORIENTED_EDGE('',*,*,#9468,.T.);
#6235=CARTESIAN_POINT('',(2.62499999990999,0.925000000022446,-2.7809599999841));
#6236=DIRECTION('',(0.0,1.0,1.22464679914735E-16));
#6237=DIRECTION('',(-1.0,7.41423819739016E-28,-6.05418493115912E-12));
#6238=SURFACE_STYLE_FILL_AREA(#9469);
#6239=ORIENTED_EDGE('',*,*,#9470,.T.);
#6240=ORIENTED_EDGE('',*,*,#9471,.T.);
#6241=ORIENTED_EDGE('',*,*,#9472,.T.);
#6242=ORIENTED_EDGE('',*,*,#9460,.F.);
#6243=ORIENTED_EDGE('',*,*,#9473,.F.);
#6244=ORIENTED_EDGE('',*,*,#9474,.F.);
#6245=ORIENTED_EDGE('',*,*,#9475,.F.);
#6246=CARTESIAN_POINT('',(1.68036695121665,-2.84942736067515,-5.12595999998768));
#6247=DIRECTION('',(0.0,1.22464679914735E-16,-1.0));
#6248=DIRECTION('',(0.0,-1.0,-1.22464679914735E-16));
#6249=SURFACE_STYLE_FILL_AREA(#9476);
#6250=ORIENTED_EDGE('',*,*,#9281,.F.);
#6251=ORIENTED_EDGE('',*,*,#9309,.T.);
#6252=ORIENTED_EDGE('',*,*,#9145,.F.);
#6253=ORIENTED_EDGE('',*,*,#9477,.F.);
#6254=CARTESIAN_POINT('',(-0.325,-1.225,-3.3629364047841));
#6255=DIRECTION('',(0.0,1.22464679914735E-16,-1.0));
#6256=DIRECTION('',(0.0,-1.0,-1.22464679914735E-16));
#6257=SURFACE_STYLE_FILL_AREA(#9478);
#6258=ORIENTED_EDGE('',*,*,#8430,.T.);
#6259=ORIENTED_EDGE('',*,*,#9479,.T.);
#6260=ORIENTED_EDGE('',*,*,#9396,.F.);
#6261=ORIENTED_EDGE('',*,*,#9386,.T.);
#6262=CARTESIAN_POINT('',(-2.4,0.925,-3.18096));
#6263=DIRECTION('',(0.0,-1.0,-1.22464679914735E-16));
#6264=DIRECTION('',(1.0,0.0,0.0));
#6265=SURFACE_STYLE_FILL_AREA(#9480);
#6266=ORIENTED_EDGE('',*,*,#9481,.T.);
#6267=ORIENTED_EDGE('',*,*,#9482,.T.);
#6268=ORIENTED_EDGE('',*,*,#9323,.F.);
#6269=ORIENTED_EDGE('',*,*,#9446,.T.);
#6270=ORIENTED_EDGE('',*,*,#9063,.F.);
#6271=CARTESIAN_POINT('',(-0.331516278492591,-1.175,-1.8837756430996));
#6272=DIRECTION('',(-0.0,-1.0,-1.22464679914735E-16));
#6273=DIRECTION('',(-1.0,0.0,0.0));
#6274=SURFACE_STYLE_FILL_AREA(#9483);
#6275=ORIENTED_EDGE('',*,*,#8498,.F.);
#6276=ORIENTED_EDGE('',*,*,#8497,.T.);
#6277=ORIENTED_EDGE('',*,*,#9484,.T.);
#6278=ORIENTED_EDGE('',*,*,#9485,.T.);
#6279=ORIENTED_EDGE('',*,*,#8958,.F.);
#6280=ORIENTED_EDGE('',*,*,#8499,.F.);
#6281=CARTESIAN_POINT('',(2.725,1.225,-1.00396));
#6282=DIRECTION('',(-1.0,0.0,0.0));
#6283=DIRECTION('',(0.0,0.986285601537231,-0.165047605860681));
#6284=SURFACE_STYLE_FILL_AREA(#9486);
#6285=ORIENTED_EDGE('',*,*,#9487,.F.);
#6286=ORIENTED_EDGE('',*,*,#9488,.F.);
#6287=ORIENTED_EDGE('',*,*,#8896,.T.);
#6288=ORIENTED_EDGE('',*,*,#8959,.F.);
#6289=ORIENTED_EDGE('',*,*,#9485,.F.);
#6290=ORIENTED_EDGE('',*,*,#9489,.F.);
#6291=CARTESIAN_POINT('',(-2.025,1.11993778562235,-1.2849616567746));
#6292=DIRECTION('',(-0.0,-0.350207381259145,-0.936672189248518));
#6293=DIRECTION('',(-1.0,0.0,0.0));
#6294=SURFACE_STYLE_FILL_AREA(#9490);
#6295=ORIENTED_EDGE('',*,*,#9491,.T.);
#6296=ORIENTED_EDGE('',*,*,#9492,.T.);
#6297=ORIENTED_EDGE('',*,*,#9493,.T.);
#6298=ORIENTED_EDGE('',*,*,#8898,.F.);
#6299=CARTESIAN_POINT('',(-2.375,1.44033837980022,-1.1111619552063));
#6300=DIRECTION('',(0.0,0.909961270876499,0.414693242656337));
#6301=DIRECTION('',(-1.0,0.0,0.0));
#6302=SURFACE_STYLE_FILL_AREA(#9494);
#6303=ORIENTED_EDGE('',*,*,#9487,.T.);
#6304=ORIENTED_EDGE('',*,*,#9415,.F.);
#6305=ORIENTED_EDGE('',*,*,#9495,.F.);
#6306=ORIENTED_EDGE('',*,*,#9492,.F.);
#6307=ORIENTED_EDGE('',*,*,#9496,.F.);
#6308=CARTESIAN_POINT('',(2.02499999993448,0.925,-2.68096));
#6309=DIRECTION('',(1.0,0.0,0.0));
#6310=DIRECTION('',(0.0,6.12323399573676E-17,-1.0));
#6311=SURFACE_STYLE_FILL_AREA(#9497);
#6312=ORIENTED_EDGE('',*,*,#9493,.F.);
#6313=ORIENTED_EDGE('',*,*,#9495,.T.);
#6314=ORIENTED_EDGE('',*,*,#9414,.F.);
#6315=ORIENTED_EDGE('',*,*,#8899,.F.);
#6316=CARTESIAN_POINT('',(-2.025,1.47251036906296,-1.0965003350066));
#6317=DIRECTION('',(0.0,0.350207381259254,0.936672189248478));
#6318=DIRECTION('',(-1.0,0.0,0.0));
#6319=SURFACE_STYLE_FILL_AREA(#9498);
#6320=ORIENTED_EDGE('',*,*,#9491,.F.);
#6321=ORIENTED_EDGE('',*,*,#8897,.F.);
#6322=ORIENTED_EDGE('',*,*,#9488,.T.);
#6323=ORIENTED_EDGE('',*,*,#9496,.T.);
#6324=CARTESIAN_POINT('',(-2.025,1.3674481546851,-1.377501991781));
#6325=DIRECTION('',(0.0,0.936672189248388,-0.350207381259492));
#6326=DIRECTION('',(1.0,0.0,0.0));
#6327=SURFACE_STYLE_FILL_AREA(#9499);
#6328=ORIENTED_EDGE('',*,*,#9484,.F.);
#6329=ORIENTED_EDGE('',*,*,#8518,.F.);
#6330=ORIENTED_EDGE('',*,*,#9500,.F.);
#6331=ORIENTED_EDGE('',*,*,#9416,.F.);
#6332=ORIENTED_EDGE('',*,*,#9489,.T.);
#6333=CARTESIAN_POINT('',(2.02499999993448,0.925,-2.68096));
#6334=DIRECTION('',(1.0,0.0,0.0));
#6335=DIRECTION('',(0.0,6.12323399573676E-17,-1.0));
#6336=SURFACE_STYLE_FILL_AREA(#9501);
#6337=ORIENTED_EDGE('',*,*,#9502,.T.);
#6338=ORIENTED_EDGE('',*,*,#9417,.F.);
#6339=ORIENTED_EDGE('',*,*,#9500,.T.);
#6340=ORIENTED_EDGE('',*,*,#8517,.F.);
#6341=CARTESIAN_POINT('',(-2.87499999996734,0.925000000024583,-1.4309599999826));
#6342=DIRECTION('',(0.0,1.22464679914735E-16,-1.0));
#6343=DIRECTION('',(0.0,-1.0,-1.22464679914735E-16));
#6344=SURFACE_STYLE_FILL_AREA(#9503);
#6345=ORIENTED_EDGE('',*,*,#9504,.T.);
#6346=ORIENTED_EDGE('',*,*,#9418,.F.);
#6347=ORIENTED_EDGE('',*,*,#9502,.F.);
#6348=ORIENTED_EDGE('',*,*,#8516,.T.);
#6349=CARTESIAN_POINT('',(1.875,0.925,-1.53096));
#6350=DIRECTION('',(0.0,1.0,1.22464679914735E-16));
#6351=DIRECTION('',(-1.0,0.0,0.0));
#6352=SURFACE_STYLE_FILL_AREA(#9505);
#6353=ORIENTED_EDGE('',*,*,#9506,.T.);
#6354=ORIENTED_EDGE('',*,*,#9419,.F.);
#6355=ORIENTED_EDGE('',*,*,#9504,.F.);
#6356=ORIENTED_EDGE('',*,*,#8515,.F.);
#6357=CARTESIAN_POINT('',(1.775,0.925,-1.53096));
#6358=DIRECTION('',(-1.0,0.0,0.0));
#6359=DIRECTION('',(0.0,1.0,6.12323399573676E-17));
#6360=SURFACE_STYLE_FILL_AREA(#9507);
#6361=ORIENTED_EDGE('',*,*,#9508,.T.);
#6362=ORIENTED_EDGE('',*,*,#9420,.F.);
#6363=ORIENTED_EDGE('',*,*,#9506,.F.);
#6364=ORIENTED_EDGE('',*,*,#8514,.T.);
#6365=CARTESIAN_POINT('',(1.875,0.925,-1.58096));
#6366=DIRECTION('',(0.0,1.0,1.22464679914735E-16));
#6367=DIRECTION('',(-1.0,0.0,0.0));
#6368=SURFACE_STYLE_FILL_AREA(#9509);
#6369=ORIENTED_EDGE('',*,*,#9510,.T.);
#6370=ORIENTED_EDGE('',*,*,#9421,.F.);
#6371=ORIENTED_EDGE('',*,*,#9508,.F.);
#6372=ORIENTED_EDGE('',*,*,#8513,.F.);
#6373=CARTESIAN_POINT('',(-2.82499999996886,0.925000000024156,-1.6809599999829));
#6374=DIRECTION('',(0.0,-1.22464679914735E-16,1.0));
#6375=DIRECTION('',(0.0,-1.0,-1.22464679914735E-16));
#6376=SURFACE_STYLE_FILL_AREA(#9511);
#6377=ORIENTED_EDGE('',*,*,#9157,.T.);
#6378=ORIENTED_EDGE('',*,*,#9105,.F.);
#6379=ORIENTED_EDGE('',*,*,#9176,.F.);
#6380=ORIENTED_EDGE('',*,*,#9141,.T.);
#6381=CARTESIAN_POINT('',(2.65,-1.225,-0.43096));
#6382=DIRECTION('',(1.0,0.0,0.0));
#6383=DIRECTION('',(0.0,-1.0,-1.22464679914735E-16));
#6384=SURFACE_STYLE_FILL_AREA(#9512);
#6385=ORIENTED_EDGE('',*,*,#9026,.T.);
#6386=ORIENTED_EDGE('',*,*,#9143,.T.);
#6387=ORIENTED_EDGE('',*,*,#8969,.T.);
#6388=ORIENTED_EDGE('',*,*,#9138,.T.);
#6389=ORIENTED_EDGE('',*,*,#9238,.F.);
#6390=ORIENTED_EDGE('',*,*,#9102,.F.);
#6391=CARTESIAN_POINT('',(-0.65,-1.27506118226552,-0.390421253918601));
#6392=DIRECTION('',(-0.0,-0.62932039104931,-0.777145961457398));
#6393=DIRECTION('',(-1.0,0.0,0.0));
#6394=SURFACE_STYLE_FILL_AREA(#9513);
#6395=ORIENTED_EDGE('',*,*,#9208,.F.);
#6396=ORIENTED_EDGE('',*,*,#9514,.T.);
#6397=ORIENTED_EDGE('',*,*,#9241,.T.);
#6398=ORIENTED_EDGE('',*,*,#9515,.F.);
#6399=ORIENTED_EDGE('',*,*,#8886,.F.);
#6400=ORIENTED_EDGE('',*,*,#8910,.T.);
#6401=ORIENTED_EDGE('',*,*,#8982,.F.);
#6402=ORIENTED_EDGE('',*,*,#9453,.T.);
#6403=ORIENTED_EDGE('',*,*,#9222,.T.);
#6404=ORIENTED_EDGE('',*,*,#9297,.T.);
#6405=CARTESIAN_POINT('',(3.749999999924,-1.19981084023154,-0.430959999977299));
#6406=DIRECTION('',(1.0,0.0,0.0));
#6407=DIRECTION('',(0.0,6.12323399573676E-17,-1.0));
#6408=SURFACE_STYLE_FILL_AREA(#9516);
#6409=ORIENTED_EDGE('',*,*,#9431,.F.);
#6410=ORIENTED_EDGE('',*,*,#9517,.F.);
#6411=ORIENTED_EDGE('',*,*,#9518,.T.);
#6412=ORIENTED_EDGE('',*,*,#9519,.F.);
#6413=ORIENTED_EDGE('',*,*,#9520,.F.);
#6414=CARTESIAN_POINT('',(2.35999999999829,0.524999999984778,-5.13096));
#6415=DIRECTION('',(0.0,-1.22464679914735E-16,1.0));
#6416=DIRECTION('',(-1.0,0.0,0.0));
#6417=SURFACE_STYLE_FILL_AREA(#9521);
#6418=ORIENTED_EDGE('',*,*,#9250,.T.);
#6419=ORIENTED_EDGE('',*,*,#9058,.T.);
#6420=ORIENTED_EDGE('',*,*,#8944,.F.);
#6421=ORIENTED_EDGE('',*,*,#9181,.T.);
#6422=ORIENTED_EDGE('',*,*,#9358,.F.);
#6423=CARTESIAN_POINT('',(-0.331516278492591,-1.175,-1.8837756430996));
#6424=DIRECTION('',(-0.0,-1.0,-1.22464679914735E-16));
#6425=DIRECTION('',(-1.0,0.0,0.0));
#6426=SURFACE_STYLE_FILL_AREA(#9522);
#6427=ORIENTED_EDGE('',*,*,#9523,.F.);
#6428=ORIENTED_EDGE('',*,*,#8589,.F.);
#6429=ORIENTED_EDGE('',*,*,#9524,.T.);
#6430=ORIENTED_EDGE('',*,*,#9525,.T.);
#6431=ORIENTED_EDGE('',*,*,#9526,.T.);
#6432=ORIENTED_EDGE('',*,*,#9527,.T.);
#6433=ORIENTED_EDGE('',*,*,#9528,.F.);
#6434=CARTESIAN_POINT('',(1.64190883324762,0.374045551489193,-5.28095999998785));
#6435=DIRECTION('',(-0.447213595502664,-0.894427190998563,-1.91209527721764E-12));
#6436=DIRECTION('',(-0.894427190998563,0.447213595502664,2.73839349133758E-17));
#6437=SURFACE_STYLE_FILL_AREA(#9529);
#6438=ORIENTED_EDGE('',*,*,#8457,.T.);
#6439=ORIENTED_EDGE('',*,*,#9530,.T.);
#6440=ORIENTED_EDGE('',*,*,#9531,.F.);
#6441=ORIENTED_EDGE('',*,*,#9532,.F.);
#6442=ORIENTED_EDGE('',*,*,#9533,.F.);
#6443=ORIENTED_EDGE('',*,*,#8553,.T.);
#6444=ORIENTED_EDGE('',*,*,#9534,.F.);
#6445=CARTESIAN_POINT('',(-2.2099968728623,1.0653887749,-4.28096333459409));
#6446=DIRECTION('',(0.00180785950521841,-0.999997343228495,-0.00143009788537201));
#6447=DIRECTION('',(0.999998365817327,0.00180786135392026,2.20365032414143E-19));
#6448=SURFACE_STYLE_FILL_AREA(#9535);
#6449=ORIENTED_EDGE('',*,*,#9536,.F.);
#6450=ORIENTED_EDGE('',*,*,#9412,.F.);
#6451=ORIENTED_EDGE('',*,*,#9537,.T.);
#6452=ORIENTED_EDGE('',*,*,#9538,.F.);
#6453=CARTESIAN_POINT('',(-2.025,1.47251036906296,-1.0965003350066));
#6454=DIRECTION('',(0.0,0.350207381259254,0.936672189248478));
#6455=DIRECTION('',(-1.0,0.0,0.0));
#6456=SURFACE_STYLE_FILL_AREA(#9539);
#6457=ORIENTED_EDGE('',*,*,#9540,.F.);
#6458=ORIENTED_EDGE('',*,*,#9538,.T.);
#6459=ORIENTED_EDGE('',*,*,#9541,.T.);
#6460=ORIENTED_EDGE('',*,*,#9361,.T.);
#6461=CARTESIAN_POINT('',(-2.375,1.44033837980022,-1.1111619552063));
#6462=DIRECTION('',(0.0,0.909961270876499,0.414693242656337));
#6463=DIRECTION('',(-1.0,0.0,0.0));
#6464=SURFACE_STYLE_FILL_AREA(#9542);
#6465=ORIENTED_EDGE('',*,*,#9345,.T.);
#6466=ORIENTED_EDGE('',*,*,#9543,.T.);
#6467=ORIENTED_EDGE('',*,*,#9544,.F.);
#6468=ORIENTED_EDGE('',*,*,#8525,.F.);
#6469=ORIENTED_EDGE('',*,*,#8524,.T.);
#6470=CARTESIAN_POINT('',(2.725,1.225,-1.00396));
#6471=DIRECTION('',(-1.0,0.0,0.0));
#6472=DIRECTION('',(0.0,0.986285601537231,-0.165047605860681));
#6473=SURFACE_STYLE_FILL_AREA(#9545);
#6474=ORIENTED_EDGE('',*,*,#8526,.F.);
#6475=ORIENTED_EDGE('',*,*,#9544,.T.);
#6476=ORIENTED_EDGE('',*,*,#9546,.T.);
#6477=ORIENTED_EDGE('',*,*,#9410,.F.);
#6478=ORIENTED_EDGE('',*,*,#9547,.F.);
#6479=CARTESIAN_POINT('',(-2.025,0.925,-2.68096));
#6480=DIRECTION('',(1.0,0.0,0.0));
#6481=DIRECTION('',(0.0,6.12323399573676E-17,-1.0));
#6482=SURFACE_STYLE_FILL_AREA(#9548);
#6483=ORIENTED_EDGE('',*,*,#8560,.T.);
#6484=ORIENTED_EDGE('',*,*,#9549,.T.);
#6485=ORIENTED_EDGE('',*,*,#8548,.F.);
#6486=ORIENTED_EDGE('',*,*,#9340,.F.);
#6487=CARTESIAN_POINT('',(-3.19999999996237,0.675000000008549,-0.430959999980601));
#6488=DIRECTION('',(0.0,1.22464679914735E-16,-1.0));
#6489=DIRECTION('',(-8.55045201308968E-12,-1.0,-1.22464679914735E-16));
#6490=SURFACE_STYLE_FILL_AREA(#9550);
#6491=ORIENTED_EDGE('',*,*,#8692,.F.);
#6492=ORIENTED_EDGE('',*,*,#9397,.T.);
#6493=ORIENTED_EDGE('',*,*,#9479,.F.);
#6494=ORIENTED_EDGE('',*,*,#8433,.F.);
#6495=ORIENTED_EDGE('',*,*,#8818,.T.);
#6496=ORIENTED_EDGE('',*,*,#9168,.T.);
#6497=ORIENTED_EDGE('',*,*,#9219,.T.);
#6498=ORIENTED_EDGE('',*,*,#9551,.F.);
#6499=ORIENTED_EDGE('',*,*,#8936,.T.);
#6500=ORIENTED_EDGE('',*,*,#8932,.T.);
#6501=ORIENTED_EDGE('',*,*,#8583,.T.);
#6502=ORIENTED_EDGE('',*,*,#9227,.F.);
#6503=ORIENTED_EDGE('',*,*,#9282,.T.);
#6504=ORIENTED_EDGE('',*,*,#9477,.T.);
#6505=ORIENTED_EDGE('',*,*,#9147,.T.);
#6506=ORIENTED_EDGE('',*,*,#8928,.T.);
#6507=ORIENTED_EDGE('',*,*,#9552,.T.);
#6508=ORIENTED_EDGE('',*,*,#9065,.T.);
#6509=ORIENTED_EDGE('',*,*,#9445,.T.);
#6510=ORIENTED_EDGE('',*,*,#9439,.T.);
#6511=ORIENTED_EDGE('',*,*,#9197,.T.);
#6512=ORIENTED_EDGE('',*,*,#9359,.F.);
#6513=ORIENTED_EDGE('',*,*,#9182,.T.);
#6514=ORIENTED_EDGE('',*,*,#8946,.T.);
#6515=ORIENTED_EDGE('',*,*,#9060,.T.);
#6516=ORIENTED_EDGE('',*,*,#9249,.T.);
#6517=ORIENTED_EDGE('',*,*,#9126,.T.);
#6518=ORIENTED_EDGE('',*,*,#9302,.T.);
#6519=ORIENTED_EDGE('',*,*,#9389,.T.);
#6520=ORIENTED_EDGE('',*,*,#9376,.T.);
#6521=ORIENTED_EDGE('',*,*,#9184,.F.);
#6522=ORIENTED_EDGE('',*,*,#8871,.T.);
#6523=CARTESIAN_POINT('',(-2.59644655416789,-1.225,-0.43096));
#6524=DIRECTION('',(-0.0,-1.0,-1.22464679914735E-16));
#6525=DIRECTION('',(-1.0,0.0,0.0));
#6526=SURFACE_STYLE_FILL_AREA(#9553);
#6527=ORIENTED_EDGE('',*,*,#9554,.F.);
#6528=ORIENTED_EDGE('',*,*,#9171,.T.);
#6529=ORIENTED_EDGE('',*,*,#9367,.T.);
#6530=ORIENTED_EDGE('',*,*,#9555,.F.);
#6531=CARTESIAN_POINT('',(1.85000005528178,0.925,-4.98096));
#6532=DIRECTION('',(0.707106781186547,-0.707106781186547,-8.65956056235493E-17));
#6533=DIRECTION('',(0.707106781186548,0.707106781186548,8.65956056235493E-17));
#6534=SURFACE_STYLE_FILL_AREA(#9556);
#6535=ORIENTED_EDGE('',*,*,#9378,.F.);
#6536=ORIENTED_EDGE('',*,*,#8841,.F.);
#6537=ORIENTED_EDGE('',*,*,#9300,.T.);
#6538=ORIENTED_EDGE('',*,*,#9286,.T.);
#6539=ORIENTED_EDGE('',*,*,#8801,.F.);
#6540=CARTESIAN_POINT('',(-3.19999999998247,-0.0714465541695256,-3.2260245592927));
#6541=DIRECTION('',(0.0,1.22464679914735E-16,-1.0));
#6542=DIRECTION('',(-1.0,8.55060971492633E-12,1.04714768181428E-27));
#6543=SURFACE_STYLE_FILL_AREA(#9557);
#6544=ORIENTED_EDGE('',*,*,#9558,.T.);
#6545=ORIENTED_EDGE('',*,*,#9405,.F.);
#6546=ORIENTED_EDGE('',*,*,#8861,.F.);
#6547=ORIENTED_EDGE('',*,*,#8531,.F.);
#6548=CARTESIAN_POINT('',(-2.82499999996886,0.925000000024156,-1.6809599999829));
#6549=DIRECTION('',(0.0,-1.22464679914735E-16,1.0));
#6550=DIRECTION('',(0.0,-1.0,-1.22464679914735E-16));
#6551=SURFACE_STYLE_FILL_AREA(#9559);
#6552=ORIENTED_EDGE('',*,*,#9560,.T.);
#6553=ORIENTED_EDGE('',*,*,#9406,.F.);
#6554=ORIENTED_EDGE('',*,*,#9558,.F.);
#6555=ORIENTED_EDGE('',*,*,#8530,.T.);
#6556=CARTESIAN_POINT('',(-1.875,0.925,-1.58096));
#6557=DIRECTION('',(0.0,1.0,1.22464679914735E-16));
#6558=DIRECTION('',(-1.0,0.0,0.0));
#6559=SURFACE_STYLE_FILL_AREA(#9561);
#6560=ORIENTED_EDGE('',*,*,#9562,.T.);
#6561=ORIENTED_EDGE('',*,*,#9407,.F.);
#6562=ORIENTED_EDGE('',*,*,#9560,.F.);
#6563=ORIENTED_EDGE('',*,*,#8529,.F.);
#6564=CARTESIAN_POINT('',(-1.775,0.925,-1.58096));
#6565=DIRECTION('',(1.0,0.0,0.0));
#6566=DIRECTION('',(0.0,6.12323399573676E-17,-1.0));
#6567=SURFACE_STYLE_FILL_AREA(#9563);
#6568=ORIENTED_EDGE('',*,*,#9564,.T.);
#6569=ORIENTED_EDGE('',*,*,#9408,.F.);
#6570=ORIENTED_EDGE('',*,*,#9562,.F.);
#6571=ORIENTED_EDGE('',*,*,#8528,.T.);
#6572=CARTESIAN_POINT('',(-1.875,0.925,-1.53096));
#6573=DIRECTION('',(0.0,1.0,1.22464679914735E-16));
#6574=DIRECTION('',(-1.0,0.0,0.0));
#6575=SURFACE_STYLE_FILL_AREA(#9565);
#6576=ORIENTED_EDGE('',*,*,#9547,.T.);
#6577=ORIENTED_EDGE('',*,*,#9409,.F.);
#6578=ORIENTED_EDGE('',*,*,#9564,.F.);
#6579=ORIENTED_EDGE('',*,*,#8527,.F.);
#6580=CARTESIAN_POINT('',(-2.87499999996734,0.925000000024583,-1.4309599999826));
#6581=DIRECTION('',(0.0,1.22464679914735E-16,-1.0));
#6582=DIRECTION('',(0.0,-1.0,-1.22464679914735E-16));
#6583=SURFACE_STYLE_FILL_AREA(#9566);
#6584=ORIENTED_EDGE('',*,*,#9348,.F.);
#6585=ORIENTED_EDGE('',*,*,#9567,.T.);
#6586=ORIENTED_EDGE('',*,*,#9363,.T.);
#6587=ORIENTED_EDGE('',*,*,#9568,.T.);
#6588=ORIENTED_EDGE('',*,*,#9546,.F.);
#6589=ORIENTED_EDGE('',*,*,#9543,.F.);
#6590=CARTESIAN_POINT('',(-2.025,1.11993778562235,-1.2849616567746));
#6591=DIRECTION('',(-0.0,-0.350207381259145,-0.936672189248518));
#6592=DIRECTION('',(-1.0,0.0,0.0));
#6593=SURFACE_STYLE_FILL_AREA(#9569);
#6594=ORIENTED_EDGE('',*,*,#9411,.T.);
#6595=ORIENTED_EDGE('',*,*,#9568,.F.);
#6596=ORIENTED_EDGE('',*,*,#9362,.F.);
#6597=ORIENTED_EDGE('',*,*,#9541,.F.);
#6598=ORIENTED_EDGE('',*,*,#9537,.F.);
#6599=CARTESIAN_POINT('',(-2.025,0.925,-2.68096));
#6600=DIRECTION('',(1.0,0.0,0.0));
#6601=DIRECTION('',(0.0,6.12323399573676E-17,-1.0));
#6602=SURFACE_STYLE_FILL_AREA(#9570);
#6603=ORIENTED_EDGE('',*,*,#9540,.T.);
#6604=ORIENTED_EDGE('',*,*,#9364,.T.);
#6605=ORIENTED_EDGE('',*,*,#9567,.F.);
#6606=ORIENTED_EDGE('',*,*,#9413,.F.);
#6607=ORIENTED_EDGE('',*,*,#9536,.T.);
#6608=CARTESIAN_POINT('',(-2.72499999996788,0.925000000023301,-2.6809599999835));
#6609=DIRECTION('',(1.0,0.0,0.0));
#6610=DIRECTION('',(0.0,6.12323399573676E-17,-1.0));
#6611=SURFACE_STYLE_FILL_AREA(#9571);
#6612=ORIENTED_EDGE('',*,*,#9572,.T.);
#6613=ORIENTED_EDGE('',*,*,#9573,.F.);
#6614=ORIENTED_EDGE('',*,*,#9399,.F.);
#6615=ORIENTED_EDGE('',*,*,#9574,.T.);
#6616=CARTESIAN_POINT('',(0.400000000004987,1.225,-4.53096));
#6617=DIRECTION('',(0.0,1.22464679914735E-16,-1.0));
#6618=DIRECTION('',(0.0,-1.0,-1.22464679914735E-16));
#6619=SURFACE_STYLE_FILL_AREA(#9575);
#6620=ORIENTED_EDGE('',*,*,#9576,.F.);
#6621=ORIENTED_EDGE('',*,*,#9577,.T.);
#6622=ORIENTED_EDGE('',*,*,#9402,.T.);
#6623=ORIENTED_EDGE('',*,*,#9578,.F.);
#6624=CARTESIAN_POINT('',(-3.5087940565061,1.025,-4.03096));
#6625=DIRECTION('',(-1.0,0.0,0.0));
#6626=DIRECTION('',(0.0,1.0,1.22464679914735E-16));
#6627=SURFACE_STYLE_FILL_AREA(#9579);
#6628=ORIENTED_EDGE('',*,*,#9580,.T.);
#6629=ORIENTED_EDGE('',*,*,#9578,.T.);
#6630=ORIENTED_EDGE('',*,*,#9401,.F.);
#6631=ORIENTED_EDGE('',*,*,#9581,.T.);
#6632=CARTESIAN_POINT('',(0.400000000004988,0.961543034477802,-4.36419874343575));
#6633=DIRECTION('',(1.0,0.0,0.0));
#6634=DIRECTION('',(0.0,6.12323399573676E-17,-1.0));
#6635=SURFACE_STYLE_FILL_AREA(#9582);
#6636=ORIENTED_EDGE('',*,*,#9583,.T.);
#6637=ORIENTED_EDGE('',*,*,#9581,.F.);
#6638=ORIENTED_EDGE('',*,*,#9400,.F.);
#6639=ORIENTED_EDGE('',*,*,#9573,.T.);
#6640=CARTESIAN_POINT('',(0.200000000004987,0.989679548579743,-4.33096));
#6641=DIRECTION('',(-0.0,1.0,1.22464679914735E-16));
#6642=DIRECTION('',(1.0,0.0,0.0));
#6643=SURFACE_STYLE_FILL_AREA(#9584);
#6644=ORIENTED_EDGE('',*,*,#9585,.T.);
#6645=ORIENTED_EDGE('',*,*,#9574,.F.);
#6646=ORIENTED_EDGE('',*,*,#9404,.F.);
#6647=ORIENTED_EDGE('',*,*,#9586,.T.);
#6648=CARTESIAN_POINT('',(-0.199999999995012,0.989679548579743,-4.33096));
#6649=DIRECTION('',(-0.0,1.0,1.22464679914735E-16));
#6650=DIRECTION('',(1.0,0.0,0.0));
#6651=SURFACE_STYLE_FILL_AREA(#9587);
#6652=ORIENTED_EDGE('',*,*,#9577,.F.);
#6653=ORIENTED_EDGE('',*,*,#9588,.T.);
#6654=ORIENTED_EDGE('',*,*,#9586,.F.);
#6655=ORIENTED_EDGE('',*,*,#9403,.F.);
#6656=CARTESIAN_POINT('',(-0.399999999995012,0.961543034477802,-4.36419874343575));
#6657=DIRECTION('',(1.0,0.0,0.0));
#6658=DIRECTION('',(0.0,6.12323399573676E-17,-1.0));
#6659=SURFACE_STYLE_FILL_AREA(#9589);
#6660=ORIENTED_EDGE('',*,*,#9588,.F.);
#6661=ORIENTED_EDGE('',*,*,#9576,.T.);
#6662=ORIENTED_EDGE('',*,*,#9580,.F.);
#6663=ORIENTED_EDGE('',*,*,#9583,.F.);
#6664=ORIENTED_EDGE('',*,*,#9572,.F.);
#6665=ORIENTED_EDGE('',*,*,#9585,.F.);
#6666=CARTESIAN_POINT('',(-0.399999999995012,1.025,-4.23096));
#6667=DIRECTION('',(0.0,1.0,1.22464679914735E-16));
#6668=DIRECTION('',(0.0,-1.22464679914735E-16,1.0));
#6669=SURFACE_STYLE_FILL_AREA(#9590);
#6670=ORIENTED_EDGE('',*,*,#9218,.T.);
#6671=ORIENTED_EDGE('',*,*,#9385,.T.);
#6672=ORIENTED_EDGE('',*,*,#8934,.T.);
#6673=ORIENTED_EDGE('',*,*,#9551,.T.);
#6674=CARTESIAN_POINT('',(-1.88609989193631,-1.07499999997292,-4.73096));
#6675=DIRECTION('',(0.707106781186548,8.65956056235493E-17,-0.707106781186548));
#6676=DIRECTION('',(8.92494232791577E-33,-1.0,-1.22464679914735E-16));
#6677=SURFACE_STYLE_FILL_AREA(#9591);
#6678=ORIENTED_EDGE('',*,*,#9592,.F.);
#6679=ORIENTED_EDGE('',*,*,#9593,.T.);
#6680=ORIENTED_EDGE('',*,*,#9594,.T.);
#6681=ORIENTED_EDGE('',*,*,#9595,.T.);
#6682=ORIENTED_EDGE('',*,*,#9532,.T.);
#6683=ORIENTED_EDGE('',*,*,#9596,.F.);
#6684=CARTESIAN_POINT('',(-1.58123355033698,0.68590896462251,-4.43096));
#6685=DIRECTION('',(0.0,1.22464679914735E-16,-1.0));
#6686=DIRECTION('',(0.0,-1.0,-1.22464679914735E-16));
#6687=SURFACE_STYLE_FILL_AREA(#9597);
#6688=ORIENTED_EDGE('',*,*,#9598,.F.);
#6689=ORIENTED_EDGE('',*,*,#9599,.F.);
#6690=ORIENTED_EDGE('',*,*,#9600,.T.);
#6691=ORIENTED_EDGE('',*,*,#9601,.T.);
#6692=ORIENTED_EDGE('',*,*,#9602,.F.);
#6693=CARTESIAN_POINT('',(-2.0038831661802,0.722886014654571,-4.83096000000025));
#6694=DIRECTION('',(0.766044443124474,0.642787609679989,1.22774685664312E-12));
#6695=DIRECTION('',(-0.642787609679989,0.766044443124474,5.72552560459874E-13));
#6696=SURFACE_STYLE_FILL_AREA(#9603);
#6697=ORIENTED_EDGE('',*,*,#9593,.F.);
#6698=ORIENTED_EDGE('',*,*,#9604,.T.);
#6699=ORIENTED_EDGE('',*,*,#9605,.T.);
#6700=ORIENTED_EDGE('',*,*,#9606,.F.);
#6701=CARTESIAN_POINT('',(-1.87532564424372,0.569677126029858,-4.53096000000037));
#6702=DIRECTION('',(-0.766044443124474,-0.64278760967999,-1.2277468566298E-12));
#6703=DIRECTION('',(0.64278760967999,-0.766044443124474,-5.72552560459874E-13));
#6704=SURFACE_STYLE_FILL_AREA(#9607);
#6705=ORIENTED_EDGE('',*,*,#9608,.F.);
#6706=ORIENTED_EDGE('',*,*,#9594,.F.);
#6707=ORIENTED_EDGE('',*,*,#9606,.T.);
#6708=ORIENTED_EDGE('',*,*,#9609,.F.);
#6709=ORIENTED_EDGE('',*,*,#9600,.F.);
#6710=ORIENTED_EDGE('',*,*,#9610,.T.);
#6711=CARTESIAN_POINT('',(-2.1041818005187,1.30913442051248,-4.28095999999967));
#6712=DIRECTION('',(0.766044443121726,0.642787609683264,1.2277468566254E-12));
#6713=DIRECTION('',(0.0,-1.91003503821484E-12,1.0));
#6714=SURFACE_STYLE_FILL_AREA(#9611);
#6715=ORIENTED_EDGE('',*,*,#9595,.F.);
#6716=ORIENTED_EDGE('',*,*,#9608,.T.);
#6717=ORIENTED_EDGE('',*,*,#9612,.T.);
#6718=ORIENTED_EDGE('',*,*,#9433,.F.);
#6719=ORIENTED_EDGE('',*,*,#9533,.T.);
#6720=CARTESIAN_POINT('',(-2.36000000000299,0.525,-4.28096));
#6721=DIRECTION('',(0.0,1.22464679914735E-16,-1.0));
#6722=DIRECTION('',(1.0,0.0,0.0));
#6723=SURFACE_STYLE_FILL_AREA(#9613);
#6724=ORIENTED_EDGE('',*,*,#9614,.T.);
#6725=ORIENTED_EDGE('',*,*,#8997,.F.);
#6726=ORIENTED_EDGE('',*,*,#8893,.F.);
#6727=ORIENTED_EDGE('',*,*,#8877,.T.);
#6728=ORIENTED_EDGE('',*,*,#9289,.F.);
#6729=ORIENTED_EDGE('',*,*,#8866,.T.);
#6730=ORIENTED_EDGE('',*,*,#9434,.F.);
#6731=ORIENTED_EDGE('',*,*,#9612,.F.);
#6732=ORIENTED_EDGE('',*,*,#9610,.F.);
#6733=ORIENTED_EDGE('',*,*,#9599,.T.);
#6734=ORIENTED_EDGE('',*,*,#9615,.T.);
#6735=ORIENTED_EDGE('',*,*,#9616,.T.);
#6736=ORIENTED_EDGE('',*,*,#9617,.F.);
#6737=ORIENTED_EDGE('',*,*,#9618,.F.);
#6738=ORIENTED_EDGE('',*,*,#9619,.T.);
#6739=ORIENTED_EDGE('',*,*,#9620,.F.);
#6740=CARTESIAN_POINT('',(1.68036695121665,-2.84942736067515,-5.13095999998768));
#6741=DIRECTION('',(0.0,1.22464679914735E-16,-1.0));
#6742=DIRECTION('',(0.0,-1.0,-1.22464679914735E-16));
#6743=SURFACE_STYLE_FILL_AREA(#9621);
#6744=ORIENTED_EDGE('',*,*,#9518,.F.);
#6745=ORIENTED_EDGE('',*,*,#9622,.F.);
#6746=ORIENTED_EDGE('',*,*,#9623,.F.);
#6747=ORIENTED_EDGE('',*,*,#9624,.F.);
#6748=ORIENTED_EDGE('',*,*,#9625,.T.);
#6749=ORIENTED_EDGE('',*,*,#9626,.F.);
#6750=CARTESIAN_POINT('',(2.10418180051604,1.30913442049387,-5.13096000000041));
#6751=DIRECTION('',(-0.76604444311623,0.642787609689814,-1.2280146591885E-12));
#6752=DIRECTION('',(1.60311066755119E-12,6.12323399573676E-17,-1.0));
#6753=SURFACE_STYLE_FILL_AREA(#9627);
#6754=ORIENTED_EDGE('',*,*,#9628,.T.);
#6755=ORIENTED_EDGE('',*,*,#8437,.T.);
#6756=ORIENTED_EDGE('',*,*,#9629,.T.);
#6757=ORIENTED_EDGE('',*,*,#8440,.F.);
#6758=ORIENTED_EDGE('',*,*,#9630,.F.);
#6759=ORIENTED_EDGE('',*,*,#8542,.F.);
#6760=CARTESIAN_POINT('',(-0.399999999995012,1.025,-4.23096));
#6761=DIRECTION('',(-1.0,0.0,0.0));
#6762=DIRECTION('',(0.0,1.0,1.22464679914735E-16));
#6763=SURFACE_STYLE_FILL_AREA(#9631);
#6764=ORIENTED_EDGE('',*,*,#9632,.F.);
#6765=ORIENTED_EDGE('',*,*,#9633,.T.);
#6766=ORIENTED_EDGE('',*,*,#8543,.F.);
#6767=ORIENTED_EDGE('',*,*,#9630,.T.);
#6768=CARTESIAN_POINT('',(0.400000000004988,0.961543034477802,-4.36419874343575));
#6769=DIRECTION('',(1.0,0.0,0.0));
#6770=DIRECTION('',(0.0,6.12323399573676E-17,-1.0));
#6771=SURFACE_STYLE_FILL_AREA(#9634);
#6772=ORIENTED_EDGE('',*,*,#8541,.T.);
#6773=ORIENTED_EDGE('',*,*,#9635,.T.);
#6774=ORIENTED_EDGE('',*,*,#9636,.T.);
#6775=ORIENTED_EDGE('',*,*,#9628,.F.);
#6776=CARTESIAN_POINT('',(-0.399999999995012,0.961543034477802,-4.36419874343575));
#6777=DIRECTION('',(1.0,0.0,0.0));
#6778=DIRECTION('',(0.0,6.12323399573676E-17,-1.0));
#6779=SURFACE_STYLE_FILL_AREA(#9637);
#6780=ORIENTED_EDGE('',*,*,#9279,.T.);
#6781=ORIENTED_EDGE('',*,*,#9383,.T.);
#6782=ORIENTED_EDGE('',*,*,#9638,.F.);
#6783=ORIENTED_EDGE('',*,*,#9481,.F.);
#6784=ORIENTED_EDGE('',*,*,#9062,.F.);
#6785=ORIENTED_EDGE('',*,*,#9552,.F.);
#6786=ORIENTED_EDGE('',*,*,#8927,.T.);
#6787=ORIENTED_EDGE('',*,*,#9308,.F.);
#6788=CARTESIAN_POINT('',(0.175,-1.225,-3.1897313240272));
#6789=DIRECTION('',(-0.0,-1.0,-1.22464679914735E-16));
#6790=DIRECTION('',(-1.0,0.0,0.0));
#6791=SURFACE_STYLE_FILL_AREA(#9639);
#6792=ORIENTED_EDGE('',*,*,#9640,.T.);
#6793=ORIENTED_EDGE('',*,*,#8472,.T.);
#6794=ORIENTED_EDGE('',*,*,#8467,.T.);
#6795=ORIENTED_EDGE('',*,*,#9641,.F.);
#6796=ORIENTED_EDGE('',*,*,#8631,.F.);
#6797=ORIENTED_EDGE('',*,*,#9520,.T.);
#6798=ORIENTED_EDGE('',*,*,#9642,.T.);
#6799=CARTESIAN_POINT('',(2.21002283128772,1.0836189304108,-4.28093994891246));
#6800=DIRECTION('',(-0.00196340259987527,-0.999996935442391,-0.00150803052250879));
#6801=DIRECTION('',(0.999998072518874,-0.00196340483242104,-2.40447197529793E-19));
#6802=SURFACE_STYLE_FILL_AREA(#9643);
#6803=ORIENTED_EDGE('',*,*,#9642,.F.);
#6804=ORIENTED_EDGE('',*,*,#9519,.T.);
#6805=ORIENTED_EDGE('',*,*,#9626,.T.);
#6806=ORIENTED_EDGE('',*,*,#9644,.F.);
#6807=ORIENTED_EDGE('',*,*,#9645,.T.);
#6808=ORIENTED_EDGE('',*,*,#9646,.T.);
#6809=CARTESIAN_POINT('',(-1.58123355033698,0.68590896462251,-4.43096));
#6810=DIRECTION('',(0.0,1.22464679914735E-16,-1.0));
#6811=DIRECTION('',(0.0,-1.0,-1.22464679914735E-16));
#6812=SURFACE_STYLE_FILL_AREA(#9647);
#6813=ORIENTED_EDGE('',*,*,#9648,.F.);
#6814=ORIENTED_EDGE('',*,*,#9649,.T.);
#6815=ORIENTED_EDGE('',*,*,#9644,.T.);
#6816=ORIENTED_EDGE('',*,*,#9625,.F.);
#6817=CARTESIAN_POINT('',(1.87532564424478,0.569677126042277,-4.53095999999963));
#6818=DIRECTION('',(0.766044443113482,-0.642787609693089,1.22801465918409E-12));
#6819=DIRECTION('',(0.642787609693089,0.766044443113482,-5.7236493368482E-13));
#6820=SURFACE_STYLE_FILL_AREA(#9650);
#6821=ORIENTED_EDGE('',*,*,#9651,.F.);
#6822=ORIENTED_EDGE('',*,*,#9652,.F.);
#6823=ORIENTED_EDGE('',*,*,#9623,.T.);
#6824=ORIENTED_EDGE('',*,*,#9653,.T.);
#6825=ORIENTED_EDGE('',*,*,#9654,.T.);
#6826=CARTESIAN_POINT('',(2.00388316618292,0.722886014665154,-4.83095999999975));
#6827=DIRECTION('',(-0.766044443113482,0.64278760969309,-1.22801465917077E-12));
#6828=DIRECTION('',(-0.64278760969309,-0.766044443113482,5.72364933684819E-13));
#6829=SURFACE_STYLE_FILL_AREA(#9655);
#6830=ORIENTED_EDGE('',*,*,#9656,.F.);
#6831=ORIENTED_EDGE('',*,*,#9657,.T.);
#6832=ORIENTED_EDGE('',*,*,#9653,.F.);
#6833=ORIENTED_EDGE('',*,*,#9622,.T.);
#6834=ORIENTED_EDGE('',*,*,#9517,.T.);
#6835=ORIENTED_EDGE('',*,*,#9430,.F.);
#6836=ORIENTED_EDGE('',*,*,#8887,.F.);
#6837=ORIENTED_EDGE('',*,*,#9515,.T.);
#6838=ORIENTED_EDGE('',*,*,#9240,.F.);
#6839=ORIENTED_EDGE('',*,*,#9172,.F.);
#6840=ORIENTED_EDGE('',*,*,#9554,.T.);
#6841=ORIENTED_EDGE('',*,*,#9658,.T.);
#6842=ORIENTED_EDGE('',*,*,#9659,.F.);
#6843=ORIENTED_EDGE('',*,*,#9660,.T.);
#6844=ORIENTED_EDGE('',*,*,#9661,.F.);
#6845=ORIENTED_EDGE('',*,*,#9662,.T.);
#6846=ORIENTED_EDGE('',*,*,#9663,.F.);
#6847=CARTESIAN_POINT('',(1.68036695121665,-2.84942736067515,-5.13095999998768));
#6848=DIRECTION('',(0.0,1.22464679914735E-16,-1.0));
#6849=DIRECTION('',(0.0,-1.0,-1.22464679914735E-16));
#6850=SURFACE_STYLE_FILL_AREA(#9664);
#6851=ORIENTED_EDGE('',*,*,#9665,.T.);
#6852=ORIENTED_EDGE('',*,*,#8616,.T.);
#6853=ORIENTED_EDGE('',*,*,#9432,.F.);
#6854=ORIENTED_EDGE('',*,*,#8591,.F.);
#6855=CARTESIAN_POINT('',(1.20000000000085,0.825,-5.03096));
#6856=DIRECTION('',(-1.0,0.0,-0.0));
#6857=DIRECTION('',(0.0,-1.0,-1.22464679914735E-16));
#6858=SURFACE_STYLE_FILL_AREA(#9666);
#6859=ORIENTED_EDGE('',*,*,#8743,.T.);
#6860=ORIENTED_EDGE('',*,*,#8809,.F.);
#6861=ORIENTED_EDGE('',*,*,#9242,.F.);
#6862=ORIENTED_EDGE('',*,*,#9514,.F.);
#6863=ORIENTED_EDGE('',*,*,#9207,.T.);
#6864=CARTESIAN_POINT('',(0.0,-0.0779167712933395,-2.8309599999985));
#6865=DIRECTION('',(1.0,0.0,0.0));
#6866=DIRECTION('',(0.0,-1.22464679914735E-16,1.0));
#6867=SURFACE_STYLE_FILL_AREA(#9667);
#6868=ORIENTED_EDGE('',*,*,#9638,.T.);
#6869=ORIENTED_EDGE('',*,*,#9382,.F.);
#6870=ORIENTED_EDGE('',*,*,#9320,.F.);
#6871=ORIENTED_EDGE('',*,*,#9482,.F.);
#6872=CARTESIAN_POINT('',(0.550000000000016,-1.225,-3.1752975672974));
#6873=DIRECTION('',(0.499999999999887,-1.06057523872499E-16,0.866025403784504));
#6874=DIRECTION('',(0.0,-1.0,-1.22464679914735E-16));
#6875=SURFACE_STYLE_FILL_AREA(#9668);
#6876=ORIENTED_EDGE('',*,*,#8770,.T.);
#6877=ORIENTED_EDGE('',*,*,#8793,.F.);
#6878=ORIENTED_EDGE('',*,*,#8776,.T.);
#6879=ORIENTED_EDGE('',*,*,#8790,.F.);
#6880=CARTESIAN_POINT('',(-3.14999999999908,-1.82499981424611,-3.33096));
#6881=DIRECTION('',(-0.0,-1.0,-1.22464679914735E-16));
#6882=DIRECTION('',(-1.0,0.0,0.0));
#6883=SURFACE_STYLE_FILL_AREA(#9669);
#6884=ORIENTED_EDGE('',*,*,#9343,.T.);
#6885=ORIENTED_EDGE('',*,*,#9342,.F.);
#6886=ORIENTED_EDGE('',*,*,#9337,.T.);
#6887=ORIENTED_EDGE('',*,*,#8547,.T.);
#6888=ORIENTED_EDGE('',*,*,#8988,.F.);
#6889=CARTESIAN_POINT('',(3.2,1.225,-0.43096));
#6890=DIRECTION('',(-1.0,0.0,0.0));
#6891=DIRECTION('',(0.0,1.0,1.22464679914735E-16));
#6892=SURFACE_STYLE_FILL_AREA(#9670);
#6893=ORIENTED_EDGE('',*,*,#9000,.T.);
#6894=ORIENTED_EDGE('',*,*,#9165,.T.);
#6895=ORIENTED_EDGE('',*,*,#9374,.F.);
#6896=ORIENTED_EDGE('',*,*,#8703,.F.);
#6897=CARTESIAN_POINT('',(-3.09267764191716,-0.56767764188142,-1.8059599999813));
#6898=DIRECTION('',(0.499999999997862,0.499999999997865,-0.707106781189569));
#6899=DIRECTION('',(0.70710678118655,-0.707106781186545,-2.16489014057022E-17));
#6900=SURFACE_STYLE_FILL_AREA(#9671);
#6901=ORIENTED_EDGE('',*,*,#8618,.F.);
#6902=ORIENTED_EDGE('',*,*,#9672,.F.);
#6903=ORIENTED_EDGE('',*,*,#9673,.F.);
#6904=ORIENTED_EDGE('',*,*,#9674,.T.);
#6905=ORIENTED_EDGE('',*,*,#9675,.T.);
#6906=ORIENTED_EDGE('',*,*,#9676,.T.);
#6907=ORIENTED_EDGE('',*,*,#9677,.T.);
#6908=CARTESIAN_POINT('',(-1.64190883323031,0.374045551499132,-5.28096000000027));
#6909=DIRECTION('',(0.447213595497141,-0.894427191001325,2.79485873271109E-13));
#6910=DIRECTION('',(2.31204009915854E-29,3.12474705692054E-13,1.0));
#6911=SURFACE_STYLE_FILL_AREA(#9678);
#6912=ORIENTED_EDGE('',*,*,#9679,.F.);
#6913=ORIENTED_EDGE('',*,*,#9680,.T.);
#6914=ORIENTED_EDGE('',*,*,#9673,.T.);
#6915=ORIENTED_EDGE('',*,*,#9681,.F.);
#6916=CARTESIAN_POINT('',(1.68036695121925,0.194999884993282,-3.5300791700365));
#6917=DIRECTION('',(-0.0,-1.0,-1.22464679914735E-16));
#6918=DIRECTION('',(-1.0,0.0,0.0));
#6919=SURFACE_STYLE_FILL_AREA(#9682);
#6920=ORIENTED_EDGE('',*,*,#8506,.T.);
#6921=ORIENTED_EDGE('',*,*,#9436,.T.);
#6922=ORIENTED_EDGE('',*,*,#9428,.F.);
#6923=ORIENTED_EDGE('',*,*,#9683,.F.);
#6924=CARTESIAN_POINT('',(2.82499999990394,0.925000000024156,-1.7809599999829));
#6925=DIRECTION('',(4.20389539297445E-43,-1.0,-1.22464679914735E-16));
#6926=DIRECTION('',(1.0,-7.41423819739014E-28,6.05418493115911E-12));
#6927=SURFACE_STYLE_FILL_AREA(#9684);
#6928=ORIENTED_EDGE('',*,*,#9685,.T.);
#6929=ORIENTED_EDGE('',*,*,#9686,.F.);
#6930=ORIENTED_EDGE('',*,*,#9687,.F.);
#6931=ORIENTED_EDGE('',*,*,#9475,.T.);
#6932=CARTESIAN_POINT('',(-2.40000000001111,-1.62499981424611,-3.2162804514254));
#6933=DIRECTION('',(7.00649232162408E-44,-1.22464679914735E-16,1.0));
#6934=DIRECTION('',(1.0,-3.02492406123456E-12,-3.70446356925472E-28));
#6935=SURFACE_STYLE_FILL_AREA(#9688);
#6936=ORIENTED_EDGE('',*,*,#8671,.F.);
#6937=ORIENTED_EDGE('',*,*,#9689,.T.);
#6938=ORIENTED_EDGE('',*,*,#9313,.T.);
#6939=ORIENTED_EDGE('',*,*,#9690,.F.);
#6940=CARTESIAN_POINT('',(-1.19999999998552,-0.60500011499801,-5.03096));
#6941=DIRECTION('',(-0.0,-1.0,-1.22464679914735E-16));
#6942=DIRECTION('',(-1.0,0.0,0.0));
#6943=SURFACE_STYLE_FILL_AREA(#9691);
#6944=ORIENTED_EDGE('',*,*,#9692,.F.);
#6945=ORIENTED_EDGE('',*,*,#9693,.T.);
#6946=ORIENTED_EDGE('',*,*,#9470,.F.);
#6947=ORIENTED_EDGE('',*,*,#9687,.T.);
#6948=ORIENTED_EDGE('',*,*,#9694,.T.);
#6949=CARTESIAN_POINT('',(-2.20000000000564,-0.82500011499498,-3.93096000000118));
#6950=DIRECTION('',(1.0,0.0,0.0));
#6951=DIRECTION('',(0.0,6.12323399573676E-17,-1.0));
#6952=SURFACE_STYLE_FILL_AREA(#9695);
#6953=ORIENTED_EDGE('',*,*,#8600,.F.);
#6954=ORIENTED_EDGE('',*,*,#9457,.F.);
#6955=ORIENTED_EDGE('',*,*,#9696,.T.);
#6956=ORIENTED_EDGE('',*,*,#9697,.F.);
#6957=CARTESIAN_POINT('',(-3.14999999999908,-1.82499981424611,-3.33096));
#6958=DIRECTION('',(-0.0,-1.0,-1.22464679914735E-16));
#6959=DIRECTION('',(-1.0,0.0,0.0));
#6960=SURFACE_STYLE_FILL_AREA(#9698);
#6961=ORIENTED_EDGE('',*,*,#9699,.F.);
#6962=ORIENTED_EDGE('',*,*,#9423,.T.);
#6963=ORIENTED_EDGE('',*,*,#9700,.F.);
#6964=ORIENTED_EDGE('',*,*,#8511,.T.);
#6965=CARTESIAN_POINT('',(2.02499999993448,0.925,-2.68096));
#6966=DIRECTION('',(1.0,0.0,0.0));
#6967=DIRECTION('',(0.0,6.12323399573676E-17,-1.0));
#6968=SURFACE_STYLE_FILL_AREA(#9701);
#6969=ORIENTED_EDGE('',*,*,#8425,.T.);
#6970=ORIENTED_EDGE('',*,*,#9043,.T.);
#6971=ORIENTED_EDGE('',*,*,#8811,.T.);
#6972=ORIENTED_EDGE('',*,*,#9153,.F.);
#6973=CARTESIAN_POINT('',(2.39999999993447,0.925,-3.18096));
#6974=DIRECTION('',(-0.0,-1.0,-1.22464679914735E-16));
#6975=DIRECTION('',(-1.0,0.0,0.0));
#6976=SURFACE_STYLE_FILL_AREA(#9702);
#6977=ORIENTED_EDGE('',*,*,#9703,.F.);
#6978=ORIENTED_EDGE('',*,*,#9704,.F.);
#6979=ORIENTED_EDGE('',*,*,#9528,.T.);
#6980=ORIENTED_EDGE('',*,*,#9705,.T.);
#6981=CARTESIAN_POINT('',(1.68036695121925,0.194999884993282,-3.5300791700365));
#6982=DIRECTION('',(-0.0,-1.0,-1.22464679914735E-16));
#6983=DIRECTION('',(-1.0,0.0,0.0));
#6984=SURFACE_STYLE_FILL_AREA(#9706);
#6985=ORIENTED_EDGE('',*,*,#9703,.T.);
#6986=ORIENTED_EDGE('',*,*,#9707,.F.);
#6987=ORIENTED_EDGE('',*,*,#9708,.F.);
#6988=ORIENTED_EDGE('',*,*,#9709,.T.);
#6989=CARTESIAN_POINT('',(2.29999999999618,-0.305000115008589,-3.93096));
#6990=DIRECTION('',(0.0,1.22464679914735E-16,-1.0));
#6991=DIRECTION('',(1.0,0.0,0.0));
#6992=SURFACE_STYLE_FILL_AREA(#9710);
#6993=ORIENTED_EDGE('',*,*,#8507,.F.);
#6994=ORIENTED_EDGE('',*,*,#9683,.T.);
#6995=ORIENTED_EDGE('',*,*,#9427,.F.);
#6996=ORIENTED_EDGE('',*,*,#9467,.T.);
#6997=CARTESIAN_POINT('',(2.72499999990237,0.925000000023301,-2.6809599999835));
#6998=DIRECTION('',(1.0,0.0,0.0));
#6999=DIRECTION('',(0.0,6.12323399573676E-17,-1.0));
#7000=SURFACE_STYLE_FILL_AREA(#9711);
#7001=ORIENTED_EDGE('',*,*,#9692,.T.);
#7002=ORIENTED_EDGE('',*,*,#9712,.T.);
#7003=ORIENTED_EDGE('',*,*,#9713,.F.);
#7004=ORIENTED_EDGE('',*,*,#9714,.F.);
#7005=CARTESIAN_POINT('',(-2.00000000000579,-0.80500011499559,-3.93096));
#7006=DIRECTION('',(0.0,-1.22464679914735E-16,1.0));
#7007=DIRECTION('',(-1.0,0.0,0.0));
#7008=SURFACE_STYLE_FILL_AREA(#9715);
#7009=ORIENTED_EDGE('',*,*,#9474,.T.);
#7010=ORIENTED_EDGE('',*,*,#9716,.T.);
#7011=ORIENTED_EDGE('',*,*,#9717,.T.);
#7012=ORIENTED_EDGE('',*,*,#9685,.F.);
#7013=CARTESIAN_POINT('',(-3.14999999999908,-1.82499981424611,-3.33096));
#7014=DIRECTION('',(-0.0,-1.0,-1.22464679914735E-16));
#7015=DIRECTION('',(-1.0,0.0,0.0));
#7016=SURFACE_STYLE_FILL_AREA(#9718);
#7017=ORIENTED_EDGE('',*,*,#8509,.T.);
#7018=ORIENTED_EDGE('',*,*,#9468,.F.);
#7019=ORIENTED_EDGE('',*,*,#9425,.T.);
#7020=ORIENTED_EDGE('',*,*,#9719,.T.);
#7021=CARTESIAN_POINT('',(-2.625,0.925,-2.88096));
#7022=DIRECTION('',(0.0,1.22464679914735E-16,-1.0));
#7023=DIRECTION('',(0.0,-1.0,-1.22464679914735E-16));
#7024=SURFACE_STYLE_FILL_AREA(#9720);
#7025=ORIENTED_EDGE('',*,*,#9697,.T.);
#7026=ORIENTED_EDGE('',*,*,#9721,.F.);
#7027=ORIENTED_EDGE('',*,*,#9722,.F.);
#7028=ORIENTED_EDGE('',*,*,#8601,.T.);
#7029=CARTESIAN_POINT('',(2.59999999998355,-1.62499981424611,-1.9669576992495));
#7030=DIRECTION('',(3.50324616081204E-44,-1.22464679914735E-16,1.0));
#7031=DIRECTION('',(-1.0,-1.25116930704827E-12,-1.53224048706808E-28));
#7032=SURFACE_STYLE_FILL_AREA(#9723);
#7033=ORIENTED_EDGE('',*,*,#8510,.F.);
#7034=ORIENTED_EDGE('',*,*,#9719,.F.);
#7035=ORIENTED_EDGE('',*,*,#9424,.T.);
#7036=ORIENTED_EDGE('',*,*,#9699,.T.);
#7037=CARTESIAN_POINT('',(2.12499999993448,0.925,-2.78096));
#7038=DIRECTION('',(-0.0,1.0,1.22464679914735E-16));
#7039=DIRECTION('',(1.0,0.0,0.0));
#7040=SURFACE_STYLE_FILL_AREA(#9724);
#7041=ORIENTED_EDGE('',*,*,#9700,.T.);
#7042=ORIENTED_EDGE('',*,*,#9422,.T.);
#7043=ORIENTED_EDGE('',*,*,#9510,.F.);
#7044=ORIENTED_EDGE('',*,*,#8512,.F.);
#7045=CARTESIAN_POINT('',(1.92499999993448,0.925,-1.78096));
#7046=DIRECTION('',(-0.0,-1.0,-1.22464679914735E-16));
#7047=DIRECTION('',(-1.0,0.0,0.0));
#7048=SURFACE_STYLE_FILL_AREA(#9725);
#7049=ORIENTED_EDGE('',*,*,#9459,.T.);
#7050=ORIENTED_EDGE('',*,*,#9726,.F.);
#7051=ORIENTED_EDGE('',*,*,#9716,.F.);
#7052=ORIENTED_EDGE('',*,*,#9473,.T.);
#7053=CARTESIAN_POINT('',(-2.60000000001111,-1.62499981424611,-3.2162804514262));
#7054=DIRECTION('',(7.00649232162408E-44,-1.22464679914735E-16,1.0));
#7055=DIRECTION('',(1.0,-3.02492406123456E-12,-3.70446356925472E-28));
#7056=SURFACE_STYLE_FILL_AREA(#9727);
#7057=ORIENTED_EDGE('',*,*,#9311,.F.);
#7058=ORIENTED_EDGE('',*,*,#9728,.T.);
#7059=ORIENTED_EDGE('',*,*,#9455,.T.);
#7060=ORIENTED_EDGE('',*,*,#8598,.F.);
#7061=ORIENTED_EDGE('',*,*,#9729,.F.);
#7062=ORIENTED_EDGE('',*,*,#9730,.F.);
#7063=CARTESIAN_POINT('',(2.199999999998,-1.74377441573609,-5.43095999998546));
#7064=DIRECTION('',(-1.0,0.0,0.0));
#7065=DIRECTION('',(0.0,1.0,6.12323399573676E-17));
#7066=SURFACE_STYLE_FILL_AREA(#9731);
#7067=ORIENTED_EDGE('',*,*,#9722,.T.);
#7068=ORIENTED_EDGE('',*,*,#9732,.T.);
#7069=ORIENTED_EDGE('',*,*,#9708,.T.);
#7070=ORIENTED_EDGE('',*,*,#9733,.F.);
#7071=ORIENTED_EDGE('',*,*,#8602,.F.);
#7072=CARTESIAN_POINT('',(2.79999999999797,-1.32977211501011,-5.1309599999829));
#7073=DIRECTION('',(1.0,0.0,0.0));
#7074=DIRECTION('',(0.0,6.12323399573676E-17,-1.0));
#7075=SURFACE_STYLE_FILL_AREA(#9734);
#7076=ORIENTED_EDGE('',*,*,#9679,.T.);
#7077=ORIENTED_EDGE('',*,*,#9735,.F.);
#7078=ORIENTED_EDGE('',*,*,#9462,.F.);
#7079=ORIENTED_EDGE('',*,*,#9736,.T.);
#7080=CARTESIAN_POINT('',(-2.30000000000382,-0.30500011499468,-3.93096));
#7081=DIRECTION('',(0.0,-1.22464679914735E-16,1.0));
#7082=DIRECTION('',(-1.0,0.0,0.0));
#7083=SURFACE_STYLE_FILL_AREA(#9737);
#7084=ORIENTED_EDGE('',*,*,#8690,.F.);
#7085=ORIENTED_EDGE('',*,*,#9738,.F.);
#7086=ORIENTED_EDGE('',*,*,#9713,.T.);
#7087=ORIENTED_EDGE('',*,*,#9739,.T.);
#7088=CARTESIAN_POINT('',(-1.19999999998552,-0.60500011499801,-5.03096));
#7089=DIRECTION('',(-0.0,-1.0,-1.22464679914735E-16));
#7090=DIRECTION('',(-1.0,0.0,0.0));
#7091=SURFACE_STYLE_FILL_AREA(#9740);
#7092=ORIENTED_EDGE('',*,*,#8654,.F.);
#7093=ORIENTED_EDGE('',*,*,#8687,.F.);
#7094=ORIENTED_EDGE('',*,*,#8662,.F.);
#7095=ORIENTED_EDGE('',*,*,#8684,.F.);
#7096=CARTESIAN_POINT('',(-1.19999999998552,-0.60500011499801,-5.03096));
#7097=DIRECTION('',(-0.0,-1.0,-1.22464679914735E-16));
#7098=DIRECTION('',(-1.0,0.0,0.0));
#7099=SURFACE_STYLE_FILL_AREA(#9741);
#7100=ORIENTED_EDGE('',*,*,#8679,.F.);
#7101=ORIENTED_EDGE('',*,*,#9742,.F.);
#7102=ORIENTED_EDGE('',*,*,#8682,.F.);
#7103=ORIENTED_EDGE('',*,*,#9743,.T.);
#7104=CARTESIAN_POINT('',(-1.19999999998552,-0.60500011499801,-5.03096));
#7105=DIRECTION('',(-0.0,-1.0,-1.22464679914735E-16));
#7106=DIRECTION('',(-1.0,0.0,0.0));
#7107=SURFACE_STYLE_FILL_AREA(#9744);
#7108=ORIENTED_EDGE('',*,*,#8658,.F.);
#7109=ORIENTED_EDGE('',*,*,#8677,.F.);
#7110=ORIENTED_EDGE('',*,*,#8666,.F.);
#7111=ORIENTED_EDGE('',*,*,#8674,.F.);
#7112=CARTESIAN_POINT('',(-1.19999999998552,-0.60500011499801,-5.03096));
#7113=DIRECTION('',(-0.0,-1.0,-1.22464679914735E-16));
#7114=DIRECTION('',(-1.0,0.0,0.0));
#7115=SURFACE_STYLE_FILL_AREA(#9745);
#7116=ORIENTED_EDGE('',*,*,#8670,.F.);
#7117=ORIENTED_EDGE('',*,*,#8652,.T.);
#7118=ORIENTED_EDGE('',*,*,#8676,.F.);
#7119=ORIENTED_EDGE('',*,*,#9743,.F.);
#7120=ORIENTED_EDGE('',*,*,#8681,.F.);
#7121=ORIENTED_EDGE('',*,*,#8647,.T.);
#7122=ORIENTED_EDGE('',*,*,#8686,.F.);
#7123=ORIENTED_EDGE('',*,*,#9739,.F.);
#7124=ORIENTED_EDGE('',*,*,#9712,.F.);
#7125=ORIENTED_EDGE('',*,*,#9694,.F.);
#7126=ORIENTED_EDGE('',*,*,#9686,.T.);
#7127=ORIENTED_EDGE('',*,*,#9717,.F.);
#7128=ORIENTED_EDGE('',*,*,#9726,.T.);
#7129=ORIENTED_EDGE('',*,*,#9463,.T.);
#7130=ORIENTED_EDGE('',*,*,#9735,.T.);
#7131=ORIENTED_EDGE('',*,*,#9681,.T.);
#7132=ORIENTED_EDGE('',*,*,#9672,.T.);
#7133=ORIENTED_EDGE('',*,*,#8617,.T.);
#7134=ORIENTED_EDGE('',*,*,#9665,.F.);
#7135=ORIENTED_EDGE('',*,*,#8590,.T.);
#7136=ORIENTED_EDGE('',*,*,#9523,.T.);
#7137=ORIENTED_EDGE('',*,*,#9704,.T.);
#7138=ORIENTED_EDGE('',*,*,#9709,.F.);
#7139=ORIENTED_EDGE('',*,*,#9732,.F.);
#7140=ORIENTED_EDGE('',*,*,#9721,.T.);
#7141=ORIENTED_EDGE('',*,*,#9696,.F.);
#7142=ORIENTED_EDGE('',*,*,#9456,.F.);
#7143=ORIENTED_EDGE('',*,*,#9728,.F.);
#7144=ORIENTED_EDGE('',*,*,#9314,.T.);
#7145=ORIENTED_EDGE('',*,*,#9689,.F.);
#7146=CARTESIAN_POINT('',(1.68036695121793,-2.84942736067515,-5.43095999998768));
#7147=DIRECTION('',(0.0,1.22464679914735E-16,-1.0));
#7148=DIRECTION('',(0.0,-1.0,-1.22464679914735E-16));
#7149=SURFACE_STYLE_FILL_AREA(#9746);
#7150=ORIENTED_EDGE('',*,*,#8902,.F.);
#7151=ORIENTED_EDGE('',*,*,#9747,.F.);
#7152=ORIENTED_EDGE('',*,*,#9748,.F.);
#7153=ORIENTED_EDGE('',*,*,#9236,.F.);
#7154=ORIENTED_EDGE('',*,*,#9450,.F.);
#7155=CARTESIAN_POINT('',(3.345,0.273553390593275,-4.00596));
#7156=DIRECTION('',(0.707106781186548,-8.65956056235493E-17,0.707106781186548));
#7157=DIRECTION('',(-8.92494232791577E-33,-1.0,-1.22464679914735E-16));
#7158=SURFACE_STYLE_FILL_AREA(#9749);
#7159=ORIENTED_EDGE('',*,*,#8545,.F.);
#7160=ORIENTED_EDGE('',*,*,#9750,.F.);
#7161=ORIENTED_EDGE('',*,*,#9751,.F.);
#7162=ORIENTED_EDGE('',*,*,#9747,.T.);
#7163=ORIENTED_EDGE('',*,*,#8901,.F.);
#7164=ORIENTED_EDGE('',*,*,#9465,.F.);
#7165=CARTESIAN_POINT('',(3.07,0.545,-4.08096));
#7166=DIRECTION('',(-9.4482255596965E-17,1.22464679914735E-16,-1.0));
#7167=DIRECTION('',(1.0,1.15707391893045E-32,-9.4482255596965E-17));
#7168=SURFACE_STYLE_FILL_AREA(#9752);
#7169=ORIENTED_EDGE('',*,*,#9472,.F.);
#7170=ORIENTED_EDGE('',*,*,#9753,.F.);
#7171=ORIENTED_EDGE('',*,*,#9754,.T.);
#7172=ORIENTED_EDGE('',*,*,#9755,.F.);
#7173=ORIENTED_EDGE('',*,*,#8578,.T.);
#7174=ORIENTED_EDGE('',*,*,#9756,.T.);
#7175=ORIENTED_EDGE('',*,*,#9757,.T.);
#7176=CARTESIAN_POINT('',(-2.51289321881345,-0.405,-3.93096));
#7177=DIRECTION('',(0.0,1.22464679914735E-16,-1.0));
#7178=DIRECTION('',(-1.0,0.0,0.0));
#7179=SURFACE_STYLE_FILL_AREA(#9758);
#7180=ORIENTED_EDGE('',*,*,#8549,.F.);
#7181=ORIENTED_EDGE('',*,*,#9549,.F.);
#7182=ORIENTED_EDGE('',*,*,#8559,.T.);
#7183=ORIENTED_EDGE('',*,*,#9759,.T.);
#7184=ORIENTED_EDGE('',*,*,#9760,.F.);
#7185=ORIENTED_EDGE('',*,*,#9761,.F.);
#7186=CARTESIAN_POINT('',(-3.07,0.545,-4.08096));
#7187=DIRECTION('',(-9.4482255596965E-17,1.22464679914735E-16,-1.0));
#7188=DIRECTION('',(1.0,1.15707391893045E-32,-9.4482255596965E-17));
#7189=SURFACE_STYLE_FILL_AREA(#9762);
#7190=ORIENTED_EDGE('',*,*,#9442,.F.);
#7191=ORIENTED_EDGE('',*,*,#8998,.T.);
#7192=ORIENTED_EDGE('',*,*,#9763,.T.);
#7193=ORIENTED_EDGE('',*,*,#9756,.F.);
#7194=ORIENTED_EDGE('',*,*,#9216,.F.);
#7195=CARTESIAN_POINT('',(-2.72,-0.905,-3.93096));
#7196=DIRECTION('',(0.707106781186548,0.707106781186548,8.65956056235493E-17));
#7197=DIRECTION('',(-8.92494232791577E-33,-1.22464679914735E-16,1.0));
#7198=SURFACE_STYLE_FILL_AREA(#9764);
#7199=ORIENTED_EDGE('',*,*,#9765,.F.);
#7200=ORIENTED_EDGE('',*,*,#9530,.F.);
#7201=ORIENTED_EDGE('',*,*,#8456,.T.);
#7202=CARTESIAN_POINT('',(-2.34999999999485,0.895,-3.93096));
#7203=DIRECTION('',(0.0,-1.22464679914735E-16,1.0));
#7204=DIRECTION('',(1.0,0.0,0.0));
#7205=SURFACE_STYLE_FILL_AREA(#9766);
#7206=ORIENTED_EDGE('',*,*,#9635,.F.);
#7207=ORIENTED_EDGE('',*,*,#8540,.T.);
#7208=ORIENTED_EDGE('',*,*,#9761,.T.);
#7209=ORIENTED_EDGE('',*,*,#9767,.T.);
#7210=ORIENTED_EDGE('',*,*,#9768,.T.);
#7211=CARTESIAN_POINT('',(-1.73499999999751,0.82,-4.00596));
#7212=DIRECTION('',(-0.0,-0.707106781186548,-0.707106781186548));
#7213=DIRECTION('',(-1.0,0.0,0.0));
#7214=SURFACE_STYLE_FILL_AREA(#9769);
#7215=ORIENTED_EDGE('',*,*,#9770,.F.);
#7216=ORIENTED_EDGE('',*,*,#8551,.T.);
#7217=ORIENTED_EDGE('',*,*,#8609,.T.);
#7218=ORIENTED_EDGE('',*,*,#8625,.T.);
#7219=CARTESIAN_POINT('',(-1.73499999999751,0.82,-4.00596));
#7220=DIRECTION('',(-0.0,-0.707106781186548,-0.707106781186548));
#7221=DIRECTION('',(-1.0,0.0,0.0));
#7222=SURFACE_STYLE_FILL_AREA(#9771);
#7223=ORIENTED_EDGE('',*,*,#9772,.F.);
#7224=ORIENTED_EDGE('',*,*,#9555,.T.);
#7225=ORIENTED_EDGE('',*,*,#9368,.F.);
#7226=ORIENTED_EDGE('',*,*,#9114,.T.);
#7227=ORIENTED_EDGE('',*,*,#9773,.T.);
#7228=CARTESIAN_POINT('',(3.42,-0.205,-3.93096));
#7229=DIRECTION('',(-0.707106781186548,0.707106781186548,8.65956056235493E-17));
#7230=DIRECTION('',(-6.12323399573677E-17,6.12323399573676E-17,-1.0));
#7231=SURFACE_STYLE_FILL_AREA(#9774);
#7232=ORIENTED_EDGE('',*,*,#9750,.T.);
#7233=ORIENTED_EDGE('',*,*,#8544,.T.);
#7234=ORIENTED_EDGE('',*,*,#9633,.F.);
#7235=ORIENTED_EDGE('',*,*,#9775,.T.);
#7236=ORIENTED_EDGE('',*,*,#9776,.T.);
#7237=CARTESIAN_POINT('',(-1.73499999999751,0.82,-4.00596));
#7238=DIRECTION('',(-0.0,-0.707106781186548,-0.707106781186548));
#7239=DIRECTION('',(-1.0,0.0,0.0));
#7240=SURFACE_STYLE_FILL_AREA(#9777);
#7241=ORIENTED_EDGE('',*,*,#9778,.F.);
#7242=ORIENTED_EDGE('',*,*,#8604,.T.);
#7243=ORIENTED_EDGE('',*,*,#8621,.T.);
#7244=ORIENTED_EDGE('',*,*,#8629,.T.);
#7245=CARTESIAN_POINT('',(-1.73499999999751,0.82,-4.00596));
#7246=DIRECTION('',(-0.0,-0.707106781186548,-0.707106781186548));
#7247=DIRECTION('',(-1.0,0.0,0.0));
#7248=SURFACE_STYLE_FILL_AREA(#9779);
#7249=ORIENTED_EDGE('',*,*,#9534,.T.);
#7250=ORIENTED_EDGE('',*,*,#8552,.T.);
#7251=ORIENTED_EDGE('',*,*,#9770,.T.);
#7252=ORIENTED_EDGE('',*,*,#8627,.T.);
#7253=ORIENTED_EDGE('',*,*,#8613,.T.);
#7254=ORIENTED_EDGE('',*,*,#9780,.T.);
#7255=ORIENTED_EDGE('',*,*,#8477,.F.);
#7256=ORIENTED_EDGE('',*,*,#8458,.F.);
#7257=CARTESIAN_POINT('',(-3.42,0.995,-3.93096));
#7258=DIRECTION('',(-0.0,-1.0,-1.22464679914735E-16));
#7259=DIRECTION('',(-1.0,0.0,0.0));
#7260=SURFACE_STYLE_FILL_AREA(#9781);
#7261=ORIENTED_EDGE('',*,*,#9782,.T.);
#7262=ORIENTED_EDGE('',*,*,#8587,.T.);
#7263=ORIENTED_EDGE('',*,*,#8605,.T.);
#7264=ORIENTED_EDGE('',*,*,#9778,.T.);
#7265=ORIENTED_EDGE('',*,*,#8632,.T.);
#7266=ORIENTED_EDGE('',*,*,#9641,.T.);
#7267=ORIENTED_EDGE('',*,*,#8466,.F.);
#7268=ORIENTED_EDGE('',*,*,#9783,.F.);
#7269=CARTESIAN_POINT('',(-3.42,0.995,-3.93096));
#7270=DIRECTION('',(-0.0,-1.0,-1.22464679914735E-16));
#7271=DIRECTION('',(-1.0,0.0,0.0));
#7272=SURFACE_STYLE_FILL_AREA(#9784);
#7273=ORIENTED_EDGE('',*,*,#9471,.F.);
#7274=ORIENTED_EDGE('',*,*,#9785,.T.);
#7275=ORIENTED_EDGE('',*,*,#9786,.T.);
#7276=ORIENTED_EDGE('',*,*,#9787,.F.);
#7277=ORIENTED_EDGE('',*,*,#9753,.T.);
#7278=CARTESIAN_POINT('',(5.15143483426073E-12,-0.855,-5.07996));
#7279=DIRECTION('',(1.0,0.0,0.0));
#7280=DIRECTION('',(0.0,-1.0,-1.22464679914735E-16));
#7281=SURFACE_STYLE_FILL_AREA(#9788);
#7282=ORIENTED_EDGE('',*,*,#9789,.T.);
#7283=ORIENTED_EDGE('',*,*,#9690,.T.);
#7284=ORIENTED_EDGE('',*,*,#9312,.F.);
#7285=ORIENTED_EDGE('',*,*,#9730,.T.);
#7286=ORIENTED_EDGE('',*,*,#9790,.F.);
#7287=CARTESIAN_POINT('',(5.15143483426073E-12,-0.50459165091185,-5.12996));
#7288=DIRECTION('',(0.0,-1.22464679914735E-16,1.0));
#7289=DIRECTION('',(0.0,-1.0,-1.22464679914735E-16));
#7290=SURFACE_STYLE_FILL_AREA(#9791);
#7291=ORIENTED_EDGE('',*,*,#9656,.T.);
#7292=ORIENTED_EDGE('',*,*,#9663,.T.);
#7293=ORIENTED_EDGE('',*,*,#9662,.F.);
#7294=ORIENTED_EDGE('',*,*,#9661,.T.);
#7295=ORIENTED_EDGE('',*,*,#9660,.F.);
#7296=ORIENTED_EDGE('',*,*,#9659,.T.);
#7297=ORIENTED_EDGE('',*,*,#9658,.F.);
#7298=ORIENTED_EDGE('',*,*,#9772,.T.);
#7299=ORIENTED_EDGE('',*,*,#9792,.F.);
#7300=ORIENTED_EDGE('',*,*,#9733,.T.);
#7301=ORIENTED_EDGE('',*,*,#9707,.T.);
#7302=ORIENTED_EDGE('',*,*,#9705,.F.);
#7303=ORIENTED_EDGE('',*,*,#9527,.F.);
#7304=ORIENTED_EDGE('',*,*,#9793,.T.);
#7305=ORIENTED_EDGE('',*,*,#9794,.T.);
#7306=ORIENTED_EDGE('',*,*,#9525,.F.);
#7307=ORIENTED_EDGE('',*,*,#9795,.F.);
#7308=ORIENTED_EDGE('',*,*,#9796,.F.);
#7309=ORIENTED_EDGE('',*,*,#9797,.F.);
#7310=ORIENTED_EDGE('',*,*,#9798,.F.);
#7311=ORIENTED_EDGE('',*,*,#9654,.F.);
#7312=ORIENTED_EDGE('',*,*,#9657,.F.);
#7313=CARTESIAN_POINT('',(5.15143483426073E-12,-0.50459165091185,-5.12996));
#7314=DIRECTION('',(0.0,-1.22464679914735E-16,1.0));
#7315=DIRECTION('',(0.0,-1.0,-1.22464679914735E-16));
#7316=SURFACE_STYLE_FILL_AREA(#9799);
#7317=ORIENTED_EDGE('',*,*,#8596,.F.);
#7318=ORIENTED_EDGE('',*,*,#8595,.T.);
#7319=ORIENTED_EDGE('',*,*,#9792,.T.);
#7320=ORIENTED_EDGE('',*,*,#9773,.F.);
#7321=ORIENTED_EDGE('',*,*,#9234,.F.);
#7322=ORIENTED_EDGE('',*,*,#9800,.F.);
#7323=ORIENTED_EDGE('',*,*,#9801,.F.);
#7324=ORIENTED_EDGE('',*,*,#9802,.F.);
#7325=CARTESIAN_POINT('',(2.51289321881345,-0.405,-3.93096));
#7326=DIRECTION('',(0.0,1.22464679914735E-16,-1.0));
#7327=DIRECTION('',(-1.0,0.0,0.0));
#7328=SURFACE_STYLE_FILL_AREA(#9803);
#7329=ORIENTED_EDGE('',*,*,#9616,.F.);
#7330=ORIENTED_EDGE('',*,*,#9615,.F.);
#7331=ORIENTED_EDGE('',*,*,#9598,.T.);
#7332=ORIENTED_EDGE('',*,*,#9804,.T.);
#7333=ORIENTED_EDGE('',*,*,#9805,.T.);
#7334=ORIENTED_EDGE('',*,*,#9806,.T.);
#7335=ORIENTED_EDGE('',*,*,#9807,.F.);
#7336=ORIENTED_EDGE('',*,*,#9676,.F.);
#7337=ORIENTED_EDGE('',*,*,#9808,.T.);
#7338=ORIENTED_EDGE('',*,*,#9809,.T.);
#7339=ORIENTED_EDGE('',*,*,#9674,.F.);
#7340=ORIENTED_EDGE('',*,*,#9680,.F.);
#7341=ORIENTED_EDGE('',*,*,#9736,.F.);
#7342=ORIENTED_EDGE('',*,*,#9461,.F.);
#7343=ORIENTED_EDGE('',*,*,#9757,.F.);
#7344=ORIENTED_EDGE('',*,*,#9763,.F.);
#7345=ORIENTED_EDGE('',*,*,#9614,.F.);
#7346=ORIENTED_EDGE('',*,*,#9620,.T.);
#7347=ORIENTED_EDGE('',*,*,#9619,.F.);
#7348=ORIENTED_EDGE('',*,*,#9618,.T.);
#7349=ORIENTED_EDGE('',*,*,#9617,.T.);
#7350=CARTESIAN_POINT('',(5.15143483426073E-12,-0.50459165091185,-5.12996));
#7351=DIRECTION('',(0.0,-1.22464679914735E-16,1.0));
#7352=DIRECTION('',(0.0,-1.0,-1.22464679914735E-16));
#7353=SURFACE_STYLE_FILL_AREA(#9810);
#7354=ORIENTED_EDGE('',*,*,#9714,.T.);
#7355=ORIENTED_EDGE('',*,*,#9738,.T.);
#7356=ORIENTED_EDGE('',*,*,#9811,.T.);
#7357=ORIENTED_EDGE('',*,*,#9785,.F.);
#7358=ORIENTED_EDGE('',*,*,#9693,.F.);
#7359=CARTESIAN_POINT('',(5.15143483426073E-12,-0.50459165091185,-5.12996));
#7360=DIRECTION('',(0.0,-1.22464679914735E-16,1.0));
#7361=DIRECTION('',(0.0,-1.0,-1.22464679914735E-16));
#7362=SURFACE_STYLE_FILL_AREA(#9812);
#7363=ORIENTED_EDGE('',*,*,#9526,.F.);
#7364=ORIENTED_EDGE('',*,*,#9794,.F.);
#7365=ORIENTED_EDGE('',*,*,#9793,.F.);
#7366=CARTESIAN_POINT('',(1.68036695121665,-2.84942736067515,-5.13095999998768));
#7367=DIRECTION('',(0.0,1.22464679914735E-16,-1.0));
#7368=DIRECTION('',(0.0,-1.0,-1.22464679914735E-16));
#7369=SURFACE_STYLE_FILL_AREA(#9813);
#7370=ORIENTED_EDGE('',*,*,#9524,.F.);
#7371=ORIENTED_EDGE('',*,*,#8588,.F.);
#7372=ORIENTED_EDGE('',*,*,#9782,.F.);
#7373=ORIENTED_EDGE('',*,*,#9814,.T.);
#7374=ORIENTED_EDGE('',*,*,#9795,.T.);
#7375=CARTESIAN_POINT('',(1.68036695121665,-2.84942736067515,-5.13095999998768));
#7376=DIRECTION('',(0.0,1.22464679914735E-16,-1.0));
#7377=DIRECTION('',(0.0,-1.0,-1.22464679914735E-16));
#7378=SURFACE_STYLE_FILL_AREA(#9815);
#7379=ORIENTED_EDGE('',*,*,#9675,.F.);
#7380=ORIENTED_EDGE('',*,*,#9809,.F.);
#7381=ORIENTED_EDGE('',*,*,#9808,.F.);
#7382=CARTESIAN_POINT('',(1.68036695121665,-2.84942736067515,-5.13095999998768));
#7383=DIRECTION('',(0.0,1.22464679914735E-16,-1.0));
#7384=DIRECTION('',(0.0,-1.0,-1.22464679914735E-16));
#7385=SURFACE_STYLE_FILL_AREA(#9816);
#7386=ORIENTED_EDGE('',*,*,#8642,.T.);
#7387=ORIENTED_EDGE('',*,*,#8673,.T.);
#7388=ORIENTED_EDGE('',*,*,#8672,.F.);
#7389=ORIENTED_EDGE('',*,*,#9789,.F.);
#7390=ORIENTED_EDGE('',*,*,#9817,.F.);
#7391=ORIENTED_EDGE('',*,*,#9818,.T.);
#7392=ORIENTED_EDGE('',*,*,#9819,.T.);
#7393=ORIENTED_EDGE('',*,*,#8481,.T.);
#7394=ORIENTED_EDGE('',*,*,#9820,.T.);
#7395=ORIENTED_EDGE('',*,*,#9821,.T.);
#7396=ORIENTED_EDGE('',*,*,#9822,.T.);
#7397=ORIENTED_EDGE('',*,*,#9823,.T.);
#7398=ORIENTED_EDGE('',*,*,#9824,.T.);
#7399=ORIENTED_EDGE('',*,*,#9825,.T.);
#7400=ORIENTED_EDGE('',*,*,#9826,.T.);
#7401=ORIENTED_EDGE('',*,*,#9827,.T.);
#7402=ORIENTED_EDGE('',*,*,#9828,.F.);
#7403=ORIENTED_EDGE('',*,*,#9811,.F.);
#7404=ORIENTED_EDGE('',*,*,#8689,.T.);
#7405=ORIENTED_EDGE('',*,*,#8688,.T.);
#7406=ORIENTED_EDGE('',*,*,#8637,.T.);
#7407=ORIENTED_EDGE('',*,*,#8683,.T.);
#7408=ORIENTED_EDGE('',*,*,#9742,.T.);
#7409=ORIENTED_EDGE('',*,*,#8678,.T.);
#7410=CARTESIAN_POINT('',(1.68036695121665,-2.84942736067515,-5.13095999998768));
#7411=DIRECTION('',(0.0,1.22464679914735E-16,-1.0));
#7412=DIRECTION('',(0.0,-1.0,-1.22464679914735E-16));
#7413=SURFACE_STYLE_FILL_AREA(#9829);
#7414=ORIENTED_EDGE('',*,*,#9677,.F.);
#7415=ORIENTED_EDGE('',*,*,#9807,.T.);
#7416=ORIENTED_EDGE('',*,*,#8475,.T.);
#7417=ORIENTED_EDGE('',*,*,#9780,.F.);
#7418=ORIENTED_EDGE('',*,*,#8619,.F.);
#7419=CARTESIAN_POINT('',(1.68036695121665,-2.84942736067515,-5.13095999998768));
#7420=DIRECTION('',(0.0,1.22464679914735E-16,-1.0));
#7421=DIRECTION('',(0.0,-1.0,-1.22464679914735E-16));
#7422=SURFACE_STYLE_FILL_AREA(#9830);
#7423=ORIENTED_EDGE('',*,*,#9831,.F.);
#7424=ORIENTED_EDGE('',*,*,#8486,.F.);
#7425=ORIENTED_EDGE('',*,*,#9832,.F.);
#7426=ORIENTED_EDGE('',*,*,#9833,.F.);
#7427=ORIENTED_EDGE('',*,*,#9834,.F.);
#7428=ORIENTED_EDGE('',*,*,#9821,.F.);
#7429=CARTESIAN_POINT('',(4.1040024,-1.105,-5.05096));
#7430=DIRECTION('',(0.0,1.0,1.22464679914735E-16));
#7431=DIRECTION('',(0.0,-1.22464679914735E-16,1.0));
#7432=SURFACE_STYLE_FILL_AREA(#9835);
#7433=ORIENTED_EDGE('',*,*,#9836,.T.);
#7434=ORIENTED_EDGE('',*,*,#9837,.T.);
#7435=ORIENTED_EDGE('',*,*,#9838,.T.);
#7436=ORIENTED_EDGE('',*,*,#9839,.T.);
#7437=ORIENTED_EDGE('',*,*,#9840,.T.);
#7438=CARTESIAN_POINT('',(-0.12499999999695,-0.27885849914417,-4.49112443960423));
#7439=DIRECTION('',(-1.0,0.0,0.0));
#7440=DIRECTION('',(0.0,1.0,6.12323399573676E-17));
#7441=SURFACE_STYLE_FILL_AREA(#9841);
#7442=ORIENTED_EDGE('',*,*,#9842,.F.);
#7443=ORIENTED_EDGE('',*,*,#9833,.T.);
#7444=ORIENTED_EDGE('',*,*,#9843,.T.);
#7445=ORIENTED_EDGE('',*,*,#9844,.T.);
#7446=ORIENTED_EDGE('',*,*,#9845,.T.);
#7447=CARTESIAN_POINT('',(0.12500000000305,-0.27885849914359,-4.49112443960423));
#7448=DIRECTION('',(-1.0,0.0,0.0));
#7449=DIRECTION('',(0.0,1.0,6.12323399573676E-17));
#7450=SURFACE_STYLE_FILL_AREA(#9846);
#7451=ORIENTED_EDGE('',*,*,#9847,.F.);
#7452=ORIENTED_EDGE('',*,*,#9836,.F.);
#7453=ORIENTED_EDGE('',*,*,#9848,.F.);
#7454=ORIENTED_EDGE('',*,*,#9849,.F.);
#7455=ORIENTED_EDGE('',*,*,#9850,.F.);
#7456=ORIENTED_EDGE('',*,*,#9823,.F.);
#7457=CARTESIAN_POINT('',(4.1040024,-1.105,-5.05096));
#7458=DIRECTION('',(0.0,1.0,1.22464679914735E-16));
#7459=DIRECTION('',(0.0,-1.22464679914735E-16,1.0));
#7460=SURFACE_STYLE_FILL_AREA(#9851);
#7461=ORIENTED_EDGE('',*,*,#9852,.T.);
#7462=ORIENTED_EDGE('',*,*,#9853,.T.);
#7463=ORIENTED_EDGE('',*,*,#9854,.T.);
#7464=ORIENTED_EDGE('',*,*,#9855,.T.);
#7465=ORIENTED_EDGE('',*,*,#9856,.T.);
#7466=CARTESIAN_POINT('',(-0.77499999999695,-0.27885849914417,-4.49112443960423));
#7467=DIRECTION('',(-1.0,0.0,0.0));
#7468=DIRECTION('',(0.0,1.0,6.12323399573676E-17));
#7469=SURFACE_STYLE_FILL_AREA(#9857);
#7470=ORIENTED_EDGE('',*,*,#9858,.F.);
#7471=ORIENTED_EDGE('',*,*,#9849,.T.);
#7472=ORIENTED_EDGE('',*,*,#9859,.T.);
#7473=ORIENTED_EDGE('',*,*,#9860,.T.);
#7474=ORIENTED_EDGE('',*,*,#9861,.T.);
#7475=CARTESIAN_POINT('',(-0.52499999999695,-0.27885849914359,-4.49112443960423));
#7476=DIRECTION('',(-1.0,0.0,0.0));
#7477=DIRECTION('',(0.0,1.0,6.12323399573676E-17));
#7478=SURFACE_STYLE_FILL_AREA(#9862);
#7479=ORIENTED_EDGE('',*,*,#9863,.F.);
#7480=ORIENTED_EDGE('',*,*,#9852,.F.);
#7481=ORIENTED_EDGE('',*,*,#9864,.F.);
#7482=ORIENTED_EDGE('',*,*,#9865,.F.);
#7483=ORIENTED_EDGE('',*,*,#9866,.F.);
#7484=ORIENTED_EDGE('',*,*,#9825,.F.);
#7485=CARTESIAN_POINT('',(4.1040024,-1.105,-5.05096));
#7486=DIRECTION('',(0.0,1.0,1.22464679914735E-16));
#7487=DIRECTION('',(0.0,-1.22464679914735E-16,1.0));
#7488=SURFACE_STYLE_FILL_AREA(#9867);
#7489=ORIENTED_EDGE('',*,*,#9868,.F.);
#7490=ORIENTED_EDGE('',*,*,#9865,.T.);
#7491=ORIENTED_EDGE('',*,*,#9869,.T.);
#7492=ORIENTED_EDGE('',*,*,#9870,.T.);
#7493=ORIENTED_EDGE('',*,*,#9871,.T.);
#7494=CARTESIAN_POINT('',(-1.17499999999485,-1.105,-4.4809600000001));
#7495=DIRECTION('',(-1.0,0.0,0.0));
#7496=DIRECTION('',(0.0,1.0,6.12323399573676E-17));
#7497=SURFACE_STYLE_FILL_AREA(#9872);
#7498=ORIENTED_EDGE('',*,*,#9873,.T.);
#7499=ORIENTED_EDGE('',*,*,#9874,.T.);
#7500=ORIENTED_EDGE('',*,*,#9875,.T.);
#7501=ORIENTED_EDGE('',*,*,#9876,.T.);
#7502=ORIENTED_EDGE('',*,*,#9877,.T.);
#7503=CARTESIAN_POINT('',(-1.42499999999695,-0.27885849914417,-4.49112443960423));
#7504=DIRECTION('',(-1.0,0.0,0.0));
#7505=DIRECTION('',(0.0,1.0,6.12323399573676E-17));
#7506=SURFACE_STYLE_FILL_AREA(#9878);
#7507=ORIENTED_EDGE('',*,*,#9879,.F.);
#7508=ORIENTED_EDGE('',*,*,#9880,.F.);
#7509=ORIENTED_EDGE('',*,*,#9818,.F.);
#7510=ORIENTED_EDGE('',*,*,#9881,.T.);
#7511=ORIENTED_EDGE('',*,*,#9882,.F.);
#7512=CARTESIAN_POINT('',(4.1040024,-1.105,-5.05096));
#7513=DIRECTION('',(0.0,1.0,1.22464679914735E-16));
#7514=DIRECTION('',(0.0,-1.22464679914735E-16,1.0));
#7515=SURFACE_STYLE_FILL_AREA(#9883);
#7516=ORIENTED_EDGE('',*,*,#8483,.T.);
#7517=ORIENTED_EDGE('',*,*,#9884,.T.);
#7518=ORIENTED_EDGE('',*,*,#9885,.T.);
#7519=ORIENTED_EDGE('',*,*,#9886,.T.);
#7520=ORIENTED_EDGE('',*,*,#9887,.T.);
#7521=CARTESIAN_POINT('',(1.17500000000305,-0.27885849914417,-4.49112443960423));
#7522=DIRECTION('',(-1.0,0.0,0.0));
#7523=DIRECTION('',(0.0,1.0,6.12323399573676E-17));
#7524=SURFACE_STYLE_FILL_AREA(#9888);
#7525=ORIENTED_EDGE('',*,*,#9889,.F.);
#7526=ORIENTED_EDGE('',*,*,#9879,.T.);
#7527=ORIENTED_EDGE('',*,*,#9890,.T.);
#7528=ORIENTED_EDGE('',*,*,#9891,.T.);
#7529=ORIENTED_EDGE('',*,*,#9892,.T.);
#7530=CARTESIAN_POINT('',(1.42500000000305,-0.27885849914359,-4.49112443960423));
#7531=DIRECTION('',(-1.0,0.0,0.0));
#7532=DIRECTION('',(0.0,1.0,6.12323399573676E-17));
#7533=SURFACE_STYLE_FILL_AREA(#9893);
#7534=ORIENTED_EDGE('',*,*,#9894,.F.);
#7535=ORIENTED_EDGE('',*,*,#9895,.F.);
#7536=ORIENTED_EDGE('',*,*,#9896,.F.);
#7537=ORIENTED_EDGE('',*,*,#9897,.F.);
#7538=CARTESIAN_POINT('',(5.15143483426073E-12,0.295,-1.23096));
#7539=DIRECTION('',(0.0,0.707106781186548,-0.707106781186548));
#7540=DIRECTION('',(1.0,0.0,0.0));
#7541=SURFACE_STYLE_FILL_AREA(#9898);
#7542=ORIENTED_EDGE('',*,*,#9899,.F.);
#7543=ORIENTED_EDGE('',*,*,#9900,.F.);
#7544=ORIENTED_EDGE('',*,*,#9901,.F.);
#7545=ORIENTED_EDGE('',*,*,#9902,.F.);
#7546=CARTESIAN_POINT('',(5.15143483426073E-12,0.295,-1.23096));
#7547=DIRECTION('',(0.0,0.707106781186548,-0.707106781186548));
#7548=DIRECTION('',(1.0,0.0,0.0));
#7549=SURFACE_STYLE_FILL_AREA(#9903);
#7550=ORIENTED_EDGE('',*,*,#9904,.F.);
#7551=ORIENTED_EDGE('',*,*,#9905,.F.);
#7552=ORIENTED_EDGE('',*,*,#9906,.F.);
#7553=ORIENTED_EDGE('',*,*,#9907,.F.);
#7554=CARTESIAN_POINT('',(5.15143483426073E-12,0.295,-1.23096));
#7555=DIRECTION('',(0.0,0.707106781186548,-0.707106781186548));
#7556=DIRECTION('',(1.0,0.0,0.0));
#7557=SURFACE_STYLE_FILL_AREA(#9908);
#7558=ORIENTED_EDGE('',*,*,#9909,.F.);
#7559=ORIENTED_EDGE('',*,*,#9910,.F.);
#7560=ORIENTED_EDGE('',*,*,#9911,.F.);
#7561=ORIENTED_EDGE('',*,*,#9912,.F.);
#7562=CARTESIAN_POINT('',(5.15143483426073E-12,0.295,-1.23096));
#7563=DIRECTION('',(0.0,0.707106781186548,-0.707106781186548));
#7564=DIRECTION('',(1.0,0.0,0.0));
#7565=SURFACE_STYLE_FILL_AREA(#9913);
#7566=ORIENTED_EDGE('',*,*,#9914,.F.);
#7567=ORIENTED_EDGE('',*,*,#9915,.F.);
#7568=ORIENTED_EDGE('',*,*,#9916,.F.);
#7569=ORIENTED_EDGE('',*,*,#9917,.F.);
#7570=CARTESIAN_POINT('',(5.15143483426073E-12,0.295,-1.23096));
#7571=DIRECTION('',(0.0,0.707106781186548,-0.707106781186548));
#7572=DIRECTION('',(1.0,0.0,0.0));
#7573=SURFACE_STYLE_FILL_AREA(#9918);
#7574=ORIENTED_EDGE('',*,*,#9054,.F.);
#7575=ORIENTED_EDGE('',*,*,#9919,.T.);
#7576=ORIENTED_EDGE('',*,*,#9920,.T.);
#7577=ORIENTED_EDGE('',*,*,#9921,.F.);
#7578=ORIENTED_EDGE('',*,*,#9922,.F.);
#7579=CARTESIAN_POINT('',(1.58500000000515,-0.50459165091185,-4.08096));
#7580=DIRECTION('',(-0.0,-1.0,-1.22464679914735E-16));
#7581=DIRECTION('',(-1.0,0.0,0.0));
#7582=SURFACE_STYLE_FILL_AREA(#9923);
#7583=ORIENTED_EDGE('',*,*,#8580,.T.);
#7584=ORIENTED_EDGE('',*,*,#9924,.T.);
#7585=ORIENTED_EDGE('',*,*,#9925,.T.);
#7586=ORIENTED_EDGE('',*,*,#9926,.F.);
#7587=ORIENTED_EDGE('',*,*,#9927,.F.);
#7588=CARTESIAN_POINT('',(-1.58499999999485,-0.50459165091185,-4.08096));
#7589=DIRECTION('',(-0.0,1.0,1.22464679914735E-16));
#7590=DIRECTION('',(1.0,0.0,0.0));
#7591=SURFACE_STYLE_FILL_AREA(#9928);
#7592=ORIENTED_EDGE('',*,*,#8558,.F.);
#7593=ORIENTED_EDGE('',*,*,#8569,.T.);
#7594=ORIENTED_EDGE('',*,*,#8574,.F.);
#7595=ORIENTED_EDGE('',*,*,#9929,.T.);
#7596=ORIENTED_EDGE('',*,*,#9759,.F.);
#7597=CARTESIAN_POINT('',(-3.345,0.273553390593275,-4.00596));
#7598=DIRECTION('',(0.707106781186548,8.65956056235493E-17,-0.707106781186548));
#7599=DIRECTION('',(8.92494232791577E-33,-1.0,-1.22464679914735E-16));
#7600=SURFACE_STYLE_FILL_AREA(#9930);
#7601=ORIENTED_EDGE('',*,*,#9931,.F.);
#7602=ORIENTED_EDGE('',*,*,#9775,.F.);
#7603=ORIENTED_EDGE('',*,*,#9632,.T.);
#7604=ORIENTED_EDGE('',*,*,#8443,.T.);
#7605=ORIENTED_EDGE('',*,*,#8452,.F.);
#7606=CARTESIAN_POINT('',(0.450000000004988,0.695,-3.98096));
#7607=DIRECTION('',(-0.707106781186547,-8.65956056235493E-17,0.707106781186547));
#7608=DIRECTION('',(-0.707106781186547,4.32978028117747E-17,-0.707106781186547));
#7609=SURFACE_STYLE_FILL_AREA(#9932);
#7610=ORIENTED_EDGE('',*,*,#9933,.F.);
#7611=ORIENTED_EDGE('',*,*,#8446,.F.);
#7612=ORIENTED_EDGE('',*,*,#8438,.T.);
#7613=ORIENTED_EDGE('',*,*,#9636,.F.);
#7614=ORIENTED_EDGE('',*,*,#9768,.F.);
#7615=CARTESIAN_POINT('',(-0.449999999995012,0.695,-3.98096));
#7616=DIRECTION('',(0.707106781186548,-8.65956056235493E-17,0.707106781186548));
#7617=DIRECTION('',(-8.92494232791577E-33,-1.0,-1.22464679914735E-16));
#7618=SURFACE_STYLE_FILL_AREA(#9934);
#7619=ORIENTED_EDGE('',*,*,#9935,.T.);
#7620=ORIENTED_EDGE('',*,*,#9231,.T.);
#7621=ORIENTED_EDGE('',*,*,#9155,.T.);
#7622=ORIENTED_EDGE('',*,*,#9922,.T.);
#7623=ORIENTED_EDGE('',*,*,#9936,.T.);
#7624=ORIENTED_EDGE('',*,*,#9800,.T.);
#7625=ORIENTED_EDGE('',*,*,#9233,.F.);
#7626=ORIENTED_EDGE('',*,*,#9748,.T.);
#7627=ORIENTED_EDGE('',*,*,#9751,.T.);
#7628=ORIENTED_EDGE('',*,*,#9776,.F.);
#7629=ORIENTED_EDGE('',*,*,#9931,.T.);
#7630=ORIENTED_EDGE('',*,*,#8451,.F.);
#7631=ORIENTED_EDGE('',*,*,#9937,.F.);
#7632=ORIENTED_EDGE('',*,*,#9938,.F.);
#7633=ORIENTED_EDGE('',*,*,#9939,.F.);
#7634=ORIENTED_EDGE('',*,*,#9940,.F.);
#7635=ORIENTED_EDGE('',*,*,#9941,.T.);
#7636=ORIENTED_EDGE('',*,*,#9942,.T.);
#7637=ORIENTED_EDGE('',*,*,#9943,.F.);
#7638=ORIENTED_EDGE('',*,*,#9944,.F.);
#7639=ORIENTED_EDGE('',*,*,#9945,.T.);
#7640=ORIENTED_EDGE('',*,*,#9946,.T.);
#7641=ORIENTED_EDGE('',*,*,#9947,.F.);
#7642=ORIENTED_EDGE('',*,*,#9948,.F.);
#7643=ORIENTED_EDGE('',*,*,#9949,.T.);
#7644=ORIENTED_EDGE('',*,*,#9950,.T.);
#7645=ORIENTED_EDGE('',*,*,#9951,.F.);
#7646=ORIENTED_EDGE('',*,*,#9952,.F.);
#7647=ORIENTED_EDGE('',*,*,#9953,.T.);
#7648=ORIENTED_EDGE('',*,*,#9954,.T.);
#7649=ORIENTED_EDGE('',*,*,#9955,.F.);
#7650=ORIENTED_EDGE('',*,*,#9956,.F.);
#7651=ORIENTED_EDGE('',*,*,#9957,.T.);
#7652=ORIENTED_EDGE('',*,*,#9958,.T.);
#7653=ORIENTED_EDGE('',*,*,#9959,.F.);
#7654=ORIENTED_EDGE('',*,*,#9960,.F.);
#7655=ORIENTED_EDGE('',*,*,#9961,.F.);
#7656=ORIENTED_EDGE('',*,*,#9962,.F.);
#7657=ORIENTED_EDGE('',*,*,#9963,.T.);
#7658=ORIENTED_EDGE('',*,*,#8447,.F.);
#7659=ORIENTED_EDGE('',*,*,#9933,.T.);
#7660=ORIENTED_EDGE('',*,*,#9767,.F.);
#7661=ORIENTED_EDGE('',*,*,#9760,.T.);
#7662=ORIENTED_EDGE('',*,*,#9929,.F.);
#7663=ORIENTED_EDGE('',*,*,#8573,.T.);
#7664=ORIENTED_EDGE('',*,*,#9755,.T.);
#7665=ORIENTED_EDGE('',*,*,#9964,.T.);
#7666=ORIENTED_EDGE('',*,*,#9924,.F.);
#7667=ORIENTED_EDGE('',*,*,#9384,.F.);
#7668=ORIENTED_EDGE('',*,*,#9228,.T.);
#7669=CARTESIAN_POINT('',(5.15143483426073E-12,-0.50459165091185,-3.93096));
#7670=DIRECTION('',(0.0,-1.22464679914735E-16,1.0));
#7671=DIRECTION('',(0.0,-1.0,-1.22464679914735E-16));
#7672=SURFACE_STYLE_FILL_AREA(#9965);
#7673=ORIENTED_EDGE('',*,*,#9790,.T.);
#7674=ORIENTED_EDGE('',*,*,#9729,.T.);
#7675=ORIENTED_EDGE('',*,*,#8597,.F.);
#7676=ORIENTED_EDGE('',*,*,#9802,.T.);
#7677=ORIENTED_EDGE('',*,*,#9966,.F.);
#7678=ORIENTED_EDGE('',*,*,#9967,.F.);
#7679=CARTESIAN_POINT('',(5.15143483426073E-12,-0.855,-5.07996));
#7680=DIRECTION('',(1.0,0.0,0.0));
#7681=DIRECTION('',(0.0,-1.0,-1.22464679914735E-16));
#7682=SURFACE_STYLE_FILL_AREA(#9968);
#7683=ORIENTED_EDGE('',*,*,#9969,.F.);
#7684=ORIENTED_EDGE('',*,*,#9900,.T.);
#7685=ORIENTED_EDGE('',*,*,#9970,.F.);
#7686=ORIENTED_EDGE('',*,*,#9971,.T.);
#7687=CARTESIAN_POINT('',(2.22044604925031E-16,0.265,-2.68096));
#7688=DIRECTION('',(-0.0,-1.0,-1.22464679914735E-16));
#7689=DIRECTION('',(-1.0,0.0,0.0));
#7690=SURFACE_STYLE_FILL_AREA(#9972);
#7691=ORIENTED_EDGE('',*,*,#9877,.F.);
#7692=ORIENTED_EDGE('',*,*,#9973,.T.);
#7693=ORIENTED_EDGE('',*,*,#9974,.T.);
#7694=ORIENTED_EDGE('',*,*,#9975,.T.);
#7695=CARTESIAN_POINT('',(4.1040024,-1.175,-4.4809600000001));
#7696=DIRECTION('',(0.0,1.22464679914735E-16,-1.0));
#7697=DIRECTION('',(0.0,-1.0,-1.22464679914735E-16));
#7698=SURFACE_STYLE_FILL_AREA(#9976);
#7699=ORIENTED_EDGE('',*,*,#9843,.F.);
#7700=ORIENTED_EDGE('',*,*,#9832,.T.);
#7701=ORIENTED_EDGE('',*,*,#8490,.F.);
#7702=ORIENTED_EDGE('',*,*,#9977,.T.);
#7703=CARTESIAN_POINT('',(4.1040024,-1.175,-4.4809600000001));
#7704=DIRECTION('',(0.0,1.22464679914735E-16,-1.0));
#7705=DIRECTION('',(0.0,-1.0,-1.22464679914735E-16));
#7706=SURFACE_STYLE_FILL_AREA(#9978);
#7707=ORIENTED_EDGE('',*,*,#9840,.F.);
#7708=ORIENTED_EDGE('',*,*,#9979,.T.);
#7709=ORIENTED_EDGE('',*,*,#9859,.F.);
#7710=ORIENTED_EDGE('',*,*,#9848,.T.);
#7711=CARTESIAN_POINT('',(4.1040024,-1.175,-4.4809600000001));
#7712=DIRECTION('',(0.0,1.22464679914735E-16,-1.0));
#7713=DIRECTION('',(0.0,-1.0,-1.22464679914735E-16));
#7714=SURFACE_STYLE_FILL_AREA(#9980);
#7715=ORIENTED_EDGE('',*,*,#9887,.F.);
#7716=ORIENTED_EDGE('',*,*,#9981,.T.);
#7717=ORIENTED_EDGE('',*,*,#8493,.F.);
#7718=ORIENTED_EDGE('',*,*,#8484,.T.);
#7719=CARTESIAN_POINT('',(4.1040024,-1.175,-4.4809600000001));
#7720=DIRECTION('',(0.0,1.22464679914735E-16,-1.0));
#7721=DIRECTION('',(0.0,-1.0,-1.22464679914735E-16));
#7722=SURFACE_STYLE_FILL_AREA(#9982);
#7723=ORIENTED_EDGE('',*,*,#9856,.F.);
#7724=ORIENTED_EDGE('',*,*,#9983,.T.);
#7725=ORIENTED_EDGE('',*,*,#9869,.F.);
#7726=ORIENTED_EDGE('',*,*,#9864,.T.);
#7727=CARTESIAN_POINT('',(4.1040024,-1.175,-4.4809600000001));
#7728=DIRECTION('',(0.0,1.22464679914735E-16,-1.0));
#7729=DIRECTION('',(0.0,-1.0,-1.22464679914735E-16));
#7730=SURFACE_STYLE_FILL_AREA(#9984);
#7731=ORIENTED_EDGE('',*,*,#9881,.F.);
#7732=ORIENTED_EDGE('',*,*,#9817,.T.);
#7733=ORIENTED_EDGE('',*,*,#9967,.T.);
#7734=ORIENTED_EDGE('',*,*,#9985,.F.);
#7735=ORIENTED_EDGE('',*,*,#9986,.F.);
#7736=CARTESIAN_POINT('',(1.73500000000515,-1.175,-5.13096));
#7737=DIRECTION('',(-1.0,0.0,0.0));
#7738=DIRECTION('',(0.0,1.0,6.12323399573676E-17));
#7739=SURFACE_STYLE_FILL_AREA(#9987);
#7740=ORIENTED_EDGE('',*,*,#9974,.F.);
#7741=ORIENTED_EDGE('',*,*,#9988,.T.);
#7742=ORIENTED_EDGE('',*,*,#9786,.F.);
#7743=ORIENTED_EDGE('',*,*,#9828,.T.);
#7744=ORIENTED_EDGE('',*,*,#9989,.F.);
#7745=CARTESIAN_POINT('',(-1.73499999999485,0.895,-5.13096));
#7746=DIRECTION('',(1.0,0.0,0.0));
#7747=DIRECTION('',(0.0,6.12323399573676E-17,-1.0));
#7748=SURFACE_STYLE_FILL_AREA(#9990);
#7749=ORIENTED_EDGE('',*,*,#9988,.F.);
#7750=ORIENTED_EDGE('',*,*,#9973,.F.);
#7751=ORIENTED_EDGE('',*,*,#9876,.F.);
#7752=ORIENTED_EDGE('',*,*,#9991,.T.);
#7753=ORIENTED_EDGE('',*,*,#9870,.F.);
#7754=ORIENTED_EDGE('',*,*,#9983,.F.);
#7755=ORIENTED_EDGE('',*,*,#9855,.F.);
#7756=ORIENTED_EDGE('',*,*,#9992,.T.);
#7757=ORIENTED_EDGE('',*,*,#9860,.F.);
#7758=ORIENTED_EDGE('',*,*,#9979,.F.);
#7759=ORIENTED_EDGE('',*,*,#9839,.F.);
#7760=ORIENTED_EDGE('',*,*,#9993,.T.);
#7761=ORIENTED_EDGE('',*,*,#9844,.F.);
#7762=ORIENTED_EDGE('',*,*,#9977,.F.);
#7763=ORIENTED_EDGE('',*,*,#8489,.F.);
#7764=ORIENTED_EDGE('',*,*,#9994,.T.);
#7765=ORIENTED_EDGE('',*,*,#8494,.F.);
#7766=ORIENTED_EDGE('',*,*,#9981,.F.);
#7767=ORIENTED_EDGE('',*,*,#9886,.F.);
#7768=ORIENTED_EDGE('',*,*,#9995,.T.);
#7769=ORIENTED_EDGE('',*,*,#9891,.F.);
#7770=ORIENTED_EDGE('',*,*,#9996,.F.);
#7771=ORIENTED_EDGE('',*,*,#9985,.T.);
#7772=ORIENTED_EDGE('',*,*,#9966,.T.);
#7773=ORIENTED_EDGE('',*,*,#9801,.T.);
#7774=ORIENTED_EDGE('',*,*,#9936,.F.);
#7775=ORIENTED_EDGE('',*,*,#9921,.T.);
#7776=ORIENTED_EDGE('',*,*,#9997,.T.);
#7777=ORIENTED_EDGE('',*,*,#9998,.T.);
#7778=ORIENTED_EDGE('',*,*,#9999,.F.);
#7779=ORIENTED_EDGE('',*,*,#9925,.F.);
#7780=ORIENTED_EDGE('',*,*,#9964,.F.);
#7781=ORIENTED_EDGE('',*,*,#9754,.F.);
#7782=ORIENTED_EDGE('',*,*,#9787,.T.);
#7783=CARTESIAN_POINT('',(-1.73609989193631,-0.905,-3.93096));
#7784=DIRECTION('',(0.0,1.0,1.22464679914735E-16));
#7785=DIRECTION('',(0.0,-1.22464679914735E-16,1.0));
#7786=SURFACE_STYLE_FILL_AREA(#10000);
#7787=ORIENTED_EDGE('',*,*,#10001,.F.);
#7788=ORIENTED_EDGE('',*,*,#9873,.F.);
#7789=ORIENTED_EDGE('',*,*,#9975,.F.);
#7790=ORIENTED_EDGE('',*,*,#9989,.T.);
#7791=ORIENTED_EDGE('',*,*,#9827,.F.);
#7792=CARTESIAN_POINT('',(4.1040024,-1.105,-5.05096));
#7793=DIRECTION('',(0.0,1.0,1.22464679914735E-16));
#7794=DIRECTION('',(0.0,-1.22464679914735E-16,1.0));
#7795=SURFACE_STYLE_FILL_AREA(#10002);
#7796=ORIENTED_EDGE('',*,*,#9882,.T.);
#7797=ORIENTED_EDGE('',*,*,#9986,.T.);
#7798=ORIENTED_EDGE('',*,*,#9996,.T.);
#7799=ORIENTED_EDGE('',*,*,#9890,.F.);
#7800=CARTESIAN_POINT('',(4.1040024,-1.175,-4.4809600000001));
#7801=DIRECTION('',(0.0,1.22464679914735E-16,-1.0));
#7802=DIRECTION('',(0.0,-1.0,-1.22464679914735E-16));
#7803=SURFACE_STYLE_FILL_AREA(#10003);
#7804=ORIENTED_EDGE('',*,*,#10004,.T.);
#7805=ORIENTED_EDGE('',*,*,#10005,.F.);
#7806=ORIENTED_EDGE('',*,*,#9919,.F.);
#7807=ORIENTED_EDGE('',*,*,#9053,.F.);
#7808=ORIENTED_EDGE('',*,*,#9935,.F.);
#7809=ORIENTED_EDGE('',*,*,#8581,.F.);
#7810=ORIENTED_EDGE('',*,*,#9927,.T.);
#7811=ORIENTED_EDGE('',*,*,#10006,.F.);
#7812=CARTESIAN_POINT('',(1.73609989194661,-1.175,-3.93096));
#7813=DIRECTION('',(0.0,1.0,1.22464679914735E-16));
#7814=DIRECTION('',(0.0,-1.22464679914735E-16,1.0));
#7815=SURFACE_STYLE_FILL_AREA(#10007);
#7816=ORIENTED_EDGE('',*,*,#10008,.F.);
#7817=ORIENTED_EDGE('',*,*,#9814,.F.);
#7818=ORIENTED_EDGE('',*,*,#9783,.T.);
#7819=ORIENTED_EDGE('',*,*,#8465,.T.);
#7820=CARTESIAN_POINT('',(1.30000000000118,1.13443359913742,-5.05096));
#7821=DIRECTION('',(1.0,0.0,0.0));
#7822=DIRECTION('',(0.0,6.12323399573676E-17,-1.0));
#7823=SURFACE_STYLE_FILL_AREA(#10009);
#7824=ORIENTED_EDGE('',*,*,#10010,.F.);
#7825=ORIENTED_EDGE('',*,*,#9915,.T.);
#7826=ORIENTED_EDGE('',*,*,#10011,.F.);
#7827=ORIENTED_EDGE('',*,*,#10012,.T.);
#7828=CARTESIAN_POINT('',(2.22044604925031E-16,0.265,-2.68096));
#7829=DIRECTION('',(-0.0,-1.0,-1.22464679914735E-16));
#7830=DIRECTION('',(-1.0,0.0,0.0));
#7831=SURFACE_STYLE_FILL_AREA(#10013);
#7832=ORIENTED_EDGE('',*,*,#10014,.F.);
#7833=ORIENTED_EDGE('',*,*,#9895,.T.);
#7834=ORIENTED_EDGE('',*,*,#10015,.F.);
#7835=ORIENTED_EDGE('',*,*,#10016,.T.);
#7836=CARTESIAN_POINT('',(2.22044604925031E-16,0.265,-2.68096));
#7837=DIRECTION('',(-0.0,-1.0,-1.22464679914735E-16));
#7838=DIRECTION('',(-1.0,0.0,0.0));
#7839=SURFACE_STYLE_FILL_AREA(#10017);
#7840=ORIENTED_EDGE('',*,*,#10018,.F.);
#7841=ORIENTED_EDGE('',*,*,#9910,.T.);
#7842=ORIENTED_EDGE('',*,*,#10019,.F.);
#7843=ORIENTED_EDGE('',*,*,#10020,.T.);
#7844=CARTESIAN_POINT('',(2.22044604925031E-16,0.265,-2.68096));
#7845=DIRECTION('',(-0.0,-1.0,-1.22464679914735E-16));
#7846=DIRECTION('',(-1.0,0.0,0.0));
#7847=SURFACE_STYLE_FILL_AREA(#10021);
#7848=ORIENTED_EDGE('',*,*,#10022,.F.);
#7849=ORIENTED_EDGE('',*,*,#9905,.T.);
#7850=ORIENTED_EDGE('',*,*,#10023,.F.);
#7851=ORIENTED_EDGE('',*,*,#10024,.T.);
#7852=CARTESIAN_POINT('',(2.22044604925031E-16,0.265,-2.68096));
#7853=DIRECTION('',(-0.0,-1.0,-1.22464679914735E-16));
#7854=DIRECTION('',(-1.0,0.0,0.0));
#7855=SURFACE_STYLE_FILL_AREA(#10025);
#7856=ORIENTED_EDGE('',*,*,#10026,.F.);
#7857=ORIENTED_EDGE('',*,*,#10027,.F.);
#7858=ORIENTED_EDGE('',*,*,#10028,.F.);
#7859=ORIENTED_EDGE('',*,*,#9906,.T.);
#7860=ORIENTED_EDGE('',*,*,#10022,.T.);
#7861=ORIENTED_EDGE('',*,*,#10029,.T.);
#7862=ORIENTED_EDGE('',*,*,#10030,.T.);
#7863=ORIENTED_EDGE('',*,*,#9949,.F.);
#7864=CARTESIAN_POINT('',(0.1875,0.0450000000000001,-1.23096));
#7865=DIRECTION('',(-1.0,0.0,0.0));
#7866=DIRECTION('',(0.0,1.0,6.12323399573676E-17));
#7867=SURFACE_STYLE_FILL_AREA(#10031);
#7868=ORIENTED_EDGE('',*,*,#10032,.T.);
#7869=ORIENTED_EDGE('',*,*,#10033,.F.);
#7870=ORIENTED_EDGE('',*,*,#9951,.T.);
#7871=ORIENTED_EDGE('',*,*,#10034,.T.);
#7872=ORIENTED_EDGE('',*,*,#10035,.F.);
#7873=ORIENTED_EDGE('',*,*,#10023,.T.);
#7874=ORIENTED_EDGE('',*,*,#9904,.T.);
#7875=ORIENTED_EDGE('',*,*,#10036,.F.);
#7876=CARTESIAN_POINT('',(-0.19,0.0450000000000002,-3.93096));
#7877=DIRECTION('',(1.0,0.0,0.0));
#7878=DIRECTION('',(0.0,6.12323399573676E-17,-1.0));
#7879=SURFACE_STYLE_FILL_AREA(#10037);
#7880=ORIENTED_EDGE('',*,*,#10038,.T.);
#7881=ORIENTED_EDGE('',*,*,#10039,.F.);
#7882=ORIENTED_EDGE('',*,*,#9959,.T.);
#7883=ORIENTED_EDGE('',*,*,#10040,.T.);
#7884=ORIENTED_EDGE('',*,*,#10041,.F.);
#7885=ORIENTED_EDGE('',*,*,#10015,.T.);
#7886=ORIENTED_EDGE('',*,*,#9894,.T.);
#7887=ORIENTED_EDGE('',*,*,#10042,.F.);
#7888=CARTESIAN_POINT('',(-1.49,0.0450000000000002,-3.93096));
#7889=DIRECTION('',(1.0,0.0,0.0));
#7890=DIRECTION('',(0.0,6.12323399573676E-17,-1.0));
#7891=SURFACE_STYLE_FILL_AREA(#10043);
#7892=ORIENTED_EDGE('',*,*,#10044,.F.);
#7893=ORIENTED_EDGE('',*,*,#10045,.F.);
#7894=ORIENTED_EDGE('',*,*,#10046,.F.);
#7895=ORIENTED_EDGE('',*,*,#9896,.T.);
#7896=ORIENTED_EDGE('',*,*,#10014,.T.);
#7897=ORIENTED_EDGE('',*,*,#10047,.T.);
#7898=ORIENTED_EDGE('',*,*,#10048,.T.);
#7899=ORIENTED_EDGE('',*,*,#9957,.F.);
#7900=CARTESIAN_POINT('',(-1.11,0.0450000000000001,-1.23096));
#7901=DIRECTION('',(-1.0,0.0,0.0));
#7902=DIRECTION('',(0.0,1.0,6.12323399573676E-17));
#7903=SURFACE_STYLE_FILL_AREA(#10049);
#7904=ORIENTED_EDGE('',*,*,#10050,.F.);
#7905=ORIENTED_EDGE('',*,*,#10051,.F.);
#7906=ORIENTED_EDGE('',*,*,#10052,.F.);
#7907=ORIENTED_EDGE('',*,*,#9916,.T.);
#7908=ORIENTED_EDGE('',*,*,#10010,.T.);
#7909=ORIENTED_EDGE('',*,*,#10053,.T.);
#7910=ORIENTED_EDGE('',*,*,#10054,.T.);
#7911=ORIENTED_EDGE('',*,*,#9941,.F.);
#7912=CARTESIAN_POINT('',(1.4875,0.0450000000000001,-1.23096));
#7913=DIRECTION('',(-1.0,0.0,0.0));
#7914=DIRECTION('',(0.0,1.0,6.12323399573676E-17));
#7915=SURFACE_STYLE_FILL_AREA(#10055);
#7916=ORIENTED_EDGE('',*,*,#10056,.F.);
#7917=ORIENTED_EDGE('',*,*,#10057,.F.);
#7918=ORIENTED_EDGE('',*,*,#10058,.F.);
#7919=ORIENTED_EDGE('',*,*,#9901,.T.);
#7920=ORIENTED_EDGE('',*,*,#9969,.T.);
#7921=ORIENTED_EDGE('',*,*,#10059,.T.);
#7922=ORIENTED_EDGE('',*,*,#10060,.T.);
#7923=ORIENTED_EDGE('',*,*,#9953,.F.);
#7924=CARTESIAN_POINT('',(-0.4625,0.0450000000000001,-1.23096));
#7925=DIRECTION('',(-1.0,0.0,0.0));
#7926=DIRECTION('',(0.0,1.0,6.12323399573676E-17));
#7927=SURFACE_STYLE_FILL_AREA(#10061);
#7928=ORIENTED_EDGE('',*,*,#10062,.T.);
#7929=ORIENTED_EDGE('',*,*,#10063,.F.);
#7930=ORIENTED_EDGE('',*,*,#9955,.T.);
#7931=ORIENTED_EDGE('',*,*,#10064,.T.);
#7932=ORIENTED_EDGE('',*,*,#10065,.F.);
#7933=ORIENTED_EDGE('',*,*,#9970,.T.);
#7934=ORIENTED_EDGE('',*,*,#9899,.T.);
#7935=ORIENTED_EDGE('',*,*,#10066,.F.);
#7936=CARTESIAN_POINT('',(-0.84,0.0450000000000002,-3.93096));
#7937=DIRECTION('',(1.0,0.0,0.0));
#7938=DIRECTION('',(0.0,6.12323399573676E-17,-1.0));
#7939=SURFACE_STYLE_FILL_AREA(#10067);
#7940=ORIENTED_EDGE('',*,*,#10068,.T.);
#7941=ORIENTED_EDGE('',*,*,#10069,.F.);
#7942=ORIENTED_EDGE('',*,*,#9943,.T.);
#7943=ORIENTED_EDGE('',*,*,#10070,.T.);
#7944=ORIENTED_EDGE('',*,*,#10071,.F.);
#7945=ORIENTED_EDGE('',*,*,#10011,.T.);
#7946=ORIENTED_EDGE('',*,*,#9914,.T.);
#7947=ORIENTED_EDGE('',*,*,#10072,.F.);
#7948=CARTESIAN_POINT('',(1.11,0.0450000000000002,-3.93096));
#7949=DIRECTION('',(1.0,0.0,0.0));
#7950=DIRECTION('',(0.0,6.12323399573676E-17,-1.0));
#7951=SURFACE_STYLE_FILL_AREA(#10073);
#7952=ORIENTED_EDGE('',*,*,#10074,.F.);
#7953=ORIENTED_EDGE('',*,*,#10075,.F.);
#7954=ORIENTED_EDGE('',*,*,#10076,.F.);
#7955=ORIENTED_EDGE('',*,*,#9911,.T.);
#7956=ORIENTED_EDGE('',*,*,#10018,.T.);
#7957=ORIENTED_EDGE('',*,*,#10077,.T.);
#7958=ORIENTED_EDGE('',*,*,#10078,.T.);
#7959=ORIENTED_EDGE('',*,*,#9945,.F.);
#7960=CARTESIAN_POINT('',(0.8375,0.0450000000000001,-1.23096));
#7961=DIRECTION('',(-1.0,0.0,0.0));
#7962=DIRECTION('',(0.0,1.0,6.12323399573676E-17));
#7963=SURFACE_STYLE_FILL_AREA(#10079);
#7964=ORIENTED_EDGE('',*,*,#10080,.T.);
#7965=ORIENTED_EDGE('',*,*,#10081,.F.);
#7966=ORIENTED_EDGE('',*,*,#9947,.T.);
#7967=ORIENTED_EDGE('',*,*,#10082,.T.);
#7968=ORIENTED_EDGE('',*,*,#10083,.F.);
#7969=ORIENTED_EDGE('',*,*,#10019,.T.);
#7970=ORIENTED_EDGE('',*,*,#9909,.T.);
#7971=ORIENTED_EDGE('',*,*,#10084,.F.);
#7972=CARTESIAN_POINT('',(0.46,0.0450000000000002,-3.93096));
#7973=DIRECTION('',(1.0,0.0,0.0));
#7974=DIRECTION('',(0.0,6.12323399573676E-17,-1.0));
#7975=SURFACE_STYLE_FILL_AREA(#10085);
#7976=ORIENTED_EDGE('',*,*,#10051,.T.);
#7977=ORIENTED_EDGE('',*,*,#10086,.F.);
#7978=ORIENTED_EDGE('',*,*,#10087,.F.);
#7979=ORIENTED_EDGE('',*,*,#10088,.T.);
#7980=CARTESIAN_POINT('',(5.15143483426073E-12,0.245,-1.43096));
#7981=DIRECTION('',(-1.0,0.0,0.0));
#7982=DIRECTION('',(0.0,1.0,1.22464679914735E-16));
#7983=SURFACE_STYLE_FILL_AREA(#10089);
#7984=ORIENTED_EDGE('',*,*,#10063,.T.);
#7985=ORIENTED_EDGE('',*,*,#10090,.T.);
#7986=ORIENTED_EDGE('',*,*,#10044,.T.);
#7987=ORIENTED_EDGE('',*,*,#9956,.T.);
#7988=CARTESIAN_POINT('',(1.725,0.0450000000000002,-3.93096));
#7989=DIRECTION('',(-0.0,-1.0,-1.22464679914735E-16));
#7990=DIRECTION('',(-1.0,0.0,0.0));
#7991=SURFACE_STYLE_FILL_AREA(#10091);
#7992=ORIENTED_EDGE('',*,*,#10075,.T.);
#7993=ORIENTED_EDGE('',*,*,#10092,.F.);
#7994=ORIENTED_EDGE('',*,*,#10068,.F.);
#7995=ORIENTED_EDGE('',*,*,#10093,.T.);
#7996=CARTESIAN_POINT('',(5.15143483426073E-12,0.245,-1.43096));
#7997=DIRECTION('',(-1.0,0.0,0.0));
#7998=DIRECTION('',(0.0,1.0,1.22464679914735E-16));
#7999=SURFACE_STYLE_FILL_AREA(#10094);
#8000=ORIENTED_EDGE('',*,*,#10039,.T.);
#8001=ORIENTED_EDGE('',*,*,#10095,.T.);
#8002=ORIENTED_EDGE('',*,*,#10096,.F.);
#8003=ORIENTED_EDGE('',*,*,#9960,.T.);
#8004=CARTESIAN_POINT('',(1.725,0.0450000000000002,-3.93096));
#8005=DIRECTION('',(-0.0,-1.0,-1.22464679914735E-16));
#8006=DIRECTION('',(-1.0,0.0,0.0));
#8007=SURFACE_STYLE_FILL_AREA(#10097);
#8008=ORIENTED_EDGE('',*,*,#10080,.F.);
#8009=ORIENTED_EDGE('',*,*,#10098,.T.);
#8010=ORIENTED_EDGE('',*,*,#10027,.T.);
#8011=ORIENTED_EDGE('',*,*,#10099,.F.);
#8012=CARTESIAN_POINT('',(5.15143483426073E-12,0.245,-1.43096));
#8013=DIRECTION('',(-1.0,0.0,0.0));
#8014=DIRECTION('',(0.0,1.0,1.22464679914735E-16));
#8015=SURFACE_STYLE_FILL_AREA(#10100);
#8016=ORIENTED_EDGE('',*,*,#10026,.T.);
#8017=ORIENTED_EDGE('',*,*,#9948,.T.);
#8018=ORIENTED_EDGE('',*,*,#10081,.T.);
#8019=ORIENTED_EDGE('',*,*,#10099,.T.);
#8020=CARTESIAN_POINT('',(1.725,0.0450000000000002,-3.93096));
#8021=DIRECTION('',(-0.0,-1.0,-1.22464679914735E-16));
#8022=DIRECTION('',(-1.0,0.0,0.0));
#8023=SURFACE_STYLE_FILL_AREA(#10101);
#8024=ORIENTED_EDGE('',*,*,#10032,.F.);
#8025=ORIENTED_EDGE('',*,*,#10102,.T.);
#8026=ORIENTED_EDGE('',*,*,#10057,.T.);
#8027=ORIENTED_EDGE('',*,*,#10103,.F.);
#8028=CARTESIAN_POINT('',(5.15143483426073E-12,0.245,-1.43096));
#8029=DIRECTION('',(-1.0,0.0,0.0));
#8030=DIRECTION('',(0.0,1.0,1.22464679914735E-16));
#8031=SURFACE_STYLE_FILL_AREA(#10104);
#8032=ORIENTED_EDGE('',*,*,#10074,.T.);
#8033=ORIENTED_EDGE('',*,*,#9944,.T.);
#8034=ORIENTED_EDGE('',*,*,#10069,.T.);
#8035=ORIENTED_EDGE('',*,*,#10092,.T.);
#8036=CARTESIAN_POINT('',(1.725,0.0450000000000002,-3.93096));
#8037=DIRECTION('',(-0.0,-1.0,-1.22464679914735E-16));
#8038=DIRECTION('',(-1.0,0.0,0.0));
#8039=SURFACE_STYLE_FILL_AREA(#10105);
#8040=ORIENTED_EDGE('',*,*,#10062,.F.);
#8041=ORIENTED_EDGE('',*,*,#10106,.T.);
#8042=ORIENTED_EDGE('',*,*,#10045,.T.);
#8043=ORIENTED_EDGE('',*,*,#10090,.F.);
#8044=CARTESIAN_POINT('',(5.15143483426073E-12,0.245,-1.43096));
#8045=DIRECTION('',(-1.0,0.0,0.0));
#8046=DIRECTION('',(0.0,1.0,1.22464679914735E-16));
#8047=SURFACE_STYLE_FILL_AREA(#10107);
#8048=ORIENTED_EDGE('',*,*,#10033,.T.);
#8049=ORIENTED_EDGE('',*,*,#10103,.T.);
#8050=ORIENTED_EDGE('',*,*,#10056,.T.);
#8051=ORIENTED_EDGE('',*,*,#9952,.T.);
#8052=CARTESIAN_POINT('',(1.725,0.0450000000000002,-3.93096));
#8053=DIRECTION('',(-0.0,-1.0,-1.22464679914735E-16));
#8054=DIRECTION('',(-1.0,0.0,0.0));
#8055=SURFACE_STYLE_FILL_AREA(#10108);
#8056=ORIENTED_EDGE('',*,*,#10109,.T.);
#8057=ORIENTED_EDGE('',*,*,#10110,.F.);
#8058=ORIENTED_EDGE('',*,*,#10111,.F.);
#8059=ORIENTED_EDGE('',*,*,#10112,.T.);
#8060=CARTESIAN_POINT('',(1.525,-0.50459165091185,-1.43096));
#8061=DIRECTION('',(-0.0,-1.0,-1.22464679914735E-16));
#8062=DIRECTION('',(-1.0,0.0,0.0));
#8063=SURFACE_STYLE_FILL_AREA(#10113);
#8064=ORIENTED_EDGE('',*,*,#10114,.T.);
#8065=ORIENTED_EDGE('',*,*,#10095,.F.);
#8066=ORIENTED_EDGE('',*,*,#10038,.F.);
#8067=ORIENTED_EDGE('',*,*,#10115,.T.);
#8068=CARTESIAN_POINT('',(5.15143483426073E-12,0.245,-1.43096));
#8069=DIRECTION('',(-1.0,0.0,0.0));
#8070=DIRECTION('',(0.0,1.0,1.22464679914735E-16));
#8071=SURFACE_STYLE_FILL_AREA(#10116);
#8072=ORIENTED_EDGE('',*,*,#10114,.F.);
#8073=ORIENTED_EDGE('',*,*,#10117,.T.);
#8074=ORIENTED_EDGE('',*,*,#10118,.F.);
#8075=CARTESIAN_POINT('',(-1.525,0.245,-1.43096));
#8076=DIRECTION('',(0.0,-1.0,-1.22464679914735E-16));
#8077=DIRECTION('',(1.0,0.0,0.0));
#8078=SURFACE_STYLE_FILL_AREA(#10119);
#8079=ORIENTED_EDGE('',*,*,#10120,.F.);
#8080=ORIENTED_EDGE('',*,*,#10111,.T.);
#8081=ORIENTED_EDGE('',*,*,#10121,.F.);
#8082=CARTESIAN_POINT('',(1.525,0.445,-1.43096));
#8083=DIRECTION('',(0.0,1.0,1.22464679914735E-16));
#8084=DIRECTION('',(-1.0,0.0,0.0));
#8085=SURFACE_STYLE_FILL_AREA(#10122);
#8086=ORIENTED_EDGE('',*,*,#10109,.F.);
#8087=ORIENTED_EDGE('',*,*,#10087,.T.);
#8088=ORIENTED_EDGE('',*,*,#10123,.F.);
#8089=CARTESIAN_POINT('',(1.525,0.245,-1.43096));
#8090=DIRECTION('',(1.0,0.0,0.0));
#8091=DIRECTION('',(0.0,1.0,1.22464679914735E-16));
#8092=SURFACE_STYLE_FILL_AREA(#10124);
#8093=ORIENTED_EDGE('',*,*,#10125,.F.);
#8094=ORIENTED_EDGE('',*,*,#9937,.T.);
#8095=ORIENTED_EDGE('',*,*,#8450,.T.);
#8096=ORIENTED_EDGE('',*,*,#10121,.T.);
#8097=CARTESIAN_POINT('',(1.525,0.445,-3.93096));
#8098=DIRECTION('',(0.0,1.22464679914735E-16,-1.0));
#8099=DIRECTION('',(-1.0,0.0,0.0));
#8100=SURFACE_STYLE_FILL_AREA(#10126);
#8101=ORIENTED_EDGE('',*,*,#10127,.F.);
#8102=ORIENTED_EDGE('',*,*,#10128,.T.);
#8103=ORIENTED_EDGE('',*,*,#10129,.F.);
#8104=CARTESIAN_POINT('',(-1.525,0.445,-1.43096));
#8105=DIRECTION('',(-1.0,0.0,0.0));
#8106=DIRECTION('',(0.0,-1.0,-1.22464679914735E-16));
#8107=SURFACE_STYLE_FILL_AREA(#10130);
#8108=ORIENTED_EDGE('',*,*,#10131,.F.);
#8109=ORIENTED_EDGE('',*,*,#9939,.T.);
#8110=ORIENTED_EDGE('',*,*,#10132,.T.);
#8111=ORIENTED_EDGE('',*,*,#10123,.T.);
#8112=CARTESIAN_POINT('',(1.525,0.245,-3.93096));
#8113=DIRECTION('',(0.0,1.22464679914735E-16,-1.0));
#8114=DIRECTION('',(-1.0,0.0,0.0));
#8115=SURFACE_STYLE_FILL_AREA(#10133);
#8116=ORIENTED_EDGE('',*,*,#10127,.T.);
#8117=ORIENTED_EDGE('',*,*,#10134,.F.);
#8118=ORIENTED_EDGE('',*,*,#10117,.F.);
#8119=ORIENTED_EDGE('',*,*,#10135,.T.);
#8120=CARTESIAN_POINT('',(-1.525,-0.50459165091185,-1.43096));
#8121=DIRECTION('',(-0.0,1.0,1.22464679914735E-16));
#8122=DIRECTION('',(1.0,0.0,0.0));
#8123=SURFACE_STYLE_FILL_AREA(#10136);
#8124=ORIENTED_EDGE('',*,*,#8448,.T.);
#8125=ORIENTED_EDGE('',*,*,#9963,.F.);
#8126=ORIENTED_EDGE('',*,*,#10137,.F.);
#8127=ORIENTED_EDGE('',*,*,#10129,.T.);
#8128=CARTESIAN_POINT('',(-1.525,0.445,-3.93096));
#8129=DIRECTION('',(0.0,-1.22464679914735E-16,1.0));
#8130=DIRECTION('',(1.0,0.0,0.0));
#8131=SURFACE_STYLE_FILL_AREA(#10138);
#8132=ORIENTED_EDGE('',*,*,#10120,.T.);
#8133=ORIENTED_EDGE('',*,*,#8449,.F.);
#8134=ORIENTED_EDGE('',*,*,#10128,.F.);
#8135=ORIENTED_EDGE('',*,*,#10139,.T.);
#8136=CARTESIAN_POINT('',(5.15143483426073E-12,0.445,-1.43096));
#8137=DIRECTION('',(1.0,0.0,0.0));
#8138=DIRECTION('',(0.0,-1.0,-1.22464679914735E-16));
#8139=SURFACE_STYLE_FILL_AREA(#10140);
#8140=ORIENTED_EDGE('',*,*,#10141,.F.);
#8141=ORIENTED_EDGE('',*,*,#9961,.T.);
#8142=ORIENTED_EDGE('',*,*,#10096,.T.);
#8143=ORIENTED_EDGE('',*,*,#10118,.T.);
#8144=CARTESIAN_POINT('',(-1.525,0.245,-3.93096));
#8145=DIRECTION('',(0.0,1.22464679914735E-16,-1.0));
#8146=DIRECTION('',(-1.0,0.0,0.0));
#8147=SURFACE_STYLE_FILL_AREA(#10142);
#8148=ORIENTED_EDGE('',*,*,#10131,.T.);
#8149=ORIENTED_EDGE('',*,*,#10086,.T.);
#8150=ORIENTED_EDGE('',*,*,#10050,.T.);
#8151=ORIENTED_EDGE('',*,*,#9940,.T.);
#8152=CARTESIAN_POINT('',(1.725,0.0450000000000002,-3.93096));
#8153=DIRECTION('',(-0.0,-1.0,-1.22464679914735E-16));
#8154=DIRECTION('',(-1.0,0.0,0.0));
#8155=SURFACE_STYLE_FILL_AREA(#10143);
#8156=ORIENTED_EDGE('',*,*,#10125,.T.);
#8157=ORIENTED_EDGE('',*,*,#10110,.T.);
#8158=ORIENTED_EDGE('',*,*,#10132,.F.);
#8159=ORIENTED_EDGE('',*,*,#9938,.T.);
#8160=CARTESIAN_POINT('',(1.725,0.645,-3.93096));
#8161=DIRECTION('',(1.0,0.0,0.0));
#8162=DIRECTION('',(0.0,6.12323399573676E-17,-1.0));
#8163=SURFACE_STYLE_FILL_AREA(#10144);
#8164=ORIENTED_EDGE('',*,*,#9917,.T.);
#8165=ORIENTED_EDGE('',*,*,#10052,.T.);
#8166=ORIENTED_EDGE('',*,*,#10088,.F.);
#8167=ORIENTED_EDGE('',*,*,#10112,.F.);
#8168=ORIENTED_EDGE('',*,*,#10139,.F.);
#8169=ORIENTED_EDGE('',*,*,#10135,.F.);
#8170=ORIENTED_EDGE('',*,*,#10115,.F.);
#8171=ORIENTED_EDGE('',*,*,#10042,.T.);
#8172=ORIENTED_EDGE('',*,*,#9897,.T.);
#8173=ORIENTED_EDGE('',*,*,#10046,.T.);
#8174=ORIENTED_EDGE('',*,*,#10106,.F.);
#8175=ORIENTED_EDGE('',*,*,#10066,.T.);
#8176=ORIENTED_EDGE('',*,*,#9902,.T.);
#8177=ORIENTED_EDGE('',*,*,#10058,.T.);
#8178=ORIENTED_EDGE('',*,*,#10102,.F.);
#8179=ORIENTED_EDGE('',*,*,#10036,.T.);
#8180=ORIENTED_EDGE('',*,*,#9907,.T.);
#8181=ORIENTED_EDGE('',*,*,#10028,.T.);
#8182=ORIENTED_EDGE('',*,*,#10098,.F.);
#8183=ORIENTED_EDGE('',*,*,#10084,.T.);
#8184=ORIENTED_EDGE('',*,*,#9912,.T.);
#8185=ORIENTED_EDGE('',*,*,#10076,.T.);
#8186=ORIENTED_EDGE('',*,*,#10093,.F.);
#8187=ORIENTED_EDGE('',*,*,#10072,.T.);
#8188=CARTESIAN_POINT('',(5.15143483426073E-12,-0.265,-1.23096));
#8189=DIRECTION('',(0.0,-1.22464679914735E-16,1.0));
#8190=DIRECTION('',(0.0,-1.0,-1.22464679914735E-16));
#8191=SURFACE_STYLE_FILL_AREA(#10145);
#8192=ORIENTED_EDGE('',*,*,#10137,.T.);
#8193=ORIENTED_EDGE('',*,*,#9962,.T.);
#8194=ORIENTED_EDGE('',*,*,#10141,.T.);
#8195=ORIENTED_EDGE('',*,*,#10134,.T.);
#8196=CARTESIAN_POINT('',(-1.725,0.0450000000000002,-3.93096));
#8197=DIRECTION('',(-1.0,0.0,0.0));
#8198=DIRECTION('',(0.0,1.0,6.12323399573676E-17));
#8199=SURFACE_STYLE_FILL_AREA(#10146);
#8200=ORIENTED_EDGE('',*,*,#10147,.F.);
#8201=ORIENTED_EDGE('',*,*,#9997,.F.);
#8202=ORIENTED_EDGE('',*,*,#9920,.F.);
#8203=ORIENTED_EDGE('',*,*,#10005,.T.);
#8204=CARTESIAN_POINT('',(1.73500000000515,-1.175,-5.13096));
#8205=DIRECTION('',(-1.0,0.0,0.0));
#8206=DIRECTION('',(0.0,1.0,6.12323399573676E-17));
#8207=SURFACE_STYLE_FILL_AREA(#10148);
#8208=ORIENTED_EDGE('',*,*,#10006,.T.);
#8209=ORIENTED_EDGE('',*,*,#9926,.T.);
#8210=ORIENTED_EDGE('',*,*,#9999,.T.);
#8211=ORIENTED_EDGE('',*,*,#10149,.F.);
#8212=CARTESIAN_POINT('',(-1.73499999999485,0.895,-5.13096));
#8213=DIRECTION('',(1.0,0.0,0.0));
#8214=DIRECTION('',(0.0,6.12323399573676E-17,-1.0));
#8215=SURFACE_STYLE_FILL_AREA(#10150);
#8216=ORIENTED_EDGE('',*,*,#10147,.T.);
#8217=ORIENTED_EDGE('',*,*,#10004,.F.);
#8218=ORIENTED_EDGE('',*,*,#10149,.T.);
#8219=ORIENTED_EDGE('',*,*,#9998,.F.);
#8220=CARTESIAN_POINT('',(4.1040024,-0.905,-4.33096));
#8221=DIRECTION('',(0.0,-1.22464679914735E-16,1.0));
#8222=DIRECTION('',(0.0,-1.0,-1.22464679914735E-16));
#8223=SURFACE_STYLE_FILL_AREA(#10151);
#8224=ORIENTED_EDGE('',*,*,#9649,.F.);
#8225=ORIENTED_EDGE('',*,*,#10152,.T.);
#8226=ORIENTED_EDGE('',*,*,#8470,.F.);
#8227=ORIENTED_EDGE('',*,*,#10153,.F.);
#8228=ORIENTED_EDGE('',*,*,#9645,.F.);
#8229=CARTESIAN_POINT('',(2.02873269447188,0.752500529259084,-5.12996));
#8230=DIRECTION('',(-0.76604444311623,0.642787609689814,7.87187788738209E-17));
#8231=DIRECTION('',(-5.1380033874795E-17,6.12323399573677E-17,-1.0));
#8232=SURFACE_STYLE_FILL_AREA(#10154);
#8233=ORIENTED_EDGE('',*,*,#10152,.F.);
#8234=ORIENTED_EDGE('',*,*,#9648,.T.);
#8235=ORIENTED_EDGE('',*,*,#10155,.T.);
#8236=ORIENTED_EDGE('',*,*,#8463,.F.);
#8237=CARTESIAN_POINT('',(1.69614021680953,0.589490823183766,-5.12996));
#8238=DIRECTION('',(0.64278760969309,0.766044443113482,9.38133875263542E-17));
#8239=DIRECTION('',(-7.29738611258756E-17,-6.12323399573676E-17,1.0));
#8240=SURFACE_STYLE_FILL_AREA(#10156);
#8241=ORIENTED_EDGE('',*,*,#10157,.T.);
#8242=ORIENTED_EDGE('',*,*,#9651,.T.);
#8243=ORIENTED_EDGE('',*,*,#9798,.T.);
#8244=CARTESIAN_POINT('',(2.02873269447188,0.752500529259084,-5.12996));
#8245=DIRECTION('',(-0.76604444311623,0.642787609689814,7.87187788738209E-17));
#8246=DIRECTION('',(-5.1380033874795E-17,6.12323399573677E-17,-1.0));
#8247=SURFACE_STYLE_FILL_AREA(#10158);
#8248=ORIENTED_EDGE('',*,*,#9646,.F.);
#8249=ORIENTED_EDGE('',*,*,#10153,.T.);
#8250=ORIENTED_EDGE('',*,*,#8469,.T.);
#8251=ORIENTED_EDGE('',*,*,#8473,.F.);
#8252=ORIENTED_EDGE('',*,*,#9640,.F.);
#8253=CARTESIAN_POINT('',(2.35999999999828,0.524999999984841,-5.12996));
#8254=DIRECTION('',(0.0,1.22464679914735E-16,-1.0));
#8255=DIRECTION('',(0.0,-1.0,-1.22464679914735E-16));
#8256=SURFACE_STYLE_FILL_AREA(#10159);
#8257=ORIENTED_EDGE('',*,*,#8464,.F.);
#8258=ORIENTED_EDGE('',*,*,#10155,.F.);
#8259=ORIENTED_EDGE('',*,*,#9624,.T.);
#8260=ORIENTED_EDGE('',*,*,#10160,.F.);
#8261=ORIENTED_EDGE('',*,*,#9796,.T.);
#8262=ORIENTED_EDGE('',*,*,#10008,.T.);
#8263=CARTESIAN_POINT('',(1.44061677517262,0.685908964636423,-5.12996));
#8264=DIRECTION('',(0.0,1.0,1.22464679914735E-16));
#8265=DIRECTION('',(0.0,-1.22464679914735E-16,1.0));
#8266=SURFACE_STYLE_FILL_AREA(#10161);
#8267=ORIENTED_EDGE('',*,*,#10160,.T.);
#8268=ORIENTED_EDGE('',*,*,#9652,.T.);
#8269=ORIENTED_EDGE('',*,*,#10157,.F.);
#8270=ORIENTED_EDGE('',*,*,#9797,.T.);
#8271=CARTESIAN_POINT('',(1.69614021680953,0.589490823183766,-5.12996));
#8272=DIRECTION('',(0.64278760969309,0.766044443113482,9.38133875263542E-17));
#8273=DIRECTION('',(-7.29738611258756E-17,-6.12323399573676E-17,1.0));
#8274=SURFACE_STYLE_FILL_AREA(#10162);
#8275=ORIENTED_EDGE('',*,*,#9804,.F.);
#8276=ORIENTED_EDGE('',*,*,#9602,.T.);
#8277=ORIENTED_EDGE('',*,*,#10163,.F.);
#8278=CARTESIAN_POINT('',(-2.02873269447188,0.752500529259084,-5.12996));
#8279=DIRECTION('',(-0.76604444311623,-0.642787609689814,-7.87187788738209E-17));
#8280=DIRECTION('',(-0.642787609689814,0.76604444311623,4.69066937633454E-17));
#8281=SURFACE_STYLE_FILL_AREA(#10164);
#8282=ORIENTED_EDGE('',*,*,#9601,.F.);
#8283=ORIENTED_EDGE('',*,*,#10165,.F.);
#8284=ORIENTED_EDGE('',*,*,#9805,.F.);
#8285=ORIENTED_EDGE('',*,*,#10163,.T.);
#8286=CARTESIAN_POINT('',(-1.69614021680953,0.589490823183766,-5.12996));
#8287=DIRECTION('',(0.64278760969309,-0.766044443113482,-9.38133875263542E-17));
#8288=DIRECTION('',(-8.11312025035746E-33,-1.22464679914735E-16,1.0));
#8289=SURFACE_STYLE_FILL_AREA(#10166);
#8290=ORIENTED_EDGE('',*,*,#9596,.T.);
#8291=ORIENTED_EDGE('',*,*,#9531,.T.);
#8292=ORIENTED_EDGE('',*,*,#9765,.T.);
#8293=ORIENTED_EDGE('',*,*,#8455,.F.);
#8294=ORIENTED_EDGE('',*,*,#10167,.F.);
#8295=CARTESIAN_POINT('',(-2.35999999999828,0.524999999984841,-5.12996));
#8296=DIRECTION('',(0.0,1.22464679914735E-16,-1.0));
#8297=DIRECTION('',(0.0,-1.0,-1.22464679914735E-16));
#8298=SURFACE_STYLE_FILL_AREA(#10168);
#8299=ORIENTED_EDGE('',*,*,#9604,.F.);
#8300=ORIENTED_EDGE('',*,*,#9592,.T.);
#8301=ORIENTED_EDGE('',*,*,#10167,.T.);
#8302=ORIENTED_EDGE('',*,*,#8454,.T.);
#8303=ORIENTED_EDGE('',*,*,#10169,.F.);
#8304=CARTESIAN_POINT('',(-2.02873269447188,0.752500529259084,-5.12996));
#8305=DIRECTION('',(-0.76604444311623,-0.642787609689814,-7.87187788738209E-17));
#8306=DIRECTION('',(-0.642787609689814,0.76604444311623,4.69066937633454E-17));
#8307=SURFACE_STYLE_FILL_AREA(#10170);
#8308=ORIENTED_EDGE('',*,*,#9605,.F.);
#8309=ORIENTED_EDGE('',*,*,#10169,.T.);
#8310=ORIENTED_EDGE('',*,*,#8461,.T.);
#8311=ORIENTED_EDGE('',*,*,#10171,.F.);
#8312=CARTESIAN_POINT('',(-1.69614021680953,0.589490823183766,-5.12996));
#8313=DIRECTION('',(0.64278760969309,-0.766044443113482,-9.38133875263542E-17));
#8314=DIRECTION('',(-8.11312025035746E-33,-1.22464679914735E-16,1.0));
#8315=SURFACE_STYLE_FILL_AREA(#10172);
#8316=ORIENTED_EDGE('',*,*,#8460,.T.);
#8317=ORIENTED_EDGE('',*,*,#8476,.F.);
#8318=ORIENTED_EDGE('',*,*,#9806,.F.);
#8319=ORIENTED_EDGE('',*,*,#10165,.T.);
#8320=ORIENTED_EDGE('',*,*,#9609,.T.);
#8321=ORIENTED_EDGE('',*,*,#10171,.T.);
#8322=CARTESIAN_POINT('',(-1.44061677517262,0.685908964636423,-5.12996));
#8323=DIRECTION('',(-0.0,-1.0,-1.22464679914735E-16));
#8324=DIRECTION('',(-1.0,0.0,0.0));
#8325=SURFACE_STYLE_FILL_AREA(#10173);
#8326=ORIENTED_EDGE('',*,*,#8441,.F.);
#8327=ORIENTED_EDGE('',*,*,#9629,.F.);
#8328=ORIENTED_EDGE('',*,*,#8436,.F.);
#8329=ORIENTED_EDGE('',*,*,#8445,.F.);
#8330=CARTESIAN_POINT('',(0.400000000004988,0.725,-4.23096));
#8331=DIRECTION('',(0.0,-1.22464679914735E-16,1.0));
#8332=DIRECTION('',(0.0,-1.0,-1.22464679914735E-16));
#8333=SURFACE_STYLE_FILL_AREA(#10174);
#8334=FACE_OUTER_BOUND('',#10175,.T.);
#8335=PLANE('',#10176);
#8336=FACE_OUTER_BOUND('',#10177,.T.);
#8337=PLANE('',#10178);
#8338=FACE_OUTER_BOUND('',#10179,.T.);
#8339=PLANE('',#10180);
#8340=FACE_OUTER_BOUND('',#10181,.T.);
#8341=PLANE('',#10182);
#8342=FACE_OUTER_BOUND('',#10183,.T.);
#8343=PLANE('',#10184);
#8344=FACE_OUTER_BOUND('',#10185,.T.);
#8345=CYLINDRICAL_SURFACE('',#10186,0.4);
#8346=FACE_OUTER_BOUND('',#10187,.T.);
#8347=PLANE('',#10188);
#8348=FACE_OUTER_BOUND('',#10189,.T.);
#8349=PLANE('',#10190);
#8350=FACE_OUTER_BOUND('',#10191,.T.);
#8351=CYLINDRICAL_SURFACE('',#10192,0.25);
#8352=FACE_OUTER_BOUND('',#10193,.T.);
#8353=PLANE('',#10194);
#8354=FACE_OUTER_BOUND('',#10195,.T.);
#8355=PLANE('',#10196);
#8356=FACE_OUTER_BOUND('',#10197,.T.);
#8357=PLANE('',#10198);
#8358=FACE_OUTER_BOUND('',#10199,.T.);
#8359=PLANE('',#10200);
#8360=FACE_OUTER_BOUND('',#10201,.T.);
#8361=PLANE('',#10202);
#8362=FACE_OUTER_BOUND('',#10203,.T.);
#8363=CYLINDRICAL_SURFACE('',#10204,0.4);
#8364=FACE_OUTER_BOUND('',#10205,.T.);
#8365=PLANE('',#10206);
#8366=FACE_OUTER_BOUND('',#10207,.T.);
#8367=PLANE('',#10208);
#8368=FACE_OUTER_BOUND('',#10209,.T.);
#8369=CYLINDRICAL_SURFACE('',#10210,0.25);
#8370=FACE_OUTER_BOUND('',#10211,.T.);
#8371=PLANE('',#10212);
#8372=FACE_OUTER_BOUND('',#10213,.T.);
#8373=PLANE('',#10214);
#8374=FACE_OUTER_BOUND('',#10215,.T.);
#8375=PLANE('',#10216);
#8376=FACE_OUTER_BOUND('',#10217,.T.);
#8377=PLANE('',#10218);
#8378=FACE_OUTER_BOUND('',#10219,.T.);
#8379=PLANE('',#10220);
#8380=FACE_OUTER_BOUND('',#10221,.T.);
#8381=CYLINDRICAL_SURFACE('',#10222,0.4);
#8382=FACE_OUTER_BOUND('',#10223,.T.);
#8383=PLANE('',#10224);
#8384=FACE_OUTER_BOUND('',#10225,.T.);
#8385=PLANE('',#10226);
#8386=FACE_OUTER_BOUND('',#10227,.T.);
#8387=CYLINDRICAL_SURFACE('',#10228,0.25);
#8388=FACE_OUTER_BOUND('',#10229,.T.);
#8389=PLANE('',#10230);
#8390=FACE_OUTER_BOUND('',#10231,.T.);
#8391=PLANE('',#10232);
#8392=FACE_OUTER_BOUND('',#10233,.T.);
#8393=PLANE('',#10234);
#8394=FACE_OUTER_BOUND('',#10235,.T.);
#8395=PLANE('',#10236);
#8396=FACE_OUTER_BOUND('',#10237,.T.);
#8397=PLANE('',#10238);
#8398=FACE_OUTER_BOUND('',#10239,.T.);
#8399=CYLINDRICAL_SURFACE('',#10240,0.4);
#8400=FACE_OUTER_BOUND('',#10241,.T.);
#8401=PLANE('',#10242);
#8402=FACE_OUTER_BOUND('',#10243,.T.);
#8403=PLANE('',#10244);
#8404=FACE_OUTER_BOUND('',#10245,.T.);
#8405=CYLINDRICAL_SURFACE('',#10246,0.25);
#8406=FACE_OUTER_BOUND('',#10247,.T.);
#8407=PLANE('',#10248);
#8408=FACE_OUTER_BOUND('',#10249,.T.);
#8409=PLANE('',#10250);
#8410=FACE_OUTER_BOUND('',#10251,.T.);
#8411=PLANE('',#10252);
#8412=FACE_OUTER_BOUND('',#10253,.T.);
#8413=PLANE('',#10254);
#8414=FACE_OUTER_BOUND('',#10255,.T.);
#8415=PLANE('',#10256);
#8416=FACE_OUTER_BOUND('',#10257,.T.);
#8417=CYLINDRICAL_SURFACE('',#10258,0.4);
#8418=FACE_OUTER_BOUND('',#10259,.T.);
#8419=PLANE('',#10260);
#8420=FACE_OUTER_BOUND('',#10261,.T.);
#8421=PLANE('',#10262);
#8422=FACE_OUTER_BOUND('',#10263,.T.);
#8423=CYLINDRICAL_SURFACE('',#10264,0.25);
#8424=FILL_AREA_STYLE('',(#10265));
#8425=EDGE_CURVE('',#10266,#10267,#10268,.T.);
#8426=EDGE_CURVE('',#10269,#10266,#10270,.T.);
#8427=EDGE_CURVE('',#10269,#10271,#10272,.T.);
#8428=EDGE_CURVE('',#10271,#10267,#10273,.T.);
#8429=FILL_AREA_STYLE('',(#10274));
#8430=EDGE_CURVE('',#10275,#10276,#10277,.T.);
#8431=EDGE_CURVE('',#10275,#10278,#10279,.T.);
#8432=EDGE_CURVE('',#10280,#10278,#10281,.T.);
#8433=EDGE_CURVE('',#10280,#10276,#10282,.T.);
#8434=FILL_AREA_STYLE('',(#10283));
#8435=EDGE_CURVE('',#10284,#10285,#10286,.T.);
#8436=EDGE_CURVE('',#10285,#10287,#10288,.T.);
#8437=EDGE_CURVE('',#10289,#10287,#10290,.T.);
#8438=EDGE_CURVE('',#10284,#10289,#10291,.T.);
#8439=FILL_AREA_STYLE('',(#10292));
#8440=EDGE_CURVE('',#10293,#10294,#10295,.T.);
#8441=EDGE_CURVE('',#10294,#10296,#10297,.T.);
#8442=EDGE_CURVE('',#10298,#10296,#10299,.T.);
#8443=EDGE_CURVE('',#10293,#10298,#10300,.T.);
#8444=FILL_AREA_STYLE('',(#10301));
#8445=EDGE_CURVE('',#10296,#10285,#10302,.T.);
#8446=EDGE_CURVE('',#10284,#10303,#10304,.T.);
#8447=EDGE_CURVE('',#10303,#10305,#10306,.T.);
#8448=EDGE_CURVE('',#10307,#10305,#10308,.T.);
#8449=EDGE_CURVE('',#10307,#10309,#10310,.T.);
#8450=EDGE_CURVE('',#10311,#10309,#10312,.T.);
#8451=EDGE_CURVE('',#10311,#10313,#10314,.T.);
#8452=EDGE_CURVE('',#10313,#10298,#10315,.T.);
#8453=FILL_AREA_STYLE('',(#10316));
#8454=EDGE_CURVE('',#10317,#10318,#10319,.T.);
#8455=EDGE_CURVE('',#10317,#10320,#10321,.T.);
#8456=EDGE_CURVE('',#10322,#10320,#10323,.T.);
#8457=EDGE_CURVE('',#10324,#10322,#10325,.F.);
#8458=EDGE_CURVE('',#10324,#10326,#10327,.T.);
#8459=EDGE_CURVE('',#10326,#10328,#10329,.T.);
#8460=EDGE_CURVE('',#10330,#10328,#10331,.T.);
#8461=EDGE_CURVE('',#10318,#10330,#10332,.T.);
#8462=FILL_AREA_STYLE('',(#10333));
#8463=EDGE_CURVE('',#10334,#10335,#10336,.T.);
#8464=EDGE_CURVE('',#10335,#10337,#10338,.T.);
#8465=EDGE_CURVE('',#10339,#10337,#10340,.T.);
#8466=EDGE_CURVE('',#10339,#10341,#10342,.T.);
#8467=EDGE_CURVE('',#10343,#10341,#10344,.F.);
#8468=EDGE_CURVE('',#10343,#10345,#10346,.T.);
#8469=EDGE_CURVE('',#10347,#10345,#10348,.T.);
#8470=EDGE_CURVE('',#10347,#10334,#10349,.T.);
#8471=FILL_AREA_STYLE('',(#10350));
#8472=EDGE_CURVE('',#10351,#10343,#10352,.T.);
#8473=EDGE_CURVE('',#10351,#10345,#10353,.T.);
#8474=FILL_AREA_STYLE('',(#10354));
#8475=EDGE_CURVE('',#10355,#10356,#10357,.T.);
#8476=EDGE_CURVE('',#10355,#10328,#10358,.T.);
#8477=EDGE_CURVE('',#10326,#10356,#10359,.T.);
#8478=FILL_AREA_STYLE('',(#10360));
#8479=EDGE_CURVE('',#10361,#10362,#10363,.T.);
#8480=EDGE_CURVE('',#10364,#10361,#10365,.T.);
#8481=EDGE_CURVE('',#10366,#10364,#10367,.T.);
#8482=EDGE_CURVE('',#10368,#10366,#10369,.T.);
#8483=EDGE_CURVE('',#10370,#10368,#10371,.T.);
#8484=EDGE_CURVE('',#10362,#10370,#10372,.T.);
#8485=FILL_AREA_STYLE('',(#10373));
#8486=EDGE_CURVE('',#10374,#10375,#10376,.T.);
#8487=EDGE_CURVE('',#10375,#10377,#10378,.T.);
#8488=EDGE_CURVE('',#10377,#10379,#10380,.T.);
#8489=EDGE_CURVE('',#10379,#10381,#10382,.T.);
#8490=EDGE_CURVE('',#10381,#10374,#10383,.T.);
#8491=FILL_AREA_STYLE('',(#10384));
#8492=EDGE_CURVE('',#10361,#10385,#10386,.T.);
#8493=EDGE_CURVE('',#10362,#10387,#10388,.T.);
#8494=EDGE_CURVE('',#10387,#10389,#10390,.T.);
#8495=EDGE_CURVE('',#10389,#10385,#10391,.T.);
#8496=FILL_AREA_STYLE('',(#10392));
#8497=EDGE_CURVE('',#10393,#10394,#10395,.F.);
#8498=EDGE_CURVE('',#10393,#10396,#10397,.T.);
#8499=EDGE_CURVE('',#10396,#10398,#10399,.T.);
#8500=EDGE_CURVE('',#10398,#10400,#10401,.T.);
#8501=EDGE_CURVE('',#10400,#10402,#10403,.T.);
#8502=EDGE_CURVE('',#10404,#10402,#10405,.T.);
#8503=EDGE_CURVE('',#10404,#10406,#10407,.T.);
#8504=EDGE_CURVE('',#10408,#10406,#10409,.T.);
#8505=EDGE_CURVE('',#10408,#10410,#10411,.T.);
#8506=EDGE_CURVE('',#10412,#10410,#10413,.T.);
#8507=EDGE_CURVE('',#10412,#10414,#10415,.T.);
#8508=EDGE_CURVE('',#10416,#10414,#10417,.T.);
#8509=EDGE_CURVE('',#10418,#10416,#10419,.T.);
#8510=EDGE_CURVE('',#10418,#10420,#10421,.T.);
#8511=EDGE_CURVE('',#10422,#10420,#10423,.T.);
#8512=EDGE_CURVE('',#10422,#10424,#10425,.T.);
#8513=EDGE_CURVE('',#10424,#10426,#10427,.T.);
#8514=EDGE_CURVE('',#10428,#10426,#10429,.T.);
#8515=EDGE_CURVE('',#10428,#10430,#10431,.T.);
#8516=EDGE_CURVE('',#10432,#10430,#10433,.T.);
#8517=EDGE_CURVE('',#10432,#10434,#10435,.T.);
#8518=EDGE_CURVE('',#10434,#10394,#10436,.T.);
#8519=EDGE_CURVE('',#10437,#10438,#10439,.T.);
#8520=EDGE_CURVE('',#10440,#10438,#10441,.T.);
#8521=EDGE_CURVE('',#10440,#10442,#10443,.T.);
#8522=EDGE_CURVE('',#10444,#10442,#10445,.T.);
#8523=EDGE_CURVE('',#10446,#10444,#10447,.T.);
#8524=EDGE_CURVE('',#10448,#10446,#10449,.T.);
#8525=EDGE_CURVE('',#10448,#10450,#10451,.T.);
#8526=EDGE_CURVE('',#10450,#10452,#10453,.T.);
#8527=EDGE_CURVE('',#10452,#10454,#10455,.T.);
#8528=EDGE_CURVE('',#10456,#10454,#10457,.T.);
#8529=EDGE_CURVE('',#10456,#10458,#10459,.T.);
#8530=EDGE_CURVE('',#10460,#10458,#10461,.T.);
#8531=EDGE_CURVE('',#10460,#10462,#10463,.T.);
#8532=EDGE_CURVE('',#10464,#10462,#10465,.T.);
#8533=EDGE_CURVE('',#10464,#10466,#10467,.T.);
#8534=EDGE_CURVE('',#10468,#10466,#10469,.T.);
#8535=EDGE_CURVE('',#10468,#10470,#10471,.T.);
#8536=EDGE_CURVE('',#10470,#10472,#10473,.T.);
#8537=EDGE_CURVE('',#10474,#10472,#10475,.T.);
#8538=EDGE_CURVE('',#10474,#10476,#10477,.T.);
#8539=EDGE_CURVE('',#10437,#10476,#10478,.T.);
#8540=EDGE_CURVE('',#10479,#10480,#10481,.T.);
#8541=EDGE_CURVE('',#10482,#10479,#10483,.T.);
#8542=EDGE_CURVE('',#10482,#10484,#10485,.T.);
#8543=EDGE_CURVE('',#10484,#10486,#10487,.T.);
#8544=EDGE_CURVE('',#10488,#10486,#10489,.T.);
#8545=EDGE_CURVE('',#10488,#10490,#10491,.T.);
#8546=EDGE_CURVE('',#10490,#10492,#10493,.T.);
#8547=EDGE_CURVE('',#10494,#10492,#10495,.T.);
#8548=EDGE_CURVE('',#10494,#10496,#10497,.T.);
#8549=EDGE_CURVE('',#10496,#10480,#10498,.T.);
#8550=FILL_AREA_STYLE('',(#10499));
#8551=EDGE_CURVE('',#10500,#10501,#10502,.F.);
#8552=EDGE_CURVE('',#10503,#10500,#10504,.F.);
#8553=EDGE_CURVE('',#10505,#10503,#10506,.F.);
#8554=EDGE_CURVE('',#10505,#10507,#10508,.T.);
#8555=EDGE_CURVE('',#10501,#10507,#10509,.T.);
#8556=FILL_AREA_STYLE('',(#10510));
#8557=EDGE_CURVE('',#10511,#10512,#10513,.T.);
#8558=EDGE_CURVE('',#10512,#10514,#10515,.T.);
#8559=EDGE_CURVE('',#10516,#10514,#10517,.T.);
#8560=EDGE_CURVE('',#10518,#10516,#10519,.T.);
#8561=EDGE_CURVE('',#10520,#10518,#10521,.T.);
#8562=EDGE_CURVE('',#10520,#10522,#10523,.T.);
#8563=EDGE_CURVE('',#10524,#10522,#10525,.T.);
#8564=EDGE_CURVE('',#10524,#10526,#10527,.T.);
#8565=EDGE_CURVE('',#10528,#10526,#10529,.T.);
#8566=EDGE_CURVE('',#10530,#10528,#10531,.T.);
#8567=EDGE_CURVE('',#10511,#10530,#10532,.T.);
#8568=FILL_AREA_STYLE('',(#10533));
#8569=EDGE_CURVE('',#10512,#10534,#10535,.F.);
#8570=EDGE_CURVE('',#10511,#10536,#10537,.T.);
#8571=EDGE_CURVE('',#10536,#10534,#10538,.T.);
#8572=FILL_AREA_STYLE('',(#10539));
#8573=EDGE_CURVE('',#10540,#10541,#10542,.T.);
#8574=EDGE_CURVE('',#10540,#10534,#10543,.T.);
#8575=EDGE_CURVE('',#10536,#10544,#10545,.T.);
#8576=EDGE_CURVE('',#10544,#10546,#10547,.T.);
#8577=EDGE_CURVE('',#10548,#10546,#10549,.T.);
#8578=EDGE_CURVE('',#10541,#10548,#10550,.T.);
#8579=FILL_AREA_STYLE('',(#10551));
#8580=EDGE_CURVE('',#10552,#10553,#10554,.T.);
#8581=EDGE_CURVE('',#10552,#10555,#10556,.T.);
#8582=EDGE_CURVE('',#10555,#10557,#10558,.T.);
#8583=EDGE_CURVE('',#10559,#10557,#10560,.T.);
#8584=EDGE_CURVE('',#10559,#10561,#10562,.T.);
#8585=EDGE_CURVE('',#10553,#10561,#10563,.T.);
#8586=FILL_AREA_STYLE('',(#10564));
#8587=EDGE_CURVE('',#10565,#10566,#10567,.T.);
#8588=EDGE_CURVE('',#10565,#10568,#10569,.T.);
#8589=EDGE_CURVE('',#10568,#10570,#10571,.T.);
#8590=EDGE_CURVE('',#10572,#10570,#10573,.T.);
#8591=EDGE_CURVE('',#10572,#10574,#10575,.T.);
#8592=EDGE_CURVE('',#10576,#10574,#10577,.T.);
#8593=EDGE_CURVE('',#10576,#10566,#10578,.T.);
#8594=FILL_AREA_STYLE('',(#10579));
#8595=EDGE_CURVE('',#10580,#10581,#10582,.T.);
#8596=EDGE_CURVE('',#10580,#10583,#10584,.T.);
#8597=EDGE_CURVE('',#10583,#10585,#10586,.T.);
#8598=EDGE_CURVE('',#10585,#10587,#10588,.T.);
#8599=EDGE_CURVE('',#10587,#10589,#10590,.F.);
#8600=EDGE_CURVE('',#10589,#10591,#10592,.T.);
#8601=EDGE_CURVE('',#10593,#10591,#10594,.T.);
#8602=EDGE_CURVE('',#10593,#10581,#10595,.T.);
#8603=FILL_AREA_STYLE('',(#10596));
#8604=EDGE_CURVE('',#10597,#10598,#10599,.F.);
#8605=EDGE_CURVE('',#10566,#10597,#10600,.F.);
#8606=EDGE_CURVE('',#10601,#10576,#10602,.T.);
#8607=EDGE_CURVE('',#10601,#10598,#10603,.T.);
#8608=FILL_AREA_STYLE('',(#10604));
#8609=EDGE_CURVE('',#10501,#10605,#10606,.T.);
#8610=EDGE_CURVE('',#10607,#10507,#10608,.T.);
#8611=EDGE_CURVE('',#10605,#10607,#10609,.T.);
#8612=FILL_AREA_STYLE('',(#10610));
#8613=EDGE_CURVE('',#10611,#10612,#10613,.T.);
#8614=EDGE_CURVE('',#10611,#10614,#10615,.T.);
#8615=EDGE_CURVE('',#10616,#10614,#10617,.T.);
#8616=EDGE_CURVE('',#10618,#10616,#10619,.T.);
#8617=EDGE_CURVE('',#10620,#10618,#10621,.T.);
#8618=EDGE_CURVE('',#10620,#10622,#10623,.T.);
#8619=EDGE_CURVE('',#10622,#10612,#10624,.T.);
#8620=FILL_AREA_STYLE('',(#10625));
#8621=EDGE_CURVE('',#10598,#10626,#10627,.T.);
#8622=EDGE_CURVE('',#10628,#10601,#10629,.T.);
#8623=EDGE_CURVE('',#10628,#10626,#10630,.T.);
#8624=FILL_AREA_STYLE('',(#10631));
#8625=EDGE_CURVE('',#10605,#10632,#10633,.F.);
#8626=EDGE_CURVE('',#10607,#10614,#10634,.T.);
#8627=EDGE_CURVE('',#10632,#10611,#10635,.F.);
#8628=FILL_AREA_STYLE('',(#10636));
#8629=EDGE_CURVE('',#10626,#10637,#10638,.F.);
#8630=EDGE_CURVE('',#10639,#10628,#10640,.T.);
#8631=EDGE_CURVE('',#10639,#10641,#10642,.T.);
#8632=EDGE_CURVE('',#10637,#10641,#10643,.F.);
#8633=FILL_AREA_STYLE('',(#10644));
#8634=EDGE_CURVE('',#10645,#10646,#10647,.T.);
#8635=EDGE_CURVE('',#10648,#10645,#10649,.T.);
#8636=EDGE_CURVE('',#10650,#10648,#10651,.T.);
#8637=EDGE_CURVE('',#10646,#10650,#10652,.T.);
#8638=FILL_AREA_STYLE('',(#10653));
#8639=EDGE_CURVE('',#10654,#10655,#10656,.T.);
#8640=EDGE_CURVE('',#10657,#10654,#10658,.T.);
#8641=EDGE_CURVE('',#10659,#10657,#10660,.T.);
#8642=EDGE_CURVE('',#10655,#10659,#10661,.T.);
#8643=FILL_AREA_STYLE('',(#10662));
#8644=EDGE_CURVE('',#10663,#10664,#10665,.T.);
#8645=EDGE_CURVE('',#10666,#10663,#10667,.T.);
#8646=EDGE_CURVE('',#10668,#10666,#10669,.T.);
#8647=EDGE_CURVE('',#10664,#10668,#10670,.T.);
#8648=FILL_AREA_STYLE('',(#10671));
#8649=EDGE_CURVE('',#10672,#10673,#10674,.T.);
#8650=EDGE_CURVE('',#10675,#10672,#10676,.T.);
#8651=EDGE_CURVE('',#10677,#10675,#10678,.T.);
#8652=EDGE_CURVE('',#10673,#10677,#10679,.T.);
#8653=FILL_AREA_STYLE('',(#10680));
#8654=EDGE_CURVE('',#10681,#10682,#10683,.T.);
#8655=EDGE_CURVE('',#10682,#10648,#10684,.T.);
#8656=EDGE_CURVE('',#10681,#10645,#10685,.T.);
#8657=FILL_AREA_STYLE('',(#10686));
#8658=EDGE_CURVE('',#10687,#10688,#10689,.T.);
#8659=EDGE_CURVE('',#10688,#10657,#10690,.T.);
#8660=EDGE_CURVE('',#10687,#10654,#10691,.T.);
#8661=FILL_AREA_STYLE('',(#10692));
#8662=EDGE_CURVE('',#10693,#10694,#10695,.T.);
#8663=EDGE_CURVE('',#10694,#10666,#10696,.T.);
#8664=EDGE_CURVE('',#10693,#10663,#10697,.T.);
#8665=FILL_AREA_STYLE('',(#10698));
#8666=EDGE_CURVE('',#10699,#10700,#10701,.T.);
#8667=EDGE_CURVE('',#10700,#10675,#10702,.T.);
#8668=EDGE_CURVE('',#10699,#10672,#10703,.T.);
#8669=FILL_AREA_STYLE('',(#10704));
#8670=EDGE_CURVE('',#10673,#10705,#10706,.T.);
#8671=EDGE_CURVE('',#10705,#10707,#10708,.T.);
#8672=EDGE_CURVE('',#10707,#10709,#10710,.T.);
#8673=EDGE_CURVE('',#10659,#10709,#10711,.T.);
#8674=EDGE_CURVE('',#10688,#10699,#10712,.T.);
#8675=FILL_AREA_STYLE('',(#10713));
#8676=EDGE_CURVE('',#10714,#10677,#10715,.T.);
#8677=EDGE_CURVE('',#10700,#10687,#10716,.T.);
#8678=EDGE_CURVE('',#10717,#10655,#10718,.T.);
#8679=EDGE_CURVE('',#10717,#10714,#10719,.T.);
#8680=FILL_AREA_STYLE('',(#10720));
#8681=EDGE_CURVE('',#10664,#10721,#10722,.T.);
#8682=EDGE_CURVE('',#10721,#10723,#10724,.T.);
#8683=EDGE_CURVE('',#10650,#10723,#10725,.T.);
#8684=EDGE_CURVE('',#10682,#10693,#10726,.T.);
#8685=FILL_AREA_STYLE('',(#10727));
#8686=EDGE_CURVE('',#10728,#10668,#10729,.T.);
#8687=EDGE_CURVE('',#10694,#10681,#10730,.T.);
#8688=EDGE_CURVE('',#10731,#10646,#10732,.T.);
#8689=EDGE_CURVE('',#10733,#10731,#10734,.T.);
#8690=EDGE_CURVE('',#10733,#10728,#10735,.T.);
#8691=FILL_AREA_STYLE('',(#10736));
#8692=EDGE_CURVE('',#10737,#10738,#10739,.T.);
#8693=EDGE_CURVE('',#10738,#10740,#10741,.T.);
#8694=EDGE_CURVE('',#10742,#10740,#10743,.T.);
#8695=EDGE_CURVE('',#10737,#10742,#10744,.T.);
#8696=FILL_AREA_STYLE('',(#10745));
#8697=EDGE_CURVE('',#10746,#10747,#10748,.T.);
#8698=EDGE_CURVE('',#10749,#10747,#10750,.T.);
#8699=EDGE_CURVE('',#10751,#10749,#10752,.T.);
#8700=EDGE_CURVE('',#10751,#10746,#10753,.T.);
#8701=FILL_AREA_STYLE('',(#10754));
#8702=EDGE_CURVE('',#10755,#10526,#10756,.T.);
#8703=EDGE_CURVE('',#10755,#10757,#10758,.T.);
#8704=EDGE_CURVE('',#10757,#10759,#10760,.T.);
#8705=EDGE_CURVE('',#10526,#10759,#10761,.F.);
#8706=FILL_AREA_STYLE('',(#10762));
#8707=EDGE_CURVE('',#10763,#10759,#10764,.T.);
#8708=EDGE_CURVE('',#10528,#10763,#10765,.T.);
#8709=FILL_AREA_STYLE('',(#10766));
#8710=EDGE_CURVE('',#10767,#10763,#10768,.T.);
#8711=EDGE_CURVE('',#10530,#10767,#10769,.T.);
#8712=FILL_AREA_STYLE('',(#10770));
#8713=EDGE_CURVE('',#10771,#10767,#10772,.T.);
#8714=EDGE_CURVE('',#10771,#10511,#10773,.T.);
#8715=FILL_AREA_STYLE('',(#10774));
#8716=EDGE_CURVE('',#10771,#10775,#10776,.T.);
#8717=EDGE_CURVE('',#10536,#10775,#10777,.T.);
#8718=FILL_AREA_STYLE('',(#10778));
#8719=EDGE_CURVE('',#10775,#10779,#10780,.T.);
#8720=EDGE_CURVE('',#10544,#10779,#10781,.T.);
#8721=FILL_AREA_STYLE('',(#10782));
#8722=EDGE_CURVE('',#10544,#10783,#10784,.T.);
#8723=EDGE_CURVE('',#10779,#10785,#10786,.T.);
#8724=EDGE_CURVE('',#10783,#10785,#10787,.T.);
#8725=FILL_AREA_STYLE('',(#10788));
#8726=EDGE_CURVE('',#10789,#10790,#10791,.T.);
#8727=EDGE_CURVE('',#10790,#10792,#10793,.T.);
#8728=EDGE_CURVE('',#10794,#10792,#10795,.T.);
#8729=EDGE_CURVE('',#10789,#10794,#10796,.T.);
#8730=FILL_AREA_STYLE('',(#10797));
#8731=EDGE_CURVE('',#10792,#10798,#10799,.T.);
#8732=EDGE_CURVE('',#10790,#10800,#10801,.T.);
#8733=EDGE_CURVE('',#10800,#10798,#10802,.T.);
#8734=FILL_AREA_STYLE('',(#10803));
#8735=EDGE_CURVE('',#10800,#10804,#10805,.T.);
#8736=EDGE_CURVE('',#10806,#10804,#10807,.T.);
#8737=EDGE_CURVE('',#10798,#10806,#10808,.T.);
#8738=FILL_AREA_STYLE('',(#10809));
#8739=EDGE_CURVE('',#10810,#10804,#10811,.T.);
#8740=EDGE_CURVE('',#10812,#10810,#10813,.T.);
#8741=EDGE_CURVE('',#10812,#10806,#10814,.T.);
#8742=FILL_AREA_STYLE('',(#10815));
#8743=EDGE_CURVE('',#10812,#10816,#10817,.T.);
#8744=EDGE_CURVE('',#10810,#10818,#10819,.T.);
#8745=EDGE_CURVE('',#10816,#10818,#10820,.F.);
#8746=FILL_AREA_STYLE('',(#10821));
#8747=EDGE_CURVE('',#10822,#10818,#10823,.T.);
#8748=EDGE_CURVE('',#10822,#10824,#10825,.T.);
#8749=EDGE_CURVE('',#10824,#10816,#10826,.T.);
#8750=FILL_AREA_STYLE('',(#10827));
#8751=EDGE_CURVE('',#10828,#10822,#10829,.T.);
#8752=EDGE_CURVE('',#10830,#10828,#10831,.T.);
#8753=EDGE_CURVE('',#10830,#10824,#10832,.T.);
#8754=FILL_AREA_STYLE('',(#10833));
#8755=EDGE_CURVE('',#10834,#10828,#10835,.T.);
#8756=EDGE_CURVE('',#10834,#10836,#10837,.T.);
#8757=EDGE_CURVE('',#10836,#10830,#10838,.T.);
#8758=FILL_AREA_STYLE('',(#10839));
#8759=EDGE_CURVE('',#10840,#10746,#10841,.T.);
#8760=EDGE_CURVE('',#10842,#10840,#10843,.T.);
#8761=EDGE_CURVE('',#10844,#10842,#10845,.T.);
#8762=EDGE_CURVE('',#10844,#10846,#10847,.T.);
#8763=EDGE_CURVE('',#10848,#10846,#10849,.T.);
#8764=EDGE_CURVE('',#10848,#10850,#10851,.T.);
#8765=EDGE_CURVE('',#10747,#10850,#10852,.T.);
#8766=FILL_AREA_STYLE('',(#10853));
#8767=EDGE_CURVE('',#10854,#10855,#10856,.T.);
#8768=EDGE_CURVE('',#10854,#10857,#10858,.T.);
#8769=EDGE_CURVE('',#10857,#10859,#10860,.T.);
#8770=EDGE_CURVE('',#10861,#10859,#10862,.T.);
#8771=EDGE_CURVE('',#10863,#10861,#10864,.T.);
#8772=EDGE_CURVE('',#10863,#10855,#10865,.T.);
#8773=FILL_AREA_STYLE('',(#10866));
#8774=EDGE_CURVE('',#10740,#10867,#10868,.T.);
#8775=EDGE_CURVE('',#10867,#10869,#10870,.T.);
#8776=EDGE_CURVE('',#10871,#10869,#10872,.T.);
#8777=EDGE_CURVE('',#10873,#10871,#10874,.T.);
#8778=EDGE_CURVE('',#10873,#10742,#10875,.T.);
#8779=FILL_AREA_STYLE('',(#10876));
#8780=EDGE_CURVE('',#10877,#10878,#10879,.T.);
#8781=EDGE_CURVE('',#10877,#10880,#10881,.T.);
#8782=EDGE_CURVE('',#10880,#10882,#10883,.T.);
#8783=EDGE_CURVE('',#10878,#10882,#10884,.T.);
#8784=FILL_AREA_STYLE('',(#10885));
#8785=EDGE_CURVE('',#10842,#10886,#10887,.T.);
#8786=EDGE_CURVE('',#10840,#10888,#10889,.T.);
#8787=EDGE_CURVE('',#10886,#10888,#10890,.T.);
#8788=FILL_AREA_STYLE('',(#10891));
#8789=EDGE_CURVE('',#10863,#10867,#10892,.T.);
#8790=EDGE_CURVE('',#10861,#10869,#10893,.T.);
#8791=FILL_AREA_STYLE('',(#10894));
#8792=EDGE_CURVE('',#10873,#10857,#10895,.T.);
#8793=EDGE_CURVE('',#10871,#10859,#10896,.T.);
#8794=FILL_AREA_STYLE('',(#10897));
#8795=EDGE_CURVE('',#10767,#10898,#10899,.T.);
#8796=EDGE_CURVE('',#10898,#10900,#10901,.T.);
#8797=EDGE_CURVE('',#10900,#10902,#10903,.T.);
#8798=EDGE_CURVE('',#10771,#10902,#10904,.T.);
#8799=FILL_AREA_STYLE('',(#10905));
#8800=EDGE_CURVE('',#10759,#10906,#10907,.T.);
#8801=EDGE_CURVE('',#10906,#10908,#10909,.T.);
#8802=EDGE_CURVE('',#10908,#10910,#10911,.T.);
#8803=EDGE_CURVE('',#10763,#10910,#10912,.T.);
#8804=FILL_AREA_STYLE('',(#10913));
#8805=EDGE_CURVE('',#10898,#10910,#10914,.T.);
#8806=FILL_AREA_STYLE('',(#10915));
#8807=EDGE_CURVE('',#10916,#10917,#10918,.T.);
#8808=EDGE_CURVE('',#10917,#10919,#10920,.T.);
#8809=EDGE_CURVE('',#10919,#10816,#10921,.T.);
#8810=EDGE_CURVE('',#10922,#10836,#10923,.T.);
#8811=EDGE_CURVE('',#10924,#10922,#10925,.T.);
#8812=EDGE_CURVE('',#10926,#10924,#10927,.T.);
#8813=EDGE_CURVE('',#10926,#10916,#10928,.T.);
#8814=FILL_AREA_STYLE('',(#10929));
#8815=EDGE_CURVE('',#10930,#10902,#10931,.T.);
#8816=EDGE_CURVE('',#10932,#10930,#10933,.T.);
#8817=EDGE_CURVE('',#10934,#10932,#10935,.T.);
#8818=EDGE_CURVE('',#10280,#10934,#10936,.T.);
#8819=EDGE_CURVE('',#10785,#10278,#10937,.T.);
#8820=FILL_AREA_STYLE('',(#10938));
#8821=EDGE_CURVE('',#10939,#10798,#10940,.T.);
#8822=EDGE_CURVE('',#10941,#10939,#10942,.T.);
#8823=EDGE_CURVE('',#10941,#10943,#10944,.T.);
#8824=EDGE_CURVE('',#10945,#10943,#10946,.T.);
#8825=EDGE_CURVE('',#10945,#10947,#10948,.T.);
#8826=EDGE_CURVE('',#10947,#10949,#10950,.T.);
#8827=EDGE_CURVE('',#10949,#10951,#10952,.T.);
#8828=EDGE_CURVE('',#10951,#10794,#10953,.T.);
#8829=FILL_AREA_STYLE('',(#10954));
#8830=EDGE_CURVE('',#10464,#10955,#10956,.T.);
#8831=EDGE_CURVE('',#10957,#10955,#10958,.T.);
#8832=EDGE_CURVE('',#10957,#10466,#10959,.T.);
#8833=FILL_AREA_STYLE('',(#10960));
#8834=EDGE_CURVE('',#10476,#10961,#10962,.T.);
#8835=EDGE_CURVE('',#10961,#10963,#10964,.T.);
#8836=EDGE_CURVE('',#10437,#10963,#10965,.T.);
#8837=FILL_AREA_STYLE('',(#10966));
#8838=EDGE_CURVE('',#10967,#10968,#10969,.T.);
#8839=EDGE_CURVE('',#10970,#10967,#10971,.T.);
#8840=EDGE_CURVE('',#10972,#10970,#10973,.T.);
#8841=EDGE_CURVE('',#10972,#10968,#10974,.T.);
#8842=FILL_AREA_STYLE('',(#10975));
#8843=EDGE_CURVE('',#10976,#10472,#10977,.T.);
#8844=EDGE_CURVE('',#10976,#10978,#10979,.T.);
#8845=EDGE_CURVE('',#10474,#10978,#10980,.T.);
#8846=FILL_AREA_STYLE('',(#10981));
#8847=EDGE_CURVE('',#10982,#10957,#10983,.T.);
#8848=EDGE_CURVE('',#10982,#10468,#10984,.T.);
#8849=FILL_AREA_STYLE('',(#10985));
#8850=EDGE_CURVE('',#10986,#10470,#10987,.T.);
#8851=EDGE_CURVE('',#10986,#10982,#10988,.T.);
#8852=FILL_AREA_STYLE('',(#10989));
#8853=EDGE_CURVE('',#10986,#10976,#10990,.T.);
#8854=FILL_AREA_STYLE('',(#10991));
#8855=EDGE_CURVE('',#10978,#10961,#10992,.T.);
#8856=FILL_AREA_STYLE('',(#10993));
#8857=EDGE_CURVE('',#10963,#10994,#10995,.T.);
#8858=EDGE_CURVE('',#10438,#10994,#10996,.T.);
#8859=FILL_AREA_STYLE('',(#10997));
#8860=EDGE_CURVE('',#10955,#10998,#10999,.T.);
#8861=EDGE_CURVE('',#10462,#10998,#11000,.T.);
#8862=FILL_AREA_STYLE('',(#11001));
#8863=EDGE_CURVE('',#11002,#11003,#11004,.T.);
#8864=EDGE_CURVE('',#11002,#11005,#11006,.T.);
#8865=EDGE_CURVE('',#11005,#11007,#11008,.T.);
#8866=EDGE_CURVE('',#11003,#11007,#11009,.T.);
#8867=FILL_AREA_STYLE('',(#11010));
#8868=EDGE_CURVE('',#10783,#11011,#11012,.T.);
#8869=EDGE_CURVE('',#11011,#10546,#11013,.T.);
#8870=FILL_AREA_STYLE('',(#11014));
#8871=EDGE_CURVE('',#11015,#10738,#11016,.T.);
#8872=EDGE_CURVE('',#11015,#11017,#11018,.T.);
#8873=EDGE_CURVE('',#11019,#11017,#11020,.T.);
#8874=EDGE_CURVE('',#11019,#10855,#11021,.T.);
#8875=FILL_AREA_STYLE('',(#11022));
#8876=EDGE_CURVE('',#10900,#11023,#11024,.T.);
#8877=EDGE_CURVE('',#11025,#11023,#11026,.T.);
#8878=EDGE_CURVE('',#10930,#11025,#11027,.T.);
#8879=FILL_AREA_STYLE('',(#11028));
#8880=EDGE_CURVE('',#11029,#10790,#11030,.T.);
#8881=EDGE_CURVE('',#11029,#11031,#11032,.T.);
#8882=EDGE_CURVE('',#11031,#10800,#11033,.T.);
#8883=FILL_AREA_STYLE('',(#11034));
#8884=EDGE_CURVE('',#11035,#11036,#11037,.T.);
#8885=EDGE_CURVE('',#11038,#11035,#11039,.T.);
#8886=EDGE_CURVE('',#11038,#11040,#11041,.T.);
#8887=EDGE_CURVE('',#11040,#11036,#11042,.T.);
#8888=FILL_AREA_STYLE('',(#11043));
#8889=EDGE_CURVE('',#11044,#11045,#11046,.T.);
#8890=EDGE_CURVE('',#11044,#11047,#11048,.T.);
#8891=EDGE_CURVE('',#11047,#11049,#11050,.T.);
#8892=EDGE_CURVE('',#10932,#11049,#11051,.T.);
#8893=EDGE_CURVE('',#11025,#11045,#11052,.T.);
#8894=FILL_AREA_STYLE('',(#11053));
#8895=EDGE_CURVE('',#11054,#11055,#11056,.T.);
#8896=EDGE_CURVE('',#11057,#11055,#11058,.T.);
#8897=EDGE_CURVE('',#11057,#11059,#11060,.T.);
#8898=EDGE_CURVE('',#11059,#11061,#11062,.T.);
#8899=EDGE_CURVE('',#11061,#11054,#11063,.T.);
#8900=FILL_AREA_STYLE('',(#11064));
#8901=EDGE_CURVE('',#11065,#11066,#11067,.T.);
#8902=EDGE_CURVE('',#11066,#11068,#11069,.T.);
#8903=EDGE_CURVE('',#10818,#11068,#11070,.T.);
#8904=EDGE_CURVE('',#11071,#11031,#11072,.T.);
#8905=EDGE_CURVE('',#11073,#11071,#11074,.T.);
#8906=EDGE_CURVE('',#11075,#11073,#11076,.T.);
#8907=EDGE_CURVE('',#11065,#11075,#11077,.T.);
#8908=FILL_AREA_STYLE('',(#11078));
#8909=EDGE_CURVE('',#11073,#11079,#11080,.T.);
#8910=EDGE_CURVE('',#11038,#11079,#11081,.T.);
#8911=EDGE_CURVE('',#10492,#11035,#11082,.T.);
#8912=EDGE_CURVE('',#11075,#10492,#11083,.T.);
#8913=FILL_AREA_STYLE('',(#11084));
#8914=EDGE_CURVE('',#11085,#11086,#11087,.T.);
#8915=EDGE_CURVE('',#11085,#11079,#11088,.T.);
#8916=EDGE_CURVE('',#11089,#11073,#11090,.T.);
#8917=EDGE_CURVE('',#11089,#11086,#11091,.T.);
#8918=FILL_AREA_STYLE('',(#11092));
#8919=EDGE_CURVE('',#11093,#11094,#11095,.T.);
#8920=EDGE_CURVE('',#11096,#11094,#11097,.T.);
#8921=EDGE_CURVE('',#11096,#11098,#11099,.T.);
#8922=EDGE_CURVE('',#11098,#11086,#11100,.T.);
#8923=EDGE_CURVE('',#11093,#11089,#11101,.T.);
#8924=FILL_AREA_STYLE('',(#11102));
#8925=EDGE_CURVE('',#11103,#11104,#11105,.T.);
#8926=EDGE_CURVE('',#11104,#11106,#11107,.T.);
#8927=EDGE_CURVE('',#11108,#11106,#11109,.T.);
#8928=EDGE_CURVE('',#11103,#11108,#11110,.T.);
#8929=FILL_AREA_STYLE('',(#11111));
#8930=EDGE_CURVE('',#11112,#11113,#11114,.T.);
#8931=EDGE_CURVE('',#11113,#10561,#11115,.T.);
#8932=EDGE_CURVE('',#11112,#10559,#11116,.T.);
#8933=FILL_AREA_STYLE('',(#11117));
#8934=EDGE_CURVE('',#11118,#11119,#11120,.T.);
#8935=EDGE_CURVE('',#11113,#11118,#11121,.T.);
#8936=EDGE_CURVE('',#11119,#11112,#11122,.T.);
#8937=FILL_AREA_STYLE('',(#11123));
#8938=EDGE_CURVE('',#11124,#11125,#11126,.T.);
#8939=EDGE_CURVE('',#11127,#11124,#11128,.T.);
#8940=EDGE_CURVE('',#11129,#11127,#11130,.T.);
#8941=EDGE_CURVE('',#11129,#11125,#11131,.T.);
#8942=FILL_AREA_STYLE('',(#11132));
#8943=EDGE_CURVE('',#11133,#11134,#11135,.T.);
#8944=EDGE_CURVE('',#11134,#11136,#11137,.T.);
#8945=EDGE_CURVE('',#11138,#11136,#11139,.T.);
#8946=EDGE_CURVE('',#11133,#11138,#11140,.T.);
#8947=FILL_AREA_STYLE('',(#11141));
#8948=EDGE_CURVE('',#10404,#11142,#11143,.T.);
#8949=EDGE_CURVE('',#11144,#11142,#11145,.T.);
#8950=EDGE_CURVE('',#10406,#11144,#11146,.T.);
#8951=FILL_AREA_STYLE('',(#11147));
#8952=EDGE_CURVE('',#10402,#11148,#11149,.T.);
#8953=EDGE_CURVE('',#11142,#11148,#11150,.T.);
#8954=FILL_AREA_STYLE('',(#11151));
#8955=EDGE_CURVE('',#10400,#11152,#11153,.T.);
#8956=EDGE_CURVE('',#11148,#11152,#11154,.T.);
#8957=FILL_AREA_STYLE('',(#11155));
#8958=EDGE_CURVE('',#10398,#11156,#11157,.T.);
#8959=EDGE_CURVE('',#11156,#11055,#11158,.T.);
#8960=EDGE_CURVE('',#11152,#11055,#11159,.T.);
#8961=FILL_AREA_STYLE('',(#11160));
#8962=EDGE_CURVE('',#10850,#11161,#11162,.T.);
#8963=EDGE_CURVE('',#11161,#10878,#11163,.T.);
#8964=EDGE_CURVE('',#10749,#10882,#11164,.T.);
#8965=FILL_AREA_STYLE('',(#11165));
#8966=EDGE_CURVE('',#11166,#11167,#11168,.T.);
#8967=EDGE_CURVE('',#11166,#11169,#11170,.T.);
#8968=EDGE_CURVE('',#11169,#11171,#11172,.T.);
#8969=EDGE_CURVE('',#11167,#11171,#11173,.T.);
#8970=FILL_AREA_STYLE('',(#11174));
#8971=EDGE_CURVE('',#11175,#11176,#11177,.T.);
#8972=EDGE_CURVE('',#11175,#11178,#11179,.T.);
#8973=EDGE_CURVE('',#11178,#11180,#11181,.T.);
#8974=EDGE_CURVE('',#11176,#11180,#11182,.T.);
#8975=FILL_AREA_STYLE('',(#11183));
#8976=EDGE_CURVE('',#11184,#11071,#11185,.T.);
#8977=EDGE_CURVE('',#11184,#11186,#11187,.T.);
#8978=EDGE_CURVE('',#11094,#11186,#11188,.T.);
#8979=EDGE_CURVE('',#11093,#11071,#11189,.T.);
#8980=FILL_AREA_STYLE('',(#11190));
#8981=FILL_AREA_STYLE('',(#11191));
#8982=EDGE_CURVE('',#11184,#11079,#11192,.T.);
#8983=EDGE_CURVE('',#11193,#11085,#11194,.T.);
#8984=EDGE_CURVE('',#11193,#11195,#11196,.T.);
#8985=EDGE_CURVE('',#11195,#11186,#11197,.T.);
#8986=FILL_AREA_STYLE('',(#11198));
#8987=EDGE_CURVE('',#11176,#11199,#11200,.T.);
#8988=EDGE_CURVE('',#11199,#10492,#11201,.T.);
#8989=EDGE_CURVE('',#11175,#11035,#11202,.T.);
#8990=FILL_AREA_STYLE('',(#11203));
#8991=EDGE_CURVE('',#11096,#11195,#11204,.T.);
#8992=FILL_AREA_STYLE('',(#11205));
#8993=EDGE_CURVE('',#11206,#10524,#11207,.T.);
#8994=EDGE_CURVE('',#11206,#10755,#11208,.T.);
#8995=FILL_AREA_STYLE('',(#11209));
#8996=EDGE_CURVE('',#11044,#11210,#11211,.T.);
#8997=EDGE_CURVE('',#11045,#11212,#11213,.T.);
#8998=EDGE_CURVE('',#11210,#11212,#11214,.T.);
#8999=FILL_AREA_STYLE('',(#11215));
#9000=EDGE_CURVE('',#10755,#11216,#11217,.T.);
#9001=EDGE_CURVE('',#11218,#11206,#11219,.T.);
#9002=EDGE_CURVE('',#11218,#11216,#11220,.T.);
#9003=FILL_AREA_STYLE('',(#11221));
#9004=EDGE_CURVE('',#11222,#11223,#11224,.T.);
#9005=EDGE_CURVE('',#11223,#11225,#11226,.T.);
#9006=EDGE_CURVE('',#11227,#11225,#11228,.T.);
#9007=EDGE_CURVE('',#11222,#11227,#11229,.T.);
#9008=FILL_AREA_STYLE('',(#11230));
#9009=EDGE_CURVE('',#11231,#11232,#11233,.T.);
#9010=EDGE_CURVE('',#11234,#11232,#11235,.T.);
#9011=EDGE_CURVE('',#11236,#11234,#11237,.T.);
#9012=EDGE_CURVE('',#11236,#11231,#11238,.T.);
#9013=FILL_AREA_STYLE('',(#11239));
#9014=EDGE_CURVE('',#11234,#11240,#11241,.T.);
#9015=EDGE_CURVE('',#11242,#11240,#11243,.T.);
#9016=EDGE_CURVE('',#11236,#11242,#11244,.T.);
#9017=FILL_AREA_STYLE('',(#11245));
#9018=EDGE_CURVE('',#11240,#11246,#11247,.T.);
#9019=EDGE_CURVE('',#11248,#11246,#11249,.T.);
#9020=EDGE_CURVE('',#11242,#11248,#11250,.T.);
#9021=FILL_AREA_STYLE('',(#11251));
#9022=EDGE_CURVE('',#10848,#11252,#11253,.T.);
#9023=EDGE_CURVE('',#10846,#10947,#11254,.T.);
#9024=EDGE_CURVE('',#11255,#10945,#11256,.T.);
#9025=EDGE_CURVE('',#11255,#11257,#11258,.T.);
#9026=EDGE_CURVE('',#11259,#11257,#11260,.T.);
#9027=EDGE_CURVE('',#11261,#11259,#11262,.T.);
#9028=EDGE_CURVE('',#11263,#11261,#11264,.T.);
#9029=EDGE_CURVE('',#11265,#11263,#11266,.T.);
#9030=EDGE_CURVE('',#11267,#11265,#11268,.T.);
#9031=EDGE_CURVE('',#11269,#11267,#11270,.T.);
#9032=EDGE_CURVE('',#11271,#11269,#11272,.T.);
#9033=EDGE_CURVE('',#11273,#11271,#11274,.T.);
#9034=EDGE_CURVE('',#11275,#11273,#11276,.T.);
#9035=EDGE_CURVE('',#11277,#11275,#11278,.T.);
#9036=EDGE_CURVE('',#11277,#11279,#11280,.T.);
#9037=EDGE_CURVE('',#11281,#11279,#11282,.T.);
#9038=EDGE_CURVE('',#11281,#11283,#11284,.T.);
#9039=EDGE_CURVE('',#11285,#11283,#11286,.T.);
#9040=EDGE_CURVE('',#11287,#11285,#11288,.T.);
#9041=EDGE_CURVE('',#11287,#11289,#11290,.T.);
#9042=EDGE_CURVE('',#10926,#11289,#11291,.T.);
#9043=EDGE_CURVE('',#10267,#10924,#11292,.T.);
#9044=EDGE_CURVE('',#10271,#11252,#11293,.T.);
#9045=FILL_AREA_STYLE('',(#11294));
#9046=EDGE_CURVE('',#11285,#11295,#11296,.T.);
#9047=EDGE_CURVE('',#11283,#11297,#11298,.T.);
#9048=EDGE_CURVE('',#11297,#11295,#11299,.T.);
#9049=FILL_AREA_STYLE('',(#11300));
#9050=EDGE_CURVE('',#11281,#11301,#11302,.T.);
#9051=EDGE_CURVE('',#11301,#11297,#11303,.T.);
#9052=FILL_AREA_STYLE('',(#11304));
#9053=EDGE_CURVE('',#11305,#11306,#11307,.T.);
#9054=EDGE_CURVE('',#11306,#11308,#11309,.T.);
#9055=EDGE_CURVE('',#11308,#11301,#11310,.T.);
#9056=EDGE_CURVE('',#11279,#11305,#11311,.T.);
#9057=FILL_AREA_STYLE('',(#11312));
#9058=EDGE_CURVE('',#11313,#11136,#11314,.T.);
#9059=EDGE_CURVE('',#11315,#11313,#11316,.T.);
#9060=EDGE_CURVE('',#11138,#11315,#11317,.T.);
#9061=FILL_AREA_STYLE('',(#11318));
#9062=EDGE_CURVE('',#11319,#11320,#11321,.T.);
#9063=EDGE_CURVE('',#11320,#11322,#11323,.T.);
#9064=EDGE_CURVE('',#11324,#11322,#11325,.T.);
#9065=EDGE_CURVE('',#11319,#11324,#11326,.T.);
#9066=FILL_AREA_STYLE('',(#11327));
#9067=EDGE_CURVE('',#11328,#11277,#11329,.T.);
#9068=EDGE_CURVE('',#11275,#11330,#11331,.T.);
#9069=EDGE_CURVE('',#11248,#11330,#11332,.T.);
#9070=EDGE_CURVE('',#11246,#11328,#11333,.T.);
#9071=FILL_AREA_STYLE('',(#11334));
#9072=EDGE_CURVE('',#11273,#11335,#11336,.T.);
#9073=EDGE_CURVE('',#11335,#11330,#11337,.T.);
#9074=FILL_AREA_STYLE('',(#11338));
#9075=EDGE_CURVE('',#11271,#11339,#11340,.T.);
#9076=EDGE_CURVE('',#11339,#11335,#11341,.T.);
#9077=FILL_AREA_STYLE('',(#11342));
#9078=EDGE_CURVE('',#11343,#11269,#11344,.T.);
#9079=EDGE_CURVE('',#11343,#11339,#11345,.T.);
#9080=FILL_AREA_STYLE('',(#11346));
#9081=EDGE_CURVE('',#11343,#11231,#11347,.T.);
#9082=FILL_AREA_STYLE('',(#11348));
#9083=EDGE_CURVE('',#11349,#11350,#11351,.T.);
#9084=EDGE_CURVE('',#11350,#11232,#11352,.T.);
#9085=EDGE_CURVE('',#11267,#11353,#11354,.T.);
#9086=EDGE_CURVE('',#11349,#11353,#11355,.T.);
#9087=FILL_AREA_STYLE('',(#11356));
#9088=EDGE_CURVE('',#11265,#11357,#11358,.T.);
#9089=EDGE_CURVE('',#11353,#11357,#11359,.T.);
#9090=FILL_AREA_STYLE('',(#11360));
#9091=EDGE_CURVE('',#11263,#11361,#11362,.T.);
#9092=EDGE_CURVE('',#11361,#11357,#11363,.T.);
#9093=FILL_AREA_STYLE('',(#11364));
#9094=EDGE_CURVE('',#11365,#11261,#11366,.T.);
#9095=EDGE_CURVE('',#11361,#11365,#11367,.T.);
#9096=FILL_AREA_STYLE('',(#11368));
#9097=EDGE_CURVE('',#11365,#11222,#11369,.T.);
#9098=EDGE_CURVE('',#11227,#11370,#11371,.T.);
#9099=EDGE_CURVE('',#11349,#11370,#11372,.T.);
#9100=FILL_AREA_STYLE('',(#11373));
#9101=EDGE_CURVE('',#11374,#11223,#11375,.T.);
#9102=EDGE_CURVE('',#11259,#11376,#11377,.T.);
#9103=EDGE_CURVE('',#11376,#11378,#11379,.T.);
#9104=EDGE_CURVE('',#11378,#11380,#11381,.T.);
#9105=EDGE_CURVE('',#11380,#11374,#11382,.T.);
#9106=FILL_AREA_STYLE('',(#11383));
#9107=EDGE_CURVE('',#11370,#11384,#11385,.T.);
#9108=EDGE_CURVE('',#11350,#11384,#11386,.T.);
#9109=FILL_AREA_STYLE('',(#11387));
#9110=EDGE_CURVE('',#11225,#11384,#11388,.T.);
#9111=FILL_AREA_STYLE('',(#11389));
#9112=EDGE_CURVE('',#11390,#11391,#11392,.T.);
#9113=EDGE_CURVE('',#11393,#11391,#11394,.T.);
#9114=EDGE_CURVE('',#11395,#11393,#11396,.T.);
#9115=EDGE_CURVE('',#11397,#11395,#11398,.T.);
#9116=EDGE_CURVE('',#11397,#11399,#11400,.T.);
#9117=EDGE_CURVE('',#11289,#11399,#11401,.T.);
#9118=EDGE_CURVE('',#11287,#11402,#11403,.T.);
#9119=EDGE_CURVE('',#11390,#11402,#11404,.T.);
#9120=FILL_AREA_STYLE('',(#11405));
#9121=EDGE_CURVE('',#11406,#11407,#11408,.T.);
#9122=EDGE_CURVE('',#11407,#10789,#11409,.T.);
#9123=EDGE_CURVE('',#10789,#11410,#11411,.T.);
#9124=EDGE_CURVE('',#11406,#11410,#11412,.T.);
#9125=FILL_AREA_STYLE('',(#11413));
#9126=EDGE_CURVE('',#11414,#11415,#11416,.T.);
#9127=EDGE_CURVE('',#11417,#11414,#11418,.T.);
#9128=EDGE_CURVE('',#11417,#11419,#11420,.T.);
#9129=EDGE_CURVE('',#11421,#11419,#11422,.T.);
#9130=EDGE_CURVE('',#11421,#11423,#11424,.T.);
#9131=EDGE_CURVE('',#11415,#11423,#11425,.T.);
#9132=FILL_AREA_STYLE('',(#11426));
#9133=EDGE_CURVE('',#10828,#11391,#11427,.T.);
#9134=EDGE_CURVE('',#10834,#11390,#11428,.T.);
#9135=FILL_AREA_STYLE('',(#11429));
#9136=EDGE_CURVE('',#11430,#11169,#11431,.T.);
#9137=EDGE_CURVE('',#11432,#11430,#11433,.T.);
#9138=EDGE_CURVE('',#11171,#11432,#11434,.T.);
#9139=FILL_AREA_STYLE('',(#11435));
#9140=EDGE_CURVE('',#11436,#11257,#11437,.T.);
#9141=EDGE_CURVE('',#11438,#11436,#11439,.T.);
#9142=EDGE_CURVE('',#11166,#11438,#11440,.T.);
#9143=EDGE_CURVE('',#11257,#11167,#11441,.T.);
#9144=FILL_AREA_STYLE('',(#11442));
#9145=EDGE_CURVE('',#11443,#11444,#11445,.T.);
#9146=EDGE_CURVE('',#11104,#11444,#11446,.T.);
#9147=EDGE_CURVE('',#11443,#11103,#11447,.T.);
#9148=FILL_AREA_STYLE('',(#11448));
#9149=EDGE_CURVE('',#10880,#10751,#11449,.T.);
#9150=EDGE_CURVE('',#10877,#10888,#11450,.T.);
#9151=FILL_AREA_STYLE('',(#11451));
#9152=EDGE_CURVE('',#10886,#10269,#11452,.T.);
#9153=EDGE_CURVE('',#10266,#10922,#11453,.T.);
#9154=EDGE_CURVE('',#11295,#11402,#11454,.T.);
#9155=EDGE_CURVE('',#11455,#11308,#11456,.T.);
#9156=EDGE_CURVE('',#11455,#11328,#11457,.T.);
#9157=EDGE_CURVE('',#11436,#11374,#11458,.T.);
#9158=EDGE_CURVE('',#11436,#11406,#11459,.T.);
#9159=EDGE_CURVE('',#10951,#11410,#11460,.T.);
#9160=EDGE_CURVE('',#10949,#10844,#11461,.T.);
#9161=FILL_AREA_STYLE('',(#11462));
#9162=EDGE_CURVE('',#11463,#11216,#11464,.T.);
#9163=EDGE_CURVE('',#11465,#11463,#11466,.T.);
#9164=EDGE_CURVE('',#11465,#11467,#11468,.T.);
#9165=EDGE_CURVE('',#11216,#11467,#11469,.T.);
#9166=FILL_AREA_STYLE('',(#11470));
#9167=EDGE_CURVE('',#11471,#11049,#11472,.T.);
#9168=EDGE_CURVE('',#10934,#11471,#11473,.T.);
#9169=FILL_AREA_STYLE('',(#11474));
#9170=EDGE_CURVE('',#11397,#11475,#11476,.T.);
#9171=EDGE_CURVE('',#11477,#11475,#11478,.T.);
#9172=EDGE_CURVE('',#11477,#11479,#11480,.T.);
#9173=EDGE_CURVE('',#10917,#11479,#11481,.T.);
#9174=EDGE_CURVE('',#10916,#11399,#11482,.T.);
#9175=FILL_AREA_STYLE('',(#11483));
#9176=EDGE_CURVE('',#11438,#11380,#11484,.T.);
#9177=EDGE_CURVE('',#11378,#11430,#11485,.T.);
#9178=FILL_AREA_STYLE('',(#11486));
#9179=FILL_AREA_STYLE('',(#11487));
#9180=EDGE_CURVE('',#11488,#11489,#11490,.T.);
#9181=EDGE_CURVE('',#11134,#11488,#11491,.T.);
#9182=EDGE_CURVE('',#11489,#11133,#11492,.T.);
#9183=FILL_AREA_STYLE('',(#11493));
#9184=EDGE_CURVE('',#11015,#11494,#11495,.T.);
#9185=EDGE_CURVE('',#11496,#11494,#11497,.T.);
#9186=EDGE_CURVE('',#11496,#11017,#11498,.T.);
#9187=FILL_AREA_STYLE('',(#11499));
#9188=EDGE_CURVE('',#11500,#11127,#11501,.T.);
#9189=EDGE_CURVE('',#11502,#11500,#11503,.T.);
#9190=EDGE_CURVE('',#11502,#11504,#11505,.T.);
#9191=EDGE_CURVE('',#11506,#11504,#11507,.T.);
#9192=EDGE_CURVE('',#11129,#11506,#11508,.T.);
#9193=FILL_AREA_STYLE('',(#11509));
#9194=EDGE_CURVE('',#11510,#11511,#11512,.T.);
#9195=EDGE_CURVE('',#11513,#11511,#11514,.T.);
#9196=EDGE_CURVE('',#11515,#11513,#11516,.T.);
#9197=EDGE_CURVE('',#11517,#11515,#11518,.T.);
#9198=EDGE_CURVE('',#11517,#11519,#11520,.T.);
#9199=EDGE_CURVE('',#11510,#11519,#11521,.T.);
#9200=FILL_AREA_STYLE('',(#11522));
#9201=EDGE_CURVE('',#11523,#10943,#11524,.T.);
#9202=EDGE_CURVE('',#11255,#11523,#11525,.T.);
#9203=FILL_AREA_STYLE('',(#11526));
#9204=EDGE_CURVE('',#11527,#11144,#11528,.T.);
#9205=EDGE_CURVE('',#10408,#11527,#11529,.T.);
#9206=FILL_AREA_STYLE('',(#11530));
#9207=EDGE_CURVE('',#11531,#10812,#11532,.T.);
#9208=EDGE_CURVE('',#11531,#11533,#11534,.T.);
#9209=EDGE_CURVE('',#11533,#10806,#11535,.T.);
#9210=FILL_AREA_STYLE('',(#11536));
#9211=EDGE_CURVE('',#11537,#11538,#11539,.T.);
#9212=EDGE_CURVE('',#11538,#11511,#11540,.T.);
#9213=EDGE_CURVE('',#11537,#11510,#11541,.T.);
#9214=FILL_AREA_STYLE('',(#11542));
#9215=EDGE_CURVE('',#11047,#11543,#11544,.T.);
#9216=EDGE_CURVE('',#11543,#10548,#11545,.T.);
#9217=EDGE_CURVE('',#11546,#11011,#11547,.T.);
#9218=EDGE_CURVE('',#11548,#11546,#11549,.T.);
#9219=EDGE_CURVE('',#11471,#11548,#11550,.T.);
#9220=FILL_AREA_STYLE('',(#11551));
#9221=EDGE_CURVE('',#11552,#10939,#11553,.T.);
#9222=EDGE_CURVE('',#11554,#11552,#11555,.T.);
#9223=EDGE_CURVE('',#11556,#11554,#11557,.T.);
#9224=EDGE_CURVE('',#11556,#10941,#11558,.T.);
#9225=FILL_AREA_STYLE('',(#11559));
#9226=EDGE_CURVE('',#11560,#11561,#11562,.T.);
#9227=EDGE_CURVE('',#11560,#10557,#11563,.T.);
#9228=EDGE_CURVE('',#11564,#10555,#11565,.T.);
#9229=EDGE_CURVE('',#11564,#11561,#11566,.T.);
#9230=FILL_AREA_STYLE('',(#11567));
#9231=EDGE_CURVE('',#11305,#11455,#11568,.T.);
#9232=FILL_AREA_STYLE('',(#11569));
#9233=EDGE_CURVE('',#11570,#11571,#11572,.T.);
#9234=EDGE_CURVE('',#11571,#11393,#11573,.T.);
#9235=EDGE_CURVE('',#10822,#11574,#11575,.T.);
#9236=EDGE_CURVE('',#11574,#11570,#11576,.T.);
#9237=FILL_AREA_STYLE('',(#11577));
#9238=EDGE_CURVE('',#11376,#11432,#11578,.T.);
#9239=FILL_AREA_STYLE('',(#11579));
#9240=EDGE_CURVE('',#11479,#11580,#11581,.T.);
#9241=EDGE_CURVE('',#11582,#11580,#11583,.T.);
#9242=EDGE_CURVE('',#11582,#10919,#11584,.T.);
#9243=FILL_AREA_STYLE('',(#11585));
#9244=EDGE_CURVE('',#11252,#11161,#11586,.T.);
#9245=FILL_AREA_STYLE('',(#11587));
#9246=EDGE_CURVE('',#11588,#11589,#11590,.T.);
#9247=EDGE_CURVE('',#11125,#11589,#11591,.T.);
#9248=EDGE_CURVE('',#11506,#11417,#11592,.T.);
#9249=EDGE_CURVE('',#11315,#11414,#11593,.T.);
#9250=EDGE_CURVE('',#11588,#11313,#11594,.T.);
#9251=FILL_AREA_STYLE('',(#11595));
#9252=EDGE_CURVE('',#11596,#11597,#11598,.T.);
#9253=EDGE_CURVE('',#11596,#11599,#11600,.T.);
#9254=EDGE_CURVE('',#11599,#11601,#11602,.T.);
#9255=EDGE_CURVE('',#11597,#11601,#11603,.T.);
#9256=FILL_AREA_STYLE('',(#11604));
#9257=EDGE_CURVE('',#11605,#11606,#11607,.T.);
#9258=EDGE_CURVE('',#11606,#11601,#11608,.T.);
#9259=EDGE_CURVE('',#11609,#11599,#11610,.T.);
#9260=EDGE_CURVE('',#11609,#11611,#11612,.T.);
#9261=EDGE_CURVE('',#11605,#11611,#11613,.T.);
#9262=FILL_AREA_STYLE('',(#11614));
#9263=EDGE_CURVE('',#11605,#10522,#11615,.T.);
#9264=EDGE_CURVE('',#11611,#11616,#11617,.T.);
#9265=EDGE_CURVE('',#11618,#11616,#11619,.T.);
#9266=EDGE_CURVE('',#11618,#10522,#11620,.T.);
#9267=FILL_AREA_STYLE('',(#11621));
#9268=EDGE_CURVE('',#11622,#11616,#11623,.T.);
#9269=EDGE_CURVE('',#11596,#11622,#11624,.T.);
#9270=EDGE_CURVE('',#11597,#11625,#11626,.T.);
#9271=EDGE_CURVE('',#11625,#11618,#11627,.T.);
#9272=FILL_AREA_STYLE('',(#11628));
#9273=EDGE_CURVE('',#11609,#11622,#11629,.T.);
#9274=FILL_AREA_STYLE('',(#11630));
#9275=FILL_AREA_STYLE('',(#11631));
#9276=EDGE_CURVE('',#11606,#10520,#11632,.T.);
#9277=FILL_AREA_STYLE('',(#11633));
#9278=EDGE_CURVE('',#11634,#11561,#11635,.T.);
#9279=EDGE_CURVE('',#11636,#11634,#11637,.T.);
#9280=EDGE_CURVE('',#11638,#11636,#11639,.T.);
#9281=EDGE_CURVE('',#11638,#11640,#11641,.T.);
#9282=EDGE_CURVE('',#11560,#11640,#11642,.T.);
#9283=FILL_AREA_STYLE('',(#11643));
#9284=EDGE_CURVE('',#10520,#11625,#11644,.T.);
#9285=FILL_AREA_STYLE('',(#11645));
#9286=EDGE_CURVE('',#11646,#10908,#11647,.T.);
#9287=EDGE_CURVE('',#11646,#11618,#11648,.T.);
#9288=EDGE_CURVE('',#11625,#11002,#11649,.T.);
#9289=EDGE_CURVE('',#11003,#11023,#11650,.T.);
#9290=FILL_AREA_STYLE('',(#11651));
#9291=EDGE_CURVE('',#11519,#11652,#11653,.T.);
#9292=EDGE_CURVE('',#11652,#11537,#11654,.T.);
#9293=FILL_AREA_STYLE('',(#11655));
#9294=EDGE_CURVE('',#11193,#11098,#11656,.T.);
#9295=FILL_AREA_STYLE('',(#11657));
#9296=FILL_AREA_STYLE('',(#11658));
#9297=EDGE_CURVE('',#11552,#11533,#11659,.T.);
#9298=FILL_AREA_STYLE('',(#11660));
#9299=EDGE_CURVE('',#11661,#11218,#11662,.T.);
#9300=EDGE_CURVE('',#10972,#11646,#11663,.T.);
#9301=EDGE_CURVE('',#10970,#11664,#11665,.T.);
#9302=EDGE_CURVE('',#11415,#11664,#11666,.T.);
#9303=EDGE_CURVE('',#11124,#11415,#11667,.T.);
#9304=EDGE_CURVE('',#11661,#11124,#11668,.T.);
#9305=FILL_AREA_STYLE('',(#11669));
#9306=EDGE_CURVE('',#11556,#11523,#11670,.T.);
#9307=FILL_AREA_STYLE('',(#11671));
#9308=EDGE_CURVE('',#11636,#11106,#11672,.T.);
#9309=EDGE_CURVE('',#11638,#11444,#11673,.T.);
#9310=FILL_AREA_STYLE('',(#11674));
#9311=EDGE_CURVE('',#11675,#11676,#11677,.T.);
#9312=EDGE_CURVE('',#11676,#11678,#11679,.F.);
#9313=EDGE_CURVE('',#11680,#11678,#11681,.T.);
#9314=EDGE_CURVE('',#11675,#11680,#11682,.T.);
#9315=FILL_AREA_STYLE('',(#11683));
#9316=EDGE_CURVE('',#11684,#11019,#11685,.T.);
#9317=EDGE_CURVE('',#11684,#10854,#11686,.T.);
#9318=FILL_AREA_STYLE('',(#11687));
#9319=FILL_AREA_STYLE('',(#11688));
#9320=EDGE_CURVE('',#11689,#11690,#11691,.T.);
#9321=EDGE_CURVE('',#11692,#11690,#11693,.T.);
#9322=EDGE_CURVE('',#11694,#11692,#11695,.T.);
#9323=EDGE_CURVE('',#11694,#11689,#11696,.T.);
#9324=FILL_AREA_STYLE('',(#11697));
#9325=EDGE_CURVE('',#11178,#11698,#11699,.T.);
#9326=EDGE_CURVE('',#11035,#11005,#11700,.T.);
#9327=EDGE_CURVE('',#11701,#11005,#11702,.T.);
#9328=EDGE_CURVE('',#11701,#11698,#11703,.T.);
#9329=FILL_AREA_STYLE('',(#11704));
#9330=EDGE_CURVE('',#11705,#11180,#11706,.T.);
#9331=EDGE_CURVE('',#11698,#11705,#11707,.T.);
#9332=FILL_AREA_STYLE('',(#11708));
#9333=EDGE_CURVE('',#11709,#11705,#11710,.T.);
#9334=EDGE_CURVE('',#11701,#11709,#11711,.T.);
#9335=FILL_AREA_STYLE('',(#11712));
#9336=EDGE_CURVE('',#10494,#11005,#11713,.T.);
#9337=EDGE_CURVE('',#11714,#10494,#11715,.T.);
#9338=EDGE_CURVE('',#11709,#11714,#11716,.T.);
#9339=FILL_AREA_STYLE('',(#11717));
#9340=EDGE_CURVE('',#10518,#10494,#11718,.T.);
#9341=FILL_AREA_STYLE('',(#11719));
#9342=EDGE_CURVE('',#11714,#11720,#11721,.T.);
#9343=EDGE_CURVE('',#11199,#11720,#11722,.T.);
#9344=FILL_AREA_STYLE('',(#11723));
#9345=EDGE_CURVE('',#10446,#11724,#11725,.T.);
#9346=EDGE_CURVE('',#11726,#10444,#11727,.T.);
#9347=EDGE_CURVE('',#11726,#11728,#11729,.T.);
#9348=EDGE_CURVE('',#11728,#11724,#11730,.T.);
#9349=FILL_AREA_STYLE('',(#11731));
#9350=EDGE_CURVE('',#10442,#11732,#11733,.T.);
#9351=EDGE_CURVE('',#11732,#11726,#11734,.T.);
#9352=FILL_AREA_STYLE('',(#11735));
#9353=EDGE_CURVE('',#11504,#11419,#11736,.T.);
#9354=FILL_AREA_STYLE('',(#11737));
#9355=EDGE_CURVE('',#11500,#11423,#11738,.T.);
#9356=FILL_AREA_STYLE('',(#11739));
#9357=EDGE_CURVE('',#11589,#11513,#11740,.T.);
#9358=EDGE_CURVE('',#11588,#11488,#11741,.T.);
#9359=EDGE_CURVE('',#11489,#11515,#11742,.T.);
#9360=FILL_AREA_STYLE('',(#11743));
#9361=EDGE_CURVE('',#11744,#11745,#11746,.T.);
#9362=EDGE_CURVE('',#11744,#11747,#11748,.T.);
#9363=EDGE_CURVE('',#11749,#11747,#11750,.T.);
#9364=EDGE_CURVE('',#11745,#11749,#11751,.T.);
#9365=FILL_AREA_STYLE('',(#11752));
#9366=FILL_AREA_STYLE('',(#11753));
#9367=EDGE_CURVE('',#11475,#11754,#11755,.T.);
#9368=EDGE_CURVE('',#11395,#11754,#11756,.T.);
#9369=FILL_AREA_STYLE('',(#11757));
#9370=EDGE_CURVE('',#11502,#11421,#11758,.T.);
#9371=FILL_AREA_STYLE('',(#11759));
#9372=EDGE_CURVE('',#11407,#11029,#11760,.T.);
#9373=FILL_AREA_STYLE('',(#11761));
#9374=EDGE_CURVE('',#10757,#11467,#11762,.T.);
#9375=EDGE_CURVE('',#11496,#11465,#11763,.T.);
#9376=EDGE_CURVE('',#11764,#11494,#11765,.T.);
#9377=EDGE_CURVE('',#11764,#10967,#11766,.T.);
#9378=EDGE_CURVE('',#10968,#10906,#11767,.T.);
#9379=FILL_AREA_STYLE('',(#11768));
#9380=EDGE_CURVE('',#11661,#11463,#11769,.T.);
#9381=EDGE_CURVE('',#11538,#11692,#11770,.T.);
#9382=EDGE_CURVE('',#11690,#11771,#11772,.T.);
#9383=EDGE_CURVE('',#11634,#11771,#11773,.T.);
#9384=EDGE_CURVE('',#11564,#10553,#11774,.T.);
#9385=EDGE_CURVE('',#11546,#11118,#11775,.T.);
#9386=EDGE_CURVE('',#11776,#10275,#11777,.T.);
#9387=EDGE_CURVE('',#11776,#11684,#11778,.T.);
#9388=FILL_AREA_STYLE('',(#11779));
#9389=EDGE_CURVE('',#11664,#11764,#11780,.T.);
#9390=FILL_AREA_STYLE('',(#11781));
#9391=EDGE_CURVE('',#10994,#11782,#11783,.T.);
#9392=EDGE_CURVE('',#10440,#11782,#11784,.T.);
#9393=FILL_AREA_STYLE('',(#11785));
#9394=EDGE_CURVE('',#11782,#11732,#11786,.T.);
#9395=FILL_AREA_STYLE('',(#11787));
#9396=EDGE_CURVE('',#11776,#11788,#11789,.T.);
#9397=EDGE_CURVE('',#10737,#11788,#11790,.T.);
#9398=FILL_AREA_STYLE('',(#11791));
#9399=EDGE_CURVE('',#11792,#11793,#11794,.T.);
#9400=EDGE_CURVE('',#11793,#11795,#11796,.T.);
#9401=EDGE_CURVE('',#11795,#11797,#11798,.T.);
#9402=EDGE_CURVE('',#11799,#11797,#11800,.T.);
#9403=EDGE_CURVE('',#11799,#11801,#11802,.T.);
#9404=EDGE_CURVE('',#11801,#11792,#11803,.T.);
#9405=EDGE_CURVE('',#10998,#11804,#11805,.T.);
#9406=EDGE_CURVE('',#11804,#11806,#11807,.T.);
#9407=EDGE_CURVE('',#11806,#11808,#11809,.T.);
#9408=EDGE_CURVE('',#11808,#11810,#11811,.T.);
#9409=EDGE_CURVE('',#11810,#11812,#11813,.T.);
#9410=EDGE_CURVE('',#11812,#11814,#11815,.T.);
#9411=EDGE_CURVE('',#11816,#11814,#11817,.T.);
#9412=EDGE_CURVE('',#11816,#11818,#11819,.T.);
#9413=EDGE_CURVE('',#11818,#11728,#11820,.T.);
#9414=EDGE_CURVE('',#11054,#11821,#11822,.T.);
#9415=EDGE_CURVE('',#11821,#11823,#11824,.T.);
#9416=EDGE_CURVE('',#11823,#11825,#11826,.T.);
#9417=EDGE_CURVE('',#11825,#11827,#11828,.T.);
#9418=EDGE_CURVE('',#11827,#11829,#11830,.T.);
#9419=EDGE_CURVE('',#11829,#11831,#11832,.T.);
#9420=EDGE_CURVE('',#11831,#11833,#11834,.T.);
#9421=EDGE_CURVE('',#11833,#11835,#11836,.T.);
#9422=EDGE_CURVE('',#11837,#11835,#11838,.T.);
#9423=EDGE_CURVE('',#11839,#11837,#11840,.T.);
#9424=EDGE_CURVE('',#11841,#11839,#11842,.T.);
#9425=EDGE_CURVE('',#11843,#11841,#11844,.T.);
#9426=EDGE_CURVE('',#11843,#11845,#11846,.T.);
#9427=EDGE_CURVE('',#11845,#11847,#11848,.T.);
#9428=EDGE_CURVE('',#11847,#11849,#11850,.T.);
#9429=EDGE_CURVE('',#11849,#11527,#11851,.T.);
#9430=EDGE_CURVE('',#11036,#11852,#11853,.T.);
#9431=EDGE_CURVE('',#11852,#10639,#11854,.T.);
#9432=EDGE_CURVE('',#10574,#10616,#11855,.T.);
#9433=EDGE_CURVE('',#10505,#11856,#11857,.T.);
#9434=EDGE_CURVE('',#11856,#11007,#11858,.T.);
#9435=FILL_AREA_STYLE('',(#11859));
#9436=EDGE_CURVE('',#10410,#11849,#11860,.T.);
#9437=FILL_AREA_STYLE('',(#11861));
#9438=EDGE_CURVE('',#11652,#11862,#11863,.T.);
#9439=EDGE_CURVE('',#11862,#11517,#11864,.T.);
#9440=FILL_AREA_STYLE('',(#11865));
#9441=FILL_AREA_STYLE('',(#11866));
#9442=EDGE_CURVE('',#11210,#11543,#11867,.T.);
#9443=FILL_AREA_STYLE('',(#11868));
#9444=FILL_AREA_STYLE('',(#11869));
#9445=EDGE_CURVE('',#11324,#11862,#11870,.T.);
#9446=EDGE_CURVE('',#11694,#11322,#11871,.T.);
#9447=FILL_AREA_STYLE('',(#11872));
#9448=FILL_AREA_STYLE('',(#11873));
#9449=FILL_AREA_STYLE('',(#11874));
#9450=EDGE_CURVE('',#11068,#11574,#11875,.F.);
#9451=FILL_AREA_STYLE('',(#11876));
#9452=FILL_AREA_STYLE('',(#11877));
#9453=EDGE_CURVE('',#11184,#11554,#11878,.T.);
#9454=FILL_AREA_STYLE('',(#11879));
#9455=EDGE_CURVE('',#11880,#10587,#11881,.T.);
#9456=EDGE_CURVE('',#11880,#11882,#11883,.T.);
#9457=EDGE_CURVE('',#11882,#10589,#11884,.T.);
#9458=FILL_AREA_STYLE('',(#11885));
#9459=EDGE_CURVE('',#11886,#11887,#11888,.T.);
#9460=EDGE_CURVE('',#11886,#11889,#11890,.T.);
#9461=EDGE_CURVE('',#11889,#11891,#11892,.T.);
#9462=EDGE_CURVE('',#11891,#11893,#11894,.T.);
#9463=EDGE_CURVE('',#11887,#11893,#11895,.T.);
#9464=FILL_AREA_STYLE('',(#11896));
#9465=EDGE_CURVE('',#10490,#11065,#11897,.T.);
#9466=FILL_AREA_STYLE('',(#11898));
#9467=EDGE_CURVE('',#11845,#10414,#11899,.T.);
#9468=EDGE_CURVE('',#11843,#10416,#11900,.T.);
#9469=FILL_AREA_STYLE('',(#11901));
#9470=EDGE_CURVE('',#11902,#11903,#11904,.T.);
#9471=EDGE_CURVE('',#11903,#11905,#11906,.T.);
#9472=EDGE_CURVE('',#11905,#11889,#11907,.T.);
#9473=EDGE_CURVE('',#11908,#11886,#11909,.T.);
#9474=EDGE_CURVE('',#11910,#11908,#11911,.T.);
#9475=EDGE_CURVE('',#11902,#11910,#11912,.T.);
#9476=FILL_AREA_STYLE('',(#11913));
#9477=EDGE_CURVE('',#11640,#11443,#11914,.T.);
#9478=FILL_AREA_STYLE('',(#11915));
#9479=EDGE_CURVE('',#10276,#11788,#11916,.T.);
#9480=FILL_AREA_STYLE('',(#11917));
#9481=EDGE_CURVE('',#11320,#11918,#11919,.T.);
#9482=EDGE_CURVE('',#11918,#11689,#11920,.T.);
#9483=FILL_AREA_STYLE('',(#11921));
#9484=EDGE_CURVE('',#10394,#11922,#11923,.T.);
#9485=EDGE_CURVE('',#11922,#11156,#11924,.T.);
#9486=FILL_AREA_STYLE('',(#11925));
#9487=EDGE_CURVE('',#11926,#11823,#11927,.T.);
#9488=EDGE_CURVE('',#11057,#11926,#11928,.T.);
#9489=EDGE_CURVE('',#11823,#11922,#11929,.T.);
#9490=FILL_AREA_STYLE('',(#11930));
#9491=EDGE_CURVE('',#11059,#11931,#11932,.T.);
#9492=EDGE_CURVE('',#11931,#11933,#11934,.T.);
#9493=EDGE_CURVE('',#11933,#11061,#11935,.T.);
#9494=FILL_AREA_STYLE('',(#11936));
#9495=EDGE_CURVE('',#11933,#11821,#11937,.T.);
#9496=EDGE_CURVE('',#11926,#11931,#11938,.T.);
#9497=FILL_AREA_STYLE('',(#11939));
#9498=FILL_AREA_STYLE('',(#11940));
#9499=FILL_AREA_STYLE('',(#11941));
#9500=EDGE_CURVE('',#11825,#10434,#11942,.T.);
#9501=FILL_AREA_STYLE('',(#11943));
#9502=EDGE_CURVE('',#10432,#11827,#11944,.T.);
#9503=FILL_AREA_STYLE('',(#11945));
#9504=EDGE_CURVE('',#10430,#11829,#11946,.T.);
#9505=FILL_AREA_STYLE('',(#11947));
#9506=EDGE_CURVE('',#10428,#11831,#11948,.T.);
#9507=FILL_AREA_STYLE('',(#11949));
#9508=EDGE_CURVE('',#10426,#11833,#11950,.T.);
#9509=FILL_AREA_STYLE('',(#11951));
#9510=EDGE_CURVE('',#10424,#11835,#11952,.T.);
#9511=FILL_AREA_STYLE('',(#11953));
#9512=FILL_AREA_STYLE('',(#11954));
#9513=FILL_AREA_STYLE('',(#11955));
#9514=EDGE_CURVE('',#11531,#11582,#11956,.T.);
#9515=EDGE_CURVE('',#11040,#11580,#11957,.T.);
#9516=FILL_AREA_STYLE('',(#11958));
#9517=EDGE_CURVE('',#11959,#11852,#11960,.T.);
#9518=EDGE_CURVE('',#11959,#11961,#11962,.T.);
#9519=EDGE_CURVE('',#11963,#11961,#11964,.T.);
#9520=EDGE_CURVE('',#10639,#11963,#11965,.T.);
#9521=FILL_AREA_STYLE('',(#11966));
#9522=FILL_AREA_STYLE('',(#11967));
#9523=EDGE_CURVE('',#10570,#11968,#11969,.T.);
#9524=EDGE_CURVE('',#10568,#11970,#11971,.T.);
#9525=EDGE_CURVE('',#11970,#11972,#11973,.T.);
#9526=EDGE_CURVE('',#11972,#11974,#11975,.T.);
#9527=EDGE_CURVE('',#11974,#11976,#11977,.T.);
#9528=EDGE_CURVE('',#11968,#11976,#11978,.T.);
#9529=FILL_AREA_STYLE('',(#11979));
#9530=EDGE_CURVE('',#10322,#11980,#11981,.T.);
#9531=EDGE_CURVE('',#11982,#11980,#11983,.T.);
#9532=EDGE_CURVE('',#11984,#11982,#11985,.T.);
#9533=EDGE_CURVE('',#10505,#11984,#11986,.T.);
#9534=EDGE_CURVE('',#10324,#10503,#11987,.F.);
#9535=FILL_AREA_STYLE('',(#11988));
#9536=EDGE_CURVE('',#11818,#11989,#11990,.T.);
#9537=EDGE_CURVE('',#11816,#11991,#11992,.T.);
#9538=EDGE_CURVE('',#11989,#11991,#11993,.T.);
#9539=FILL_AREA_STYLE('',(#11994));
#9540=EDGE_CURVE('',#11989,#11745,#11995,.T.);
#9541=EDGE_CURVE('',#11991,#11744,#11996,.T.);
#9542=FILL_AREA_STYLE('',(#11997));
#9543=EDGE_CURVE('',#11724,#11998,#11999,.T.);
#9544=EDGE_CURVE('',#10450,#11998,#12000,.T.);
#9545=FILL_AREA_STYLE('',(#12001));
#9546=EDGE_CURVE('',#11998,#11814,#12002,.T.);
#9547=EDGE_CURVE('',#10452,#11812,#12003,.T.);
#9548=FILL_AREA_STYLE('',(#12004));
#9549=EDGE_CURVE('',#10516,#10496,#12005,.T.);
#9550=FILL_AREA_STYLE('',(#12006));
#9551=EDGE_CURVE('',#11119,#11548,#12007,.T.);
#9552=EDGE_CURVE('',#11108,#11319,#12008,.T.);
#9553=FILL_AREA_STYLE('',(#12009));
#9554=EDGE_CURVE('',#11477,#12010,#12011,.T.);
#9555=EDGE_CURVE('',#12010,#11754,#12012,.T.);
#9556=FILL_AREA_STYLE('',(#12013));
#9557=FILL_AREA_STYLE('',(#12014));
#9558=EDGE_CURVE('',#10460,#11804,#12015,.T.);
#9559=FILL_AREA_STYLE('',(#12016));
#9560=EDGE_CURVE('',#10458,#11806,#12017,.T.);
#9561=FILL_AREA_STYLE('',(#12018));
#9562=EDGE_CURVE('',#10456,#11808,#12019,.T.);
#9563=FILL_AREA_STYLE('',(#12020));
#9564=EDGE_CURVE('',#10454,#11810,#12021,.T.);
#9565=FILL_AREA_STYLE('',(#12022));
#9566=FILL_AREA_STYLE('',(#12023));
#9567=EDGE_CURVE('',#11728,#11749,#12024,.T.);
#9568=EDGE_CURVE('',#11747,#11814,#12025,.T.);
#9569=FILL_AREA_STYLE('',(#12026));
#9570=FILL_AREA_STYLE('',(#12027));
#9571=FILL_AREA_STYLE('',(#12028));
#9572=EDGE_CURVE('',#12029,#12030,#12031,.T.);
#9573=EDGE_CURVE('',#11793,#12030,#12032,.T.);
#9574=EDGE_CURVE('',#11792,#12029,#12033,.T.);
#9575=FILL_AREA_STYLE('',(#12034));
#9576=EDGE_CURVE('',#12035,#12036,#12037,.T.);
#9577=EDGE_CURVE('',#12035,#11799,#12038,.T.);
#9578=EDGE_CURVE('',#12036,#11797,#12039,.T.);
#9579=FILL_AREA_STYLE('',(#12040));
#9580=EDGE_CURVE('',#12041,#12036,#12042,.T.);
#9581=EDGE_CURVE('',#11795,#12041,#12043,.T.);
#9582=FILL_AREA_STYLE('',(#12044));
#9583=EDGE_CURVE('',#12030,#12041,#12045,.T.);
#9584=FILL_AREA_STYLE('',(#12046));
#9585=EDGE_CURVE('',#12047,#12029,#12048,.T.);
#9586=EDGE_CURVE('',#11801,#12047,#12049,.T.);
#9587=FILL_AREA_STYLE('',(#12050));
#9588=EDGE_CURVE('',#12035,#12047,#12051,.T.);
#9589=FILL_AREA_STYLE('',(#12052));
#9590=FILL_AREA_STYLE('',(#12053));
#9591=FILL_AREA_STYLE('',(#12054));
#9592=EDGE_CURVE('',#12055,#12056,#12057,.T.);
#9593=EDGE_CURVE('',#12055,#12058,#12059,.T.);
#9594=EDGE_CURVE('',#12058,#12060,#12061,.T.);
#9595=EDGE_CURVE('',#12060,#11984,#12062,.T.);
#9596=EDGE_CURVE('',#12056,#11982,#12063,.T.);
#9597=FILL_AREA_STYLE('',(#12064));
#9598=EDGE_CURVE('',#12065,#12066,#12067,.T.);
#9599=EDGE_CURVE('',#12068,#12065,#12069,.T.);
#9600=EDGE_CURVE('',#12068,#12070,#12071,.T.);
#9601=EDGE_CURVE('',#12070,#12072,#12073,.T.);
#9602=EDGE_CURVE('',#12066,#12072,#12074,.T.);
#9603=FILL_AREA_STYLE('',(#12075));
#9604=EDGE_CURVE('',#12055,#12076,#12077,.T.);
#9605=EDGE_CURVE('',#12076,#12078,#12079,.T.);
#9606=EDGE_CURVE('',#12058,#12078,#12080,.T.);
#9607=FILL_AREA_STYLE('',(#12081));
#9608=EDGE_CURVE('',#12060,#12082,#12083,.T.);
#9609=EDGE_CURVE('',#12070,#12078,#12084,.T.);
#9610=EDGE_CURVE('',#12068,#12082,#12085,.T.);
#9611=FILL_AREA_STYLE('',(#12086));
#9612=EDGE_CURVE('',#12082,#11856,#12087,.T.);
#9613=FILL_AREA_STYLE('',(#12088));
#9614=EDGE_CURVE('',#12089,#11212,#12090,.T.);
#9615=EDGE_CURVE('',#12065,#12091,#12092,.T.);
#9616=EDGE_CURVE('',#12091,#12093,#12094,.T.);
#9617=EDGE_CURVE('',#12095,#12093,#12096,.T.);
#9618=EDGE_CURVE('',#12097,#12095,#12098,.T.);
#9619=EDGE_CURVE('',#12097,#12099,#12100,.T.);
#9620=EDGE_CURVE('',#12089,#12099,#12101,.T.);
#9621=FILL_AREA_STYLE('',(#12102));
#9622=EDGE_CURVE('',#12103,#11959,#12104,.T.);
#9623=EDGE_CURVE('',#12105,#12103,#12106,.T.);
#9624=EDGE_CURVE('',#12107,#12105,#12108,.T.);
#9625=EDGE_CURVE('',#12107,#12109,#12110,.T.);
#9626=EDGE_CURVE('',#11961,#12109,#12111,.T.);
#9627=FILL_AREA_STYLE('',(#12112));
#9628=EDGE_CURVE('',#10482,#10289,#12113,.T.);
#9629=EDGE_CURVE('',#10287,#10294,#12114,.T.);
#9630=EDGE_CURVE('',#10484,#10293,#12115,.T.);
#9631=FILL_AREA_STYLE('',(#12116));
#9632=EDGE_CURVE('',#12117,#10293,#12118,.T.);
#9633=EDGE_CURVE('',#12117,#10486,#12119,.T.);
#9634=FILL_AREA_STYLE('',(#12120));
#9635=EDGE_CURVE('',#10479,#12121,#12122,.T.);
#9636=EDGE_CURVE('',#12121,#10289,#12123,.T.);
#9637=FILL_AREA_STYLE('',(#12124));
#9638=EDGE_CURVE('',#11918,#11771,#12125,.T.);
#9639=FILL_AREA_STYLE('',(#12126));
#9640=EDGE_CURVE('',#12127,#10351,#12128,.T.);
#9641=EDGE_CURVE('',#10641,#10341,#12129,.F.);
#9642=EDGE_CURVE('',#11963,#12127,#12130,.F.);
#9643=FILL_AREA_STYLE('',(#12131));
#9644=EDGE_CURVE('',#12132,#12109,#12133,.T.);
#9645=EDGE_CURVE('',#12132,#12134,#12135,.T.);
#9646=EDGE_CURVE('',#12134,#12127,#12136,.T.);
#9647=FILL_AREA_STYLE('',(#12137));
#9648=EDGE_CURVE('',#12138,#12107,#12139,.T.);
#9649=EDGE_CURVE('',#12138,#12132,#12140,.T.);
#9650=FILL_AREA_STYLE('',(#12141));
#9651=EDGE_CURVE('',#12142,#12143,#12144,.T.);
#9652=EDGE_CURVE('',#12105,#12142,#12145,.T.);
#9653=EDGE_CURVE('',#12103,#12146,#12147,.T.);
#9654=EDGE_CURVE('',#12146,#12143,#12148,.T.);
#9655=FILL_AREA_STYLE('',(#12149));
#9656=EDGE_CURVE('',#12150,#12151,#12152,.T.);
#9657=EDGE_CURVE('',#12150,#12146,#12153,.T.);
#9658=EDGE_CURVE('',#12010,#12154,#12155,.T.);
#9659=EDGE_CURVE('',#12156,#12154,#12157,.T.);
#9660=EDGE_CURVE('',#12156,#12158,#12159,.T.);
#9661=EDGE_CURVE('',#12160,#12158,#12161,.T.);
#9662=EDGE_CURVE('',#12160,#12162,#12163,.T.);
#9663=EDGE_CURVE('',#12151,#12162,#12164,.T.);
#9664=FILL_AREA_STYLE('',(#12165));
#9665=EDGE_CURVE('',#10572,#10618,#12166,.T.);
#9666=FILL_AREA_STYLE('',(#12167));
#9667=FILL_AREA_STYLE('',(#12168));
#9668=FILL_AREA_STYLE('',(#12169));
#9669=FILL_AREA_STYLE('',(#12170));
#9670=FILL_AREA_STYLE('',(#12171));
#9671=FILL_AREA_STYLE('',(#12172));
#9672=EDGE_CURVE('',#12173,#10620,#12174,.T.);
#9673=EDGE_CURVE('',#12175,#12173,#12176,.T.);
#9674=EDGE_CURVE('',#12175,#12177,#12178,.T.);
#9675=EDGE_CURVE('',#12177,#12179,#12180,.T.);
#9676=EDGE_CURVE('',#12179,#12181,#12182,.T.);
#9677=EDGE_CURVE('',#12181,#10622,#12183,.T.);
#9678=FILL_AREA_STYLE('',(#12184));
#9679=EDGE_CURVE('',#12185,#12186,#12187,.T.);
#9680=EDGE_CURVE('',#12185,#12175,#12188,.T.);
#9681=EDGE_CURVE('',#12186,#12173,#12189,.T.);
#9682=FILL_AREA_STYLE('',(#12190));
#9683=EDGE_CURVE('',#10412,#11847,#12191,.T.);
#9684=FILL_AREA_STYLE('',(#12192));
#9685=EDGE_CURVE('',#11910,#12193,#12194,.T.);
#9686=EDGE_CURVE('',#12195,#12193,#12196,.T.);
#9687=EDGE_CURVE('',#11902,#12195,#12197,.T.);
#9688=FILL_AREA_STYLE('',(#12198));
#9689=EDGE_CURVE('',#10705,#11680,#12199,.T.);
#9690=EDGE_CURVE('',#10707,#11678,#12200,.F.);
#9691=FILL_AREA_STYLE('',(#12201));
#9692=EDGE_CURVE('',#12202,#12203,#12204,.T.);
#9693=EDGE_CURVE('',#12202,#11903,#12205,.T.);
#9694=EDGE_CURVE('',#12195,#12203,#12206,.T.);
#9695=FILL_AREA_STYLE('',(#12207));
#9696=EDGE_CURVE('',#11882,#12208,#12209,.T.);
#9697=EDGE_CURVE('',#10591,#12208,#12210,.T.);
#9698=FILL_AREA_STYLE('',(#12211));
#9699=EDGE_CURVE('',#11839,#10420,#12212,.T.);
#9700=EDGE_CURVE('',#10422,#11837,#12213,.T.);
#9701=FILL_AREA_STYLE('',(#12214));
#9702=FILL_AREA_STYLE('',(#12215));
#9703=EDGE_CURVE('',#12216,#12217,#12218,.T.);
#9704=EDGE_CURVE('',#11968,#12216,#12219,.T.);
#9705=EDGE_CURVE('',#11976,#12217,#12220,.T.);
#9706=FILL_AREA_STYLE('',(#12221));
#9707=EDGE_CURVE('',#12222,#12217,#12223,.F.);
#9708=EDGE_CURVE('',#12224,#12222,#12225,.T.);
#9709=EDGE_CURVE('',#12224,#12216,#12226,.T.);
#9710=FILL_AREA_STYLE('',(#12227));
#9711=FILL_AREA_STYLE('',(#12228));
#9712=EDGE_CURVE('',#12203,#12229,#12230,.T.);
#9713=EDGE_CURVE('',#12231,#12229,#12232,.T.);
#9714=EDGE_CURVE('',#12202,#12231,#12233,.T.);
#9715=FILL_AREA_STYLE('',(#12234));
#9716=EDGE_CURVE('',#11908,#12235,#12236,.T.);
#9717=EDGE_CURVE('',#12235,#12193,#12237,.T.);
#9718=FILL_AREA_STYLE('',(#12238));
#9719=EDGE_CURVE('',#11841,#10418,#12239,.T.);
#9720=FILL_AREA_STYLE('',(#12240));
#9721=EDGE_CURVE('',#12241,#12208,#12242,.T.);
#9722=EDGE_CURVE('',#10593,#12241,#12243,.T.);
#9723=FILL_AREA_STYLE('',(#12244));
#9724=FILL_AREA_STYLE('',(#12245));
#9725=FILL_AREA_STYLE('',(#12246));
#9726=EDGE_CURVE('',#12235,#11887,#12247,.T.);
#9727=FILL_AREA_STYLE('',(#12248));
#9728=EDGE_CURVE('',#11675,#11880,#12249,.T.);
#9729=EDGE_CURVE('',#12250,#10585,#12251,.T.);
#9730=EDGE_CURVE('',#11676,#12250,#12252,.T.);
#9731=FILL_AREA_STYLE('',(#12253));
#9732=EDGE_CURVE('',#12241,#12224,#12254,.T.);
#9733=EDGE_CURVE('',#10581,#12222,#12255,.F.);
#9734=FILL_AREA_STYLE('',(#12256));
#9735=EDGE_CURVE('',#11893,#12186,#12257,.T.);
#9736=EDGE_CURVE('',#11891,#12185,#12258,.T.);
#9737=FILL_AREA_STYLE('',(#12259));
#9738=EDGE_CURVE('',#12231,#10733,#12260,.F.);
#9739=EDGE_CURVE('',#12229,#10728,#12261,.T.);
#9740=FILL_AREA_STYLE('',(#12262));
#9741=FILL_AREA_STYLE('',(#12263));
#9742=EDGE_CURVE('',#10723,#10717,#12264,.T.);
#9743=EDGE_CURVE('',#10721,#10714,#12265,.T.);
#9744=FILL_AREA_STYLE('',(#12266));
#9745=FILL_AREA_STYLE('',(#12267));
#9746=FILL_AREA_STYLE('',(#12268));
#9747=EDGE_CURVE('',#12269,#11066,#12270,.T.);
#9748=EDGE_CURVE('',#11570,#12269,#12271,.T.);
#9749=FILL_AREA_STYLE('',(#12272));
#9750=EDGE_CURVE('',#12273,#10488,#12274,.T.);
#9751=EDGE_CURVE('',#12269,#12273,#12275,.T.);
#9752=FILL_AREA_STYLE('',(#12276));
#9753=EDGE_CURVE('',#12277,#11905,#12278,.T.);
#9754=EDGE_CURVE('',#12277,#12279,#12280,.T.);
#9755=EDGE_CURVE('',#10541,#12279,#12281,.T.);
#9756=EDGE_CURVE('',#10548,#12282,#12283,.T.);
#9757=EDGE_CURVE('',#12282,#11889,#12284,.T.);
#9758=FILL_AREA_STYLE('',(#12285));
#9759=EDGE_CURVE('',#10514,#12286,#12287,.T.);
#9760=EDGE_CURVE('',#12288,#12286,#12289,.T.);
#9761=EDGE_CURVE('',#10480,#12288,#12290,.T.);
#9762=FILL_AREA_STYLE('',(#12291));
#9763=EDGE_CURVE('',#11212,#12282,#12292,.T.);
#9764=FILL_AREA_STYLE('',(#12293));
#9765=EDGE_CURVE('',#11980,#10320,#12294,.T.);
#9766=FILL_AREA_STYLE('',(#12295));
#9767=EDGE_CURVE('',#12288,#12296,#12297,.T.);
#9768=EDGE_CURVE('',#12296,#12121,#12298,.T.);
#9769=FILL_AREA_STYLE('',(#12299));
#9770=EDGE_CURVE('',#10500,#10632,#12300,.T.);
#9771=FILL_AREA_STYLE('',(#12301));
#9772=EDGE_CURVE('',#12010,#12302,#12303,.T.);
#9773=EDGE_CURVE('',#11393,#12302,#12304,.T.);
#9774=FILL_AREA_STYLE('',(#12305));
#9775=EDGE_CURVE('',#12117,#12306,#12307,.T.);
#9776=EDGE_CURVE('',#12306,#12273,#12308,.T.);
#9777=FILL_AREA_STYLE('',(#12309));
#9778=EDGE_CURVE('',#10597,#10637,#12310,.T.);
#9779=FILL_AREA_STYLE('',(#12311));
#9780=EDGE_CURVE('',#10612,#10356,#12312,.T.);
#9781=FILL_AREA_STYLE('',(#12313));
#9782=EDGE_CURVE('',#12314,#10565,#12315,.T.);
#9783=EDGE_CURVE('',#12314,#10339,#12316,.T.);
#9784=FILL_AREA_STYLE('',(#12317));
#9785=EDGE_CURVE('',#11903,#12318,#12319,.T.);
#9786=EDGE_CURVE('',#12318,#12320,#12321,.T.);
#9787=EDGE_CURVE('',#12277,#12320,#12322,.T.);
#9788=FILL_AREA_STYLE('',(#12323));
#9789=EDGE_CURVE('',#12324,#10707,#12325,.T.);
#9790=EDGE_CURVE('',#12324,#12250,#12326,.T.);
#9791=FILL_AREA_STYLE('',(#12327));
#9792=EDGE_CURVE('',#10581,#12302,#12328,.T.);
#9793=EDGE_CURVE('',#11974,#12329,#12330,.T.);
#9794=EDGE_CURVE('',#12329,#11972,#12331,.T.);
#9795=EDGE_CURVE('',#12332,#11970,#12333,.T.);
#9796=EDGE_CURVE('',#12334,#12332,#12335,.T.);
#9797=EDGE_CURVE('',#12336,#12334,#12337,.T.);
#9798=EDGE_CURVE('',#12143,#12336,#12338,.T.);
#9799=FILL_AREA_STYLE('',(#12339));
#9800=EDGE_CURVE('',#12340,#11571,#12341,.T.);
#9801=EDGE_CURVE('',#12342,#12340,#12343,.T.);
#9802=EDGE_CURVE('',#10583,#12342,#12344,.T.);
#9803=FILL_AREA_STYLE('',(#12345));
#9804=EDGE_CURVE('',#12066,#12346,#12347,.T.);
#9805=EDGE_CURVE('',#12346,#12348,#12349,.T.);
#9806=EDGE_CURVE('',#12348,#10355,#12350,.T.);
#9807=EDGE_CURVE('',#12181,#10355,#12351,.T.);
#9808=EDGE_CURVE('',#12179,#12352,#12353,.T.);
#9809=EDGE_CURVE('',#12352,#12177,#12354,.T.);
#9810=FILL_AREA_STYLE('',(#12355));
#9811=EDGE_CURVE('',#10733,#12318,#12356,.T.);
#9812=FILL_AREA_STYLE('',(#12357));
#9813=FILL_AREA_STYLE('',(#12358));
#9814=EDGE_CURVE('',#12314,#12332,#12359,.T.);
#9815=FILL_AREA_STYLE('',(#12360));
#9816=FILL_AREA_STYLE('',(#12361));
#9817=EDGE_CURVE('',#12362,#12324,#12363,.T.);
#9818=EDGE_CURVE('',#12362,#12364,#12365,.T.);
#9819=EDGE_CURVE('',#12364,#10366,#12366,.T.);
#9820=EDGE_CURVE('',#10364,#12367,#12368,.T.);
#9821=EDGE_CURVE('',#12367,#12369,#12370,.T.);
#9822=EDGE_CURVE('',#12369,#12371,#12372,.T.);
#9823=EDGE_CURVE('',#12371,#12373,#12374,.T.);
#9824=EDGE_CURVE('',#12373,#12375,#12376,.T.);
#9825=EDGE_CURVE('',#12375,#12377,#12378,.T.);
#9826=EDGE_CURVE('',#12377,#12379,#12380,.T.);
#9827=EDGE_CURVE('',#12379,#12381,#12382,.T.);
#9828=EDGE_CURVE('',#12318,#12381,#12383,.T.);
#9829=FILL_AREA_STYLE('',(#12384));
#9830=FILL_AREA_STYLE('',(#12385));
#9831=EDGE_CURVE('',#10375,#12367,#12386,.T.);
#9832=EDGE_CURVE('',#12387,#10374,#12388,.T.);
#9833=EDGE_CURVE('',#12389,#12387,#12390,.T.);
#9834=EDGE_CURVE('',#12369,#12389,#12391,.T.);
#9835=FILL_AREA_STYLE('',(#12392));
#9836=EDGE_CURVE('',#12393,#12394,#12395,.T.);
#9837=EDGE_CURVE('',#12394,#12396,#12397,.T.);
#9838=EDGE_CURVE('',#12396,#12398,#12399,.T.);
#9839=EDGE_CURVE('',#12398,#12400,#12401,.T.);
#9840=EDGE_CURVE('',#12400,#12393,#12402,.T.);
#9841=FILL_AREA_STYLE('',(#12403));
#9842=EDGE_CURVE('',#12389,#12404,#12405,.T.);
#9843=EDGE_CURVE('',#12387,#12406,#12407,.T.);
#9844=EDGE_CURVE('',#12406,#12408,#12409,.T.);
#9845=EDGE_CURVE('',#12408,#12404,#12410,.T.);
#9846=FILL_AREA_STYLE('',(#12411));
#9847=EDGE_CURVE('',#12394,#12371,#12412,.T.);
#9848=EDGE_CURVE('',#12413,#12393,#12414,.T.);
#9849=EDGE_CURVE('',#12415,#12413,#12416,.T.);
#9850=EDGE_CURVE('',#12373,#12415,#12417,.T.);
#9851=FILL_AREA_STYLE('',(#12418));
#9852=EDGE_CURVE('',#12419,#12420,#12421,.T.);
#9853=EDGE_CURVE('',#12420,#12422,#12423,.T.);
#9854=EDGE_CURVE('',#12422,#12424,#12425,.T.);
#9855=EDGE_CURVE('',#12424,#12426,#12427,.T.);
#9856=EDGE_CURVE('',#12426,#12419,#12428,.T.);
#9857=FILL_AREA_STYLE('',(#12429));
#9858=EDGE_CURVE('',#12415,#12430,#12431,.T.);
#9859=EDGE_CURVE('',#12413,#12432,#12433,.T.);
#9860=EDGE_CURVE('',#12432,#12434,#12435,.T.);
#9861=EDGE_CURVE('',#12434,#12430,#12436,.T.);
#9862=FILL_AREA_STYLE('',(#12437));
#9863=EDGE_CURVE('',#12420,#12375,#12438,.T.);
#9864=EDGE_CURVE('',#12439,#12419,#12440,.T.);
#9865=EDGE_CURVE('',#12441,#12439,#12442,.T.);
#9866=EDGE_CURVE('',#12377,#12441,#12443,.T.);
#9867=FILL_AREA_STYLE('',(#12444));
#9868=EDGE_CURVE('',#12441,#12445,#12446,.T.);
#9869=EDGE_CURVE('',#12439,#12447,#12448,.T.);
#9870=EDGE_CURVE('',#12447,#12449,#12450,.T.);
#9871=EDGE_CURVE('',#12449,#12445,#12451,.T.);
#9872=FILL_AREA_STYLE('',(#12452));
#9873=EDGE_CURVE('',#12453,#12454,#12455,.T.);
#9874=EDGE_CURVE('',#12454,#12456,#12457,.T.);
#9875=EDGE_CURVE('',#12456,#12458,#12459,.T.);
#9876=EDGE_CURVE('',#12458,#12460,#12461,.T.);
#9877=EDGE_CURVE('',#12460,#12453,#12462,.T.);
#9878=FILL_AREA_STYLE('',(#12463));
#9879=EDGE_CURVE('',#12464,#12465,#12466,.T.);
#9880=EDGE_CURVE('',#12364,#12464,#12467,.T.);
#9881=EDGE_CURVE('',#12362,#12468,#12469,.T.);
#9882=EDGE_CURVE('',#12465,#12468,#12470,.T.);
#9883=FILL_AREA_STYLE('',(#12471));
#9884=EDGE_CURVE('',#10368,#12472,#12473,.T.);
#9885=EDGE_CURVE('',#12472,#12474,#12475,.T.);
#9886=EDGE_CURVE('',#12474,#12476,#12477,.T.);
#9887=EDGE_CURVE('',#12476,#10370,#12478,.T.);
#9888=FILL_AREA_STYLE('',(#12479));
#9889=EDGE_CURVE('',#12464,#12480,#12481,.T.);
#9890=EDGE_CURVE('',#12465,#12482,#12483,.T.);
#9891=EDGE_CURVE('',#12482,#12484,#12485,.T.);
#9892=EDGE_CURVE('',#12484,#12480,#12486,.T.);
#9893=FILL_AREA_STYLE('',(#12487));
#9894=EDGE_CURVE('',#12488,#12489,#12490,.T.);
#9895=EDGE_CURVE('',#12491,#12488,#12492,.T.);
#9896=EDGE_CURVE('',#12493,#12491,#12494,.T.);
#9897=EDGE_CURVE('',#12489,#12493,#12495,.T.);
#9898=FILL_AREA_STYLE('',(#12496));
#9899=EDGE_CURVE('',#12497,#12498,#12499,.T.);
#9900=EDGE_CURVE('',#12500,#12497,#12501,.T.);
#9901=EDGE_CURVE('',#12502,#12500,#12503,.T.);
#9902=EDGE_CURVE('',#12498,#12502,#12504,.T.);
#9903=FILL_AREA_STYLE('',(#12505));
#9904=EDGE_CURVE('',#12506,#12507,#12508,.T.);
#9905=EDGE_CURVE('',#12509,#12506,#12510,.T.);
#9906=EDGE_CURVE('',#12511,#12509,#12512,.T.);
#9907=EDGE_CURVE('',#12507,#12511,#12513,.T.);
#9908=FILL_AREA_STYLE('',(#12514));
#9909=EDGE_CURVE('',#12515,#12516,#12517,.T.);
#9910=EDGE_CURVE('',#12518,#12515,#12519,.T.);
#9911=EDGE_CURVE('',#12520,#12518,#12521,.T.);
#9912=EDGE_CURVE('',#12516,#12520,#12522,.T.);
#9913=FILL_AREA_STYLE('',(#12523));
#9914=EDGE_CURVE('',#12524,#12525,#12526,.T.);
#9915=EDGE_CURVE('',#12527,#12524,#12528,.T.);
#9916=EDGE_CURVE('',#12529,#12527,#12530,.T.);
#9917=EDGE_CURVE('',#12525,#12529,#12531,.T.);
#9918=FILL_AREA_STYLE('',(#12532));
#9919=EDGE_CURVE('',#11306,#12533,#12534,.T.);
#9920=EDGE_CURVE('',#12533,#12535,#12536,.T.);
#9921=EDGE_CURVE('',#12537,#12535,#12538,.T.);
#9922=EDGE_CURVE('',#11308,#12537,#12539,.T.);
#9923=FILL_AREA_STYLE('',(#12540));
#9924=EDGE_CURVE('',#10553,#12541,#12542,.T.);
#9925=EDGE_CURVE('',#12541,#12543,#12544,.T.);
#9926=EDGE_CURVE('',#12545,#12543,#12546,.T.);
#9927=EDGE_CURVE('',#10552,#12545,#12547,.T.);
#9928=FILL_AREA_STYLE('',(#12548));
#9929=EDGE_CURVE('',#10540,#12286,#12549,.T.);
#9930=FILL_AREA_STYLE('',(#12550));
#9931=EDGE_CURVE('',#12306,#10313,#12551,.T.);
#9932=FILL_AREA_STYLE('',(#12552));
#9933=EDGE_CURVE('',#10303,#12296,#12553,.T.);
#9934=FILL_AREA_STYLE('',(#12554));
#9935=EDGE_CURVE('',#10555,#11305,#12555,.T.);
#9936=EDGE_CURVE('',#12537,#12340,#12556,.T.);
#9937=EDGE_CURVE('',#12557,#10311,#12558,.T.);
#9938=EDGE_CURVE('',#12559,#12557,#12560,.T.);
#9939=EDGE_CURVE('',#12561,#12559,#12562,.T.);
#9940=EDGE_CURVE('',#12563,#12561,#12564,.T.);
#9941=EDGE_CURVE('',#12563,#12565,#12566,.T.);
#9942=EDGE_CURVE('',#12565,#12567,#12568,.T.);
#9943=EDGE_CURVE('',#12569,#12567,#12570,.T.);
#9944=EDGE_CURVE('',#12571,#12569,#12572,.T.);
#9945=EDGE_CURVE('',#12571,#12573,#12574,.T.);
#9946=EDGE_CURVE('',#12573,#12575,#12576,.T.);
#9947=EDGE_CURVE('',#12577,#12575,#12578,.T.);
#9948=EDGE_CURVE('',#12579,#12577,#12580,.T.);
#9949=EDGE_CURVE('',#12579,#12581,#12582,.T.);
#9950=EDGE_CURVE('',#12581,#12583,#12584,.T.);
#9951=EDGE_CURVE('',#12585,#12583,#12586,.T.);
#9952=EDGE_CURVE('',#12587,#12585,#12588,.T.);
#9953=EDGE_CURVE('',#12587,#12589,#12590,.T.);
#9954=EDGE_CURVE('',#12589,#12591,#12592,.T.);
#9955=EDGE_CURVE('',#12593,#12591,#12594,.T.);
#9956=EDGE_CURVE('',#12595,#12593,#12596,.T.);
#9957=EDGE_CURVE('',#12595,#12597,#12598,.T.);
#9958=EDGE_CURVE('',#12597,#12599,#12600,.T.);
#9959=EDGE_CURVE('',#12601,#12599,#12602,.T.);
#9960=EDGE_CURVE('',#12603,#12601,#12604,.T.);
#9961=EDGE_CURVE('',#12605,#12603,#12606,.T.);
#9962=EDGE_CURVE('',#12607,#12605,#12608,.T.);
#9963=EDGE_CURVE('',#12607,#10305,#12609,.T.);
#9964=EDGE_CURVE('',#12279,#12541,#12610,.T.);
#9965=FILL_AREA_STYLE('',(#12611));
#9966=EDGE_CURVE('',#12612,#12342,#12613,.T.);
#9967=EDGE_CURVE('',#12324,#12612,#12614,.T.);
#9968=FILL_AREA_STYLE('',(#12615));
#9969=EDGE_CURVE('',#12500,#12616,#12617,.T.);
#9970=EDGE_CURVE('',#12618,#12497,#12619,.T.);
#9971=EDGE_CURVE('',#12618,#12616,#12620,.T.);
#9972=FILL_AREA_STYLE('',(#12621));
#9973=EDGE_CURVE('',#12460,#12622,#12623,.T.);
#9974=EDGE_CURVE('',#12622,#12624,#12625,.T.);
#9975=EDGE_CURVE('',#12624,#12453,#12626,.T.);
#9976=FILL_AREA_STYLE('',(#12627));
#9977=EDGE_CURVE('',#10381,#12406,#12628,.T.);
#9978=FILL_AREA_STYLE('',(#12629));
#9979=EDGE_CURVE('',#12400,#12432,#12630,.T.);
#9980=FILL_AREA_STYLE('',(#12631));
#9981=EDGE_CURVE('',#12476,#10387,#12632,.T.);
#9982=FILL_AREA_STYLE('',(#12633));
#9983=EDGE_CURVE('',#12426,#12447,#12634,.T.);
#9984=FILL_AREA_STYLE('',(#12635));
#9985=EDGE_CURVE('',#12636,#12612,#12637,.T.);
#9986=EDGE_CURVE('',#12468,#12636,#12638,.T.);
#9987=FILL_AREA_STYLE('',(#12639));
#9988=EDGE_CURVE('',#12622,#12320,#12640,.T.);
#9989=EDGE_CURVE('',#12624,#12381,#12641,.T.);
#9990=FILL_AREA_STYLE('',(#12642));
#9991=EDGE_CURVE('',#12458,#12449,#12643,.T.);
#9992=EDGE_CURVE('',#12424,#12434,#12644,.T.);
#9993=EDGE_CURVE('',#12398,#12408,#12645,.T.);
#9994=EDGE_CURVE('',#10379,#10389,#12646,.T.);
#9995=EDGE_CURVE('',#12474,#12484,#12647,.T.);
#9996=EDGE_CURVE('',#12636,#12482,#12648,.T.);
#9997=EDGE_CURVE('',#12535,#12649,#12650,.T.);
#9998=EDGE_CURVE('',#12649,#12651,#12652,.T.);
#9999=EDGE_CURVE('',#12543,#12651,#12653,.T.);
#10000=FILL_AREA_STYLE('',(#12654));
#10001=EDGE_CURVE('',#12454,#12379,#12655,.T.);
#10002=FILL_AREA_STYLE('',(#12656));
#10003=FILL_AREA_STYLE('',(#12657));
#10004=EDGE_CURVE('',#12658,#12659,#12660,.T.);
#10005=EDGE_CURVE('',#12533,#12659,#12661,.T.);
#10006=EDGE_CURVE('',#12658,#12545,#12662,.T.);
#10007=FILL_AREA_STYLE('',(#12663));
#10008=EDGE_CURVE('',#12332,#10337,#12664,.T.);
#10009=FILL_AREA_STYLE('',(#12665));
#10010=EDGE_CURVE('',#12527,#12666,#12667,.T.);
#10011=EDGE_CURVE('',#12668,#12524,#12669,.T.);
#10012=EDGE_CURVE('',#12668,#12666,#12670,.T.);
#10013=FILL_AREA_STYLE('',(#12671));
#10014=EDGE_CURVE('',#12491,#12672,#12673,.T.);
#10015=EDGE_CURVE('',#12674,#12488,#12675,.T.);
#10016=EDGE_CURVE('',#12674,#12672,#12676,.T.);
#10017=FILL_AREA_STYLE('',(#12677));
#10018=EDGE_CURVE('',#12518,#12678,#12679,.T.);
#10019=EDGE_CURVE('',#12680,#12515,#12681,.T.);
#10020=EDGE_CURVE('',#12680,#12678,#12682,.T.);
#10021=FILL_AREA_STYLE('',(#12683));
#10022=EDGE_CURVE('',#12509,#12684,#12685,.T.);
#10023=EDGE_CURVE('',#12686,#12506,#12687,.T.);
#10024=EDGE_CURVE('',#12686,#12684,#12688,.T.);
#10025=FILL_AREA_STYLE('',(#12689));
#10026=EDGE_CURVE('',#12690,#12579,#12691,.T.);
#10027=EDGE_CURVE('',#12692,#12690,#12693,.T.);
#10028=EDGE_CURVE('',#12511,#12692,#12694,.T.);
#10029=EDGE_CURVE('',#12684,#12695,#12696,.T.);
#10030=EDGE_CURVE('',#12695,#12581,#12697,.T.);
#10031=FILL_AREA_STYLE('',(#12698));
#10032=EDGE_CURVE('',#12699,#12700,#12701,.T.);
#10033=EDGE_CURVE('',#12585,#12700,#12702,.T.);
#10034=EDGE_CURVE('',#12583,#12703,#12704,.T.);
#10035=EDGE_CURVE('',#12686,#12703,#12705,.T.);
#10036=EDGE_CURVE('',#12699,#12507,#12706,.T.);
#10037=FILL_AREA_STYLE('',(#12707));
#10038=EDGE_CURVE('',#12708,#12709,#12710,.T.);
#10039=EDGE_CURVE('',#12601,#12709,#12711,.T.);
#10040=EDGE_CURVE('',#12599,#12712,#12713,.T.);
#10041=EDGE_CURVE('',#12674,#12712,#12714,.T.);
#10042=EDGE_CURVE('',#12708,#12489,#12715,.T.);
#10043=FILL_AREA_STYLE('',(#12716));
#10044=EDGE_CURVE('',#12717,#12595,#12718,.T.);
#10045=EDGE_CURVE('',#12719,#12717,#12720,.T.);
#10046=EDGE_CURVE('',#12493,#12719,#12721,.T.);
#10047=EDGE_CURVE('',#12672,#12722,#12723,.T.);
#10048=EDGE_CURVE('',#12722,#12597,#12724,.T.);
#10049=FILL_AREA_STYLE('',(#12725));
#10050=EDGE_CURVE('',#12726,#12563,#12727,.T.);
#10051=EDGE_CURVE('',#12728,#12726,#12729,.T.);
#10052=EDGE_CURVE('',#12529,#12728,#12730,.T.);
#10053=EDGE_CURVE('',#12666,#12731,#12732,.T.);
#10054=EDGE_CURVE('',#12731,#12565,#12733,.T.);
#10055=FILL_AREA_STYLE('',(#12734));
#10056=EDGE_CURVE('',#12735,#12587,#12736,.T.);
#10057=EDGE_CURVE('',#12737,#12735,#12738,.T.);
#10058=EDGE_CURVE('',#12502,#12737,#12739,.T.);
#10059=EDGE_CURVE('',#12616,#12740,#12741,.T.);
#10060=EDGE_CURVE('',#12740,#12589,#12742,.T.);
#10061=FILL_AREA_STYLE('',(#12743));
#10062=EDGE_CURVE('',#12744,#12745,#12746,.T.);
#10063=EDGE_CURVE('',#12593,#12745,#12747,.T.);
#10064=EDGE_CURVE('',#12591,#12748,#12749,.T.);
#10065=EDGE_CURVE('',#12618,#12748,#12750,.T.);
#10066=EDGE_CURVE('',#12744,#12498,#12751,.T.);
#10067=FILL_AREA_STYLE('',(#12752));
#10068=EDGE_CURVE('',#12753,#12754,#12755,.T.);
#10069=EDGE_CURVE('',#12569,#12754,#12756,.T.);
#10070=EDGE_CURVE('',#12567,#12757,#12758,.T.);
#10071=EDGE_CURVE('',#12668,#12757,#12759,.T.);
#10072=EDGE_CURVE('',#12753,#12525,#12760,.T.);
#10073=FILL_AREA_STYLE('',(#12761));
#10074=EDGE_CURVE('',#12762,#12571,#12763,.T.);
#10075=EDGE_CURVE('',#12764,#12762,#12765,.T.);
#10076=EDGE_CURVE('',#12520,#12764,#12766,.T.);
#10077=EDGE_CURVE('',#12678,#12767,#12768,.T.);
#10078=EDGE_CURVE('',#12767,#12573,#12769,.T.);
#10079=FILL_AREA_STYLE('',(#12770));
#10080=EDGE_CURVE('',#12771,#12772,#12773,.T.);
#10081=EDGE_CURVE('',#12577,#12772,#12774,.T.);
#10082=EDGE_CURVE('',#12575,#12775,#12776,.T.);
#10083=EDGE_CURVE('',#12680,#12775,#12777,.T.);
#10084=EDGE_CURVE('',#12771,#12516,#12778,.T.);
#10085=FILL_AREA_STYLE('',(#12779));
#10086=EDGE_CURVE('',#12780,#12726,#12781,.T.);
#10087=EDGE_CURVE('',#12782,#12780,#12783,.T.);
#10088=EDGE_CURVE('',#12782,#12728,#12784,.T.);
#10089=FILL_AREA_STYLE('',(#12785));
#10090=EDGE_CURVE('',#12745,#12717,#12786,.T.);
#10091=FILL_AREA_STYLE('',(#12787));
#10092=EDGE_CURVE('',#12754,#12762,#12788,.T.);
#10093=EDGE_CURVE('',#12753,#12764,#12789,.T.);
#10094=FILL_AREA_STYLE('',(#12790));
#10095=EDGE_CURVE('',#12709,#12791,#12792,.T.);
#10096=EDGE_CURVE('',#12603,#12791,#12793,.T.);
#10097=FILL_AREA_STYLE('',(#12794));
#10098=EDGE_CURVE('',#12771,#12692,#12795,.T.);
#10099=EDGE_CURVE('',#12772,#12690,#12796,.T.);
#10100=FILL_AREA_STYLE('',(#12797));
#10101=FILL_AREA_STYLE('',(#12798));
#10102=EDGE_CURVE('',#12699,#12737,#12799,.T.);
#10103=EDGE_CURVE('',#12700,#12735,#12800,.T.);
#10104=FILL_AREA_STYLE('',(#12801));
#10105=FILL_AREA_STYLE('',(#12802));
#10106=EDGE_CURVE('',#12744,#12719,#12803,.T.);
#10107=FILL_AREA_STYLE('',(#12804));
#10108=FILL_AREA_STYLE('',(#12805));
#10109=EDGE_CURVE('',#12782,#12806,#12807,.T.);
#10110=EDGE_CURVE('',#12808,#12806,#12809,.T.);
#10111=EDGE_CURVE('',#12810,#12808,#12811,.T.);
#10112=EDGE_CURVE('',#12810,#12782,#12812,.T.);
#10113=FILL_AREA_STYLE('',(#12813));
#10114=EDGE_CURVE('',#12814,#12791,#12815,.T.);
#10115=EDGE_CURVE('',#12708,#12814,#12816,.T.);
#10116=FILL_AREA_STYLE('',(#12817));
#10117=EDGE_CURVE('',#12814,#12818,#12819,.T.);
#10118=EDGE_CURVE('',#12791,#12818,#12820,.T.);
#10119=FILL_AREA_STYLE('',(#12821));
#10120=EDGE_CURVE('',#12810,#10309,#12822,.T.);
#10121=EDGE_CURVE('',#10309,#12808,#12823,.T.);
#10122=FILL_AREA_STYLE('',(#12824));
#10123=EDGE_CURVE('',#12806,#12780,#12825,.T.);
#10124=FILL_AREA_STYLE('',(#12826));
#10125=EDGE_CURVE('',#12557,#12808,#12827,.T.);
#10126=FILL_AREA_STYLE('',(#12828));
#10127=EDGE_CURVE('',#12829,#12830,#12831,.T.);
#10128=EDGE_CURVE('',#12829,#10307,#12832,.T.);
#10129=EDGE_CURVE('',#12830,#10307,#12833,.T.);
#10130=FILL_AREA_STYLE('',(#12834));
#10131=EDGE_CURVE('',#12561,#12780,#12835,.T.);
#10132=EDGE_CURVE('',#12559,#12806,#12836,.T.);
#10133=FILL_AREA_STYLE('',(#12837));
#10134=EDGE_CURVE('',#12818,#12830,#12838,.T.);
#10135=EDGE_CURVE('',#12814,#12829,#12839,.T.);
#10136=FILL_AREA_STYLE('',(#12840));
#10137=EDGE_CURVE('',#12830,#12607,#12841,.T.);
#10138=FILL_AREA_STYLE('',(#12842));
#10139=EDGE_CURVE('',#12829,#12810,#12843,.T.);
#10140=FILL_AREA_STYLE('',(#12844));
#10141=EDGE_CURVE('',#12605,#12818,#12845,.T.);
#10142=FILL_AREA_STYLE('',(#12846));
#10143=FILL_AREA_STYLE('',(#12847));
#10144=FILL_AREA_STYLE('',(#12848));
#10145=FILL_AREA_STYLE('',(#12849));
#10146=FILL_AREA_STYLE('',(#12850));
#10147=EDGE_CURVE('',#12649,#12659,#12851,.T.);
#10148=FILL_AREA_STYLE('',(#12852));
#10149=EDGE_CURVE('',#12658,#12651,#12853,.T.);
#10150=FILL_AREA_STYLE('',(#12854));
#10151=FILL_AREA_STYLE('',(#12855));
#10152=EDGE_CURVE('',#12138,#10334,#12856,.T.);
#10153=EDGE_CURVE('',#12134,#10347,#12857,.T.);
#10154=FILL_AREA_STYLE('',(#12858));
#10155=EDGE_CURVE('',#12107,#10335,#12859,.T.);
#10156=FILL_AREA_STYLE('',(#12860));
#10157=EDGE_CURVE('',#12336,#12142,#12861,.T.);
#10158=FILL_AREA_STYLE('',(#12862));
#10159=FILL_AREA_STYLE('',(#12863));
#10160=EDGE_CURVE('',#12334,#12105,#12864,.T.);
#10161=FILL_AREA_STYLE('',(#12865));
#10162=FILL_AREA_STYLE('',(#12866));
#10163=EDGE_CURVE('',#12346,#12072,#12867,.T.);
#10164=FILL_AREA_STYLE('',(#12868));
#10165=EDGE_CURVE('',#12348,#12070,#12869,.T.);
#10166=FILL_AREA_STYLE('',(#12870));
#10167=EDGE_CURVE('',#12056,#10317,#12871,.T.);
#10168=FILL_AREA_STYLE('',(#12872));
#10169=EDGE_CURVE('',#12076,#10318,#12873,.T.);
#10170=FILL_AREA_STYLE('',(#12874));
#10171=EDGE_CURVE('',#12078,#10330,#12875,.T.);
#10172=FILL_AREA_STYLE('',(#12876));
#10173=FILL_AREA_STYLE('',(#12877));
#10174=FILL_AREA_STYLE('',(#12878));
#10175=EDGE_LOOP('',(#12879,#12880,#12881,#12882));
#10176=AXIS2_PLACEMENT_3D('',#12883,#12884,#12885);
#10177=EDGE_LOOP('',(#12886,#12887,#12888,#12889));
#10178=AXIS2_PLACEMENT_3D('',#12890,#12891,#12892);
#10179=EDGE_LOOP('',(#12893,#12894,#12895,#12896,#12897));
#10180=AXIS2_PLACEMENT_3D('',#12898,#12899,#12900);
#10181=EDGE_LOOP('',(#12901,#12902,#12903,#12904));
#10182=AXIS2_PLACEMENT_3D('',#12905,#12906,#12907);
#10183=EDGE_LOOP('',(#12908,#12909,#12910,#12911,#12912));
#10184=AXIS2_PLACEMENT_3D('',#12913,#12914,#12915);
#10185=EDGE_LOOP('',(#12916,#12917,#12918,#12919,#12920,#12921));
#10186=AXIS2_PLACEMENT_3D('',#12922,#12923,#12924);
#10187=EDGE_LOOP('',(#12925,#12926,#12927,#12928));
#10188=AXIS2_PLACEMENT_3D('',#12929,#12930,#12931);
#10189=EDGE_LOOP('',(#12932,#12933,#12934,#12935));
#10190=AXIS2_PLACEMENT_3D('',#12936,#12937,#12938);
#10191=EDGE_LOOP('',(#12939,#12940,#12941,#12942));
#10192=AXIS2_PLACEMENT_3D('',#12943,#12944,#12945);
#10193=EDGE_LOOP('',(#12946,#12947,#12948,#12949));
#10194=AXIS2_PLACEMENT_3D('',#12950,#12951,#12952);
#10195=EDGE_LOOP('',(#12953,#12954,#12955,#12956));
#10196=AXIS2_PLACEMENT_3D('',#12957,#12958,#12959);
#10197=EDGE_LOOP('',(#12960,#12961,#12962,#12963,#12964));
#10198=AXIS2_PLACEMENT_3D('',#12965,#12966,#12967);
#10199=EDGE_LOOP('',(#12968,#12969,#12970,#12971));
#10200=AXIS2_PLACEMENT_3D('',#12972,#12973,#12974);
#10201=EDGE_LOOP('',(#12975,#12976,#12977,#12978,#12979));
#10202=AXIS2_PLACEMENT_3D('',#12980,#12981,#12982);
#10203=EDGE_LOOP('',(#12983,#12984,#12985,#12986,#12987,#12988));
#10204=AXIS2_PLACEMENT_3D('',#12989,#12990,#12991);
#10205=EDGE_LOOP('',(#12992,#12993,#12994,#12995));
#10206=AXIS2_PLACEMENT_3D('',#12996,#12997,#12998);
#10207=EDGE_LOOP('',(#12999,#13000,#13001,#13002));
#10208=AXIS2_PLACEMENT_3D('',#13003,#13004,#13005);
#10209=EDGE_LOOP('',(#13006,#13007,#13008,#13009));
#10210=AXIS2_PLACEMENT_3D('',#13010,#13011,#13012);
#10211=EDGE_LOOP('',(#13013,#13014,#13015,#13016));
#10212=AXIS2_PLACEMENT_3D('',#13017,#13018,#13019);
#10213=EDGE_LOOP('',(#13020,#13021,#13022,#13023));
#10214=AXIS2_PLACEMENT_3D('',#13024,#13025,#13026);
#10215=EDGE_LOOP('',(#13027,#13028,#13029,#13030,#13031));
#10216=AXIS2_PLACEMENT_3D('',#13032,#13033,#13034);
#10217=EDGE_LOOP('',(#13035,#13036,#13037,#13038));
#10218=AXIS2_PLACEMENT_3D('',#13039,#13040,#13041);
#10219=EDGE_LOOP('',(#13042,#13043,#13044,#13045,#13046));
#10220=AXIS2_PLACEMENT_3D('',#13047,#13048,#13049);
#10221=EDGE_LOOP('',(#13050,#13051,#13052,#13053,#13054,#13055));
#10222=AXIS2_PLACEMENT_3D('',#13056,#13057,#13058);
#10223=EDGE_LOOP('',(#13059,#13060,#13061,#13062));
#10224=AXIS2_PLACEMENT_3D('',#13063,#13064,#13065);
#10225=EDGE_LOOP('',(#13066,#13067,#13068,#13069));
#10226=AXIS2_PLACEMENT_3D('',#13070,#13071,#13072);
#10227=EDGE_LOOP('',(#13073,#13074,#13075,#13076));
#10228=AXIS2_PLACEMENT_3D('',#13077,#13078,#13079);
#10229=EDGE_LOOP('',(#13080,#13081,#13082,#13083));
#10230=AXIS2_PLACEMENT_3D('',#13084,#13085,#13086);
#10231=EDGE_LOOP('',(#13087,#13088,#13089,#13090));
#10232=AXIS2_PLACEMENT_3D('',#13091,#13092,#13093);
#10233=EDGE_LOOP('',(#13094,#13095,#13096,#13097,#13098));
#10234=AXIS2_PLACEMENT_3D('',#13099,#13100,#13101);
#10235=EDGE_LOOP('',(#13102,#13103,#13104,#13105));
#10236=AXIS2_PLACEMENT_3D('',#13106,#13107,#13108);
#10237=EDGE_LOOP('',(#13109,#13110,#13111,#13112,#13113));
#10238=AXIS2_PLACEMENT_3D('',#13114,#13115,#13116);
#10239=EDGE_LOOP('',(#13117,#13118,#13119,#13120,#13121,#13122));
#10240=AXIS2_PLACEMENT_3D('',#13123,#13124,#13125);
#10241=EDGE_LOOP('',(#13126,#13127,#13128,#13129));
#10242=AXIS2_PLACEMENT_3D('',#13130,#13131,#13132);
#10243=EDGE_LOOP('',(#13133,#13134,#13135,#13136));
#10244=AXIS2_PLACEMENT_3D('',#13137,#13138,#13139);
#10245=EDGE_LOOP('',(#13140,#13141,#13142,#13143));
#10246=AXIS2_PLACEMENT_3D('',#13144,#13145,#13146);
#10247=EDGE_LOOP('',(#13147,#13148,#13149,#13150));
#10248=AXIS2_PLACEMENT_3D('',#13151,#13152,#13153);
#10249=EDGE_LOOP('',(#13154,#13155,#13156,#13157));
#10250=AXIS2_PLACEMENT_3D('',#13158,#13159,#13160);
#10251=EDGE_LOOP('',(#13161,#13162,#13163,#13164,#13165));
#10252=AXIS2_PLACEMENT_3D('',#13166,#13167,#13168);
#10253=EDGE_LOOP('',(#13169,#13170,#13171,#13172));
#10254=AXIS2_PLACEMENT_3D('',#13173,#13174,#13175);
#10255=EDGE_LOOP('',(#13176,#13177,#13178,#13179,#13180));
#10256=AXIS2_PLACEMENT_3D('',#13181,#13182,#13183);
#10257=EDGE_LOOP('',(#13184,#13185,#13186,#13187,#13188,#13189));
#10258=AXIS2_PLACEMENT_3D('',#13190,#13191,#13192);
#10259=EDGE_LOOP('',(#13193,#13194,#13195,#13196));
#10260=AXIS2_PLACEMENT_3D('',#13197,#13198,#13199);
#10261=EDGE_LOOP('',(#13200,#13201,#13202,#13203));
#10262=AXIS2_PLACEMENT_3D('',#13204,#13205,#13206);
#10263=EDGE_LOOP('',(#13207,#13208,#13209,#13210));
#10264=AXIS2_PLACEMENT_3D('',#13211,#13212,#13213);
#10265=FILL_AREA_STYLE_COLOUR('',#13214);
#10266=VERTEX_POINT('',#13215);
#10267=VERTEX_POINT('',#13216);
#10268=LINE('',#13217,#13218);
#10269=VERTEX_POINT('',#13219);
#10270=CIRCLE('',#13220,0.15);
#10271=VERTEX_POINT('',#13221);
#10272=LINE('',#13222,#13223);
#10273=CIRCLE('',#13224,0.15);
#10274=FILL_AREA_STYLE_COLOUR('',#13225);
#10275=VERTEX_POINT('',#13226);
#10276=VERTEX_POINT('',#13227);
#10277=LINE('',#13228,#13229);
#10278=VERTEX_POINT('',#13230);
#10279=CIRCLE('',#13231,0.15);
#10280=VERTEX_POINT('',#13232);
#10281=LINE('',#13233,#13234);
#10282=CIRCLE('',#13235,0.15);
#10283=FILL_AREA_STYLE_COLOUR('',#13236);
#10284=VERTEX_POINT('',#13237);
#10285=VERTEX_POINT('',#13238);
#10286=LINE('',#13239,#13240);
#10287=VERTEX_POINT('',#13241);
#10288=LINE('',#13242,#13243);
#10289=VERTEX_POINT('',#13244);
#10290=CIRCLE('',#13245,0.3);
#10291=LINE('',#13246,#13247);
#10292=FILL_AREA_STYLE_COLOUR('',#13248);
#10293=VERTEX_POINT('',#13249);
#10294=VERTEX_POINT('',#13250);
#10295=CIRCLE('',#13251,0.3);
#10296=VERTEX_POINT('',#13252);
#10297=LINE('',#13253,#13254);
#10298=VERTEX_POINT('',#13255);
#10299=LINE('',#13256,#13257);
#10300=LINE('',#13258,#13259);
#10301=FILL_AREA_STYLE_COLOUR('',#13260);
#10302=LINE('',#13261,#13262);
#10303=VERTEX_POINT('',#13263);
#10304=LINE('',#13264,#13265);
#10305=VERTEX_POINT('',#13266);
#10306=LINE('',#13267,#13268);
#10307=VERTEX_POINT('',#13269);
#10308=LINE('',#13270,#13271);
#10309=VERTEX_POINT('',#13272);
#10310=LINE('',#13273,#13274);
#10311=VERTEX_POINT('',#13275);
#10312=LINE('',#13276,#13277);
#10313=VERTEX_POINT('',#13278);
#10314=LINE('',#13279,#13280);
#10315=LINE('',#13281,#13282);
#10316=FILL_AREA_STYLE_COLOUR('',#13283);
#10317=VERTEX_POINT('',#13284);
#10318=VERTEX_POINT('',#13285);
#10319=LINE('',#13286,#13287);
#10320=VERTEX_POINT('',#13288);
#10321=CIRCLE('',#13289,0.399999999999936);
#10322=VERTEX_POINT('',#13290);
#10323=CIRCLE('',#13291,0.1);
#10324=VERTEX_POINT('',#13292);
#10325=ELLIPSE('',#13293,104.887925179327,0.15);
#10326=VERTEX_POINT('',#13294);
#10327=LINE('',#13295,#13296);
#10328=VERTEX_POINT('',#13297);
#10329=LINE('',#13298,#13299);
#10330=VERTEX_POINT('',#13300);
#10331=LINE('',#13301,#13302);
#10332=LINE('',#13303,#13304);
#10333=FILL_AREA_STYLE_COLOUR('',#13305);
#10334=VERTEX_POINT('',#13306);
#10335=VERTEX_POINT('',#13307);
#10336=LINE('',#13308,#13309);
#10337=VERTEX_POINT('',#13310);
#10338=LINE('',#13311,#13312);
#10339=VERTEX_POINT('',#13313);
#10340=LINE('',#13314,#13315);
#10341=VERTEX_POINT('',#13316);
#10342=LINE('',#13317,#13318);
#10343=VERTEX_POINT('',#13319);
#10344=ELLIPSE('',#13320,99.4674827605405,0.15);
#10345=VERTEX_POINT('',#13321);
#10346=CIRCLE('',#13322,0.1);
#10347=VERTEX_POINT('',#13323);
#10348=CIRCLE('',#13324,0.399999999999936);
#10349=LINE('',#13325,#13326);
#10350=FILL_AREA_STYLE_COLOUR('',#13327);
#10351=VERTEX_POINT('',#13328);
#10352=B_SPLINE_CURVE_WITH_KNOTS('',3,(#13329,#13330,#13331,#13332),.UNSPECIFIED.,.F.,.F.,(4,4),(1.48810752441221E-05,0.000139467040342497),.UNSPECIFIED.);
#10353=LINE('',#13333,#13334);
#10354=FILL_AREA_STYLE_COLOUR('',#13335);
#10355=VERTEX_POINT('',#13336);
#10356=VERTEX_POINT('',#13337);
#10357=LINE('',#13338,#13339);
#10358=LINE('',#13340,#13341);
#10359=LINE('',#13342,#13343);
#10360=FILL_AREA_STYLE_COLOUR('',#13344);
#10361=VERTEX_POINT('',#13345);
#10362=VERTEX_POINT('',#13346);
#10363=LINE('',#13347,#13348);
#10364=VERTEX_POINT('',#13349);
#10365=LINE('',#13350,#13351);
#10366=VERTEX_POINT('',#13352);
#10367=LINE('',#13353,#13354);
#10368=VERTEX_POINT('',#13355);
#10369=LINE('',#13356,#13357);
#10370=VERTEX_POINT('',#13358);
#10371=LINE('',#13359,#13360);
#10372=LINE('',#13361,#13362);
#10373=FILL_AREA_STYLE_COLOUR('',#13363);
#10374=VERTEX_POINT('',#13364);
#10375=VERTEX_POINT('',#13365);
#10376=LINE('',#13366,#13367);
#10377=VERTEX_POINT('',#13368);
#10378=CIRCLE('',#13369,0.4);
#10379=VERTEX_POINT('',#13370);
#10380=LINE('',#13371,#13372);
#10381=VERTEX_POINT('',#13373);
#10382=LINE('',#13374,#13375);
#10383=LINE('',#13376,#13377);
#10384=FILL_AREA_STYLE_COLOUR('',#13378);
#10385=VERTEX_POINT('',#13379);
#10386=CIRCLE('',#13380,0.4);
#10387=VERTEX_POINT('',#13381);
#10388=LINE('',#13382,#13383);
#10389=VERTEX_POINT('',#13384);
#10390=LINE('',#13385,#13386);
#10391=LINE('',#13387,#13388);
#10392=FILL_AREA_STYLE_COLOUR('',#13389);
#10393=VERTEX_POINT('',#13390);
#10394=VERTEX_POINT('',#13391);
#10395=B_SPLINE_CURVE_WITH_KNOTS('',3,(#13392,#13393,#13394,#13395),.UNSPECIFIED.,.F.,.F.,(4,4),(0.0,1.0),.UNSPECIFIED.);
#10396=VERTEX_POINT('',#13396);
#10397=LINE('',#13397,#13398);
#10398=VERTEX_POINT('',#13399);
#10399=B_SPLINE_CURVE_WITH_KNOTS('',3,(#13400,#13401,#13402,#13403),.UNSPECIFIED.,.F.,.F.,(4,4),(0.0,0.998391706828755),.UNSPECIFIED.);
#10400=VERTEX_POINT('',#13404);
#10401=LINE('',#13405,#13406);
#10402=VERTEX_POINT('',#13407);
#10403=LINE('',#13408,#13409);
#10404=VERTEX_POINT('',#13410);
#10405=CIRCLE('',#13411,0.100000000000002);
#10406=VERTEX_POINT('',#13412);
#10407=LINE('',#13413,#13414);
#10408=VERTEX_POINT('',#13415);
#10409=CIRCLE('',#13416,0.1);
#10410=VERTEX_POINT('',#13417);
#10411=LINE('',#13418,#13419);
#10412=VERTEX_POINT('',#13420);
#10413=CIRCLE('',#13421,0.1);
#10414=VERTEX_POINT('',#13422);
#10415=LINE('',#13423,#13424);
#10416=VERTEX_POINT('',#13425);
#10417=CIRCLE('',#13426,0.1);
#10418=VERTEX_POINT('',#13427);
#10419=LINE('',#13428,#13429);
#10420=VERTEX_POINT('',#13430);
#10421=CIRCLE('',#13431,0.1);
#10422=VERTEX_POINT('',#13432);
#10423=LINE('',#13433,#13434);
#10424=VERTEX_POINT('',#13435);
#10425=CIRCLE('',#13436,0.1);
#10426=VERTEX_POINT('',#13437);
#10427=LINE('',#13438,#13439);
#10428=VERTEX_POINT('',#13440);
#10429=CIRCLE('',#13441,0.1);
#10430=VERTEX_POINT('',#13442);
#10431=LINE('',#13443,#13444);
#10432=VERTEX_POINT('',#13445);
#10433=CIRCLE('',#13446,0.1);
#10434=VERTEX_POINT('',#13447);
#10435=LINE('',#13448,#13449);
#10436=LINE('',#13450,#13451);
#10437=VERTEX_POINT('',#13452);
#10438=VERTEX_POINT('',#13453);
#10439=CIRCLE('',#13454,0.1);
#10440=VERTEX_POINT('',#13455);
#10441=LINE('',#13456,#13457);
#10442=VERTEX_POINT('',#13458);
#10443=CIRCLE('',#13459,0.100000000000002);
#10444=VERTEX_POINT('',#13460);
#10445=LINE('',#13461,#13462);
#10446=VERTEX_POINT('',#13463);
#10447=LINE('',#13464,#13465);
#10448=VERTEX_POINT('',#13466);
#10449=LINE('',#13467,#13468);
#10450=VERTEX_POINT('',#13469);
#10451=B_SPLINE_CURVE_WITH_KNOTS('',3,(#13470,#13471,#13472,#13473),.UNSPECIFIED.,.F.,.F.,(4,4),(0.0,0.998391706910384),.UNSPECIFIED.);
#10452=VERTEX_POINT('',#13474);
#10453=LINE('',#13475,#13476);
#10454=VERTEX_POINT('',#13477);
#10455=LINE('',#13478,#13479);
#10456=VERTEX_POINT('',#13480);
#10457=CIRCLE('',#13481,0.100000000000002);
#10458=VERTEX_POINT('',#13482);
#10459=LINE('',#13483,#13484);
#10460=VERTEX_POINT('',#13485);
#10461=CIRCLE('',#13486,0.1);
#10462=VERTEX_POINT('',#13487);
#10463=LINE('',#13488,#13489);
#10464=VERTEX_POINT('',#13490);
#10465=CIRCLE('',#13491,0.1);
#10466=VERTEX_POINT('',#13492);
#10467=LINE('',#13493,#13494);
#10468=VERTEX_POINT('',#13495);
#10469=CIRCLE('',#13496,0.1);
#10470=VERTEX_POINT('',#13497);
#10471=LINE('',#13498,#13499);
#10472=VERTEX_POINT('',#13500);
#10473=CIRCLE('',#13501,0.1);
#10474=VERTEX_POINT('',#13502);
#10475=LINE('',#13503,#13504);
#10476=VERTEX_POINT('',#13505);
#10477=CIRCLE('',#13506,0.1);
#10478=LINE('',#13507,#13508);
#10479=VERTEX_POINT('',#13509);
#10480=VERTEX_POINT('',#13510);
#10481=LINE('',#13511,#13512);
#10482=VERTEX_POINT('',#13513);
#10483=LINE('',#13514,#13515);
#10484=VERTEX_POINT('',#13516);
#10485=LINE('',#13517,#13518);
#10486=VERTEX_POINT('',#13519);
#10487=LINE('',#13520,#13521);
#10488=VERTEX_POINT('',#13522);
#10489=LINE('',#13523,#13524);
#10490=VERTEX_POINT('',#13525);
#10491=B_SPLINE_CURVE_WITH_KNOTS('',3,(#13526,#13527,#13528,#13529),.UNSPECIFIED.,.F.,.F.,(4,4),(1.97057520354172E-07,0.000131979929021013),.UNSPECIFIED.);
#10492=VERTEX_POINT('',#13530);
#10493=LINE('',#13531,#13532);
#10494=VERTEX_POINT('',#13533);
#10495=LINE('',#13534,#13535);
#10496=VERTEX_POINT('',#13536);
#10497=LINE('',#13537,#13538);
#10498=B_SPLINE_CURVE_WITH_KNOTS('',3,(#13539,#13540,#13541,#13542),.UNSPECIFIED.,.F.,.F.,(4,4),(4.30276407504875E-05,0.000174673148830489),.UNSPECIFIED.);
#10499=FILL_AREA_STYLE_COLOUR('',#13543);
#10500=VERTEX_POINT('',#13544);
#10501=VERTEX_POINT('',#13545);
#10502=ELLIPSE('',#13546,0.212132034355964,0.15);
#10503=VERTEX_POINT('',#13547);
#10504=CIRCLE('',#13548,0.15);
#10505=VERTEX_POINT('',#13549);
#10506=B_SPLINE_CURVE_WITH_KNOTS('',3,(#13550,#13551,#13552,#13553),.UNSPECIFIED.,.F.,.F.,(4,4),(0.233332886507402,1.0),.UNSPECIFIED.);
#10507=VERTEX_POINT('',#13554);
#10508=CIRCLE('',#13555,0.15);
#10509=LINE('',#13556,#13557);
#10510=FILL_AREA_STYLE_COLOUR('',#13558);
#10511=VERTEX_POINT('',#13559);
#10512=VERTEX_POINT('',#13560);
#10513=LINE('',#13561,#13562);
#10514=VERTEX_POINT('',#13563);
#10515=LINE('',#13564,#13565);
#10516=VERTEX_POINT('',#13566);
#10517=B_SPLINE_CURVE_WITH_KNOTS('',3,(#13567,#13568,#13569,#13570),.UNSPECIFIED.,.F.,.F.,(4,4),(4.3027640752558E-05,0.000174673148851314),.UNSPECIFIED.);
#10518=VERTEX_POINT('',#13571);
#10519=LINE('',#13572,#13573);
#10520=VERTEX_POINT('',#13574);
#10521=LINE('',#13575,#13576);
#10522=VERTEX_POINT('',#13577);
#10523=LINE('',#13578,#13579);
#10524=VERTEX_POINT('',#13580);
#10525=LINE('',#13581,#13582);
#10526=VERTEX_POINT('',#13583);
#10527=LINE('',#13584,#13585);
#10528=VERTEX_POINT('',#13586);
#10529=CIRCLE('',#13587,0.549999999999987);
#10530=VERTEX_POINT('',#13588);
#10531=LINE('',#13589,#13590);
#10532=CIRCLE('',#13591,0.549999999999988);
#10533=FILL_AREA_STYLE_COLOUR('',#13592);
#10534=VERTEX_POINT('',#13593);
#10535=ELLIPSE('',#13594,0.353553390593273,0.25);
#10536=VERTEX_POINT('',#13595);
#10537=CIRCLE('',#13596,0.25);
#10538=LINE('',#13597,#13598);
#10539=FILL_AREA_STYLE_COLOUR('',#13599);
#10540=VERTEX_POINT('',#13600);
#10541=VERTEX_POINT('',#13601);
#10542=LINE('',#13602,#13603);
#10543=LINE('',#13604,#13605);
#10544=VERTEX_POINT('',#13606);
#10545=LINE('',#13607,#13608);
#10546=VERTEX_POINT('',#13609);
#10547=LINE('',#13610,#13611);
#10548=VERTEX_POINT('',#13612);
#10549=LINE('',#13613,#13614);
#10550=LINE('',#13615,#13616);
#10551=FILL_AREA_STYLE_COLOUR('',#13617);
#10552=VERTEX_POINT('',#13618);
#10553=VERTEX_POINT('',#13619);
#10554=LINE('',#13620,#13621);
#10555=VERTEX_POINT('',#13622);
#10556=LINE('',#13623,#13624);
#10557=VERTEX_POINT('',#13625);
#10558=LINE('',#13626,#13627);
#10559=VERTEX_POINT('',#13628);
#10560=LINE('',#13629,#13630);
#10561=VERTEX_POINT('',#13631);
#10562=LINE('',#13632,#13633);
#10563=LINE('',#13634,#13635);
#10564=FILL_AREA_STYLE_COLOUR('',#13636);
#10565=VERTEX_POINT('',#13637);
#10566=VERTEX_POINT('',#13638);
#10567=LINE('',#13639,#13640);
#10568=VERTEX_POINT('',#13641);
#10569=LINE('',#13642,#13643);
#10570=VERTEX_POINT('',#13644);
#10571=LINE('',#13645,#13646);
#10572=VERTEX_POINT('',#13647);
#10573=LINE('',#13648,#13649);
#10574=VERTEX_POINT('',#13650);
#10575=CIRCLE('',#13651,0.399999999995932);
#10576=VERTEX_POINT('',#13652);
#10577=LINE('',#13653,#13654);
#10578=LINE('',#13655,#13656);
#10579=FILL_AREA_STYLE_COLOUR('',#13657);
#10580=VERTEX_POINT('',#13658);
#10581=VERTEX_POINT('',#13659);
#10582=CIRCLE('',#13660,0.5);
#10583=VERTEX_POINT('',#13661);
#10584=CIRCLE('',#13662,0.5);
#10585=VERTEX_POINT('',#13663);
#10586=LINE('',#13664,#13665);
#10587=VERTEX_POINT('',#13666);
#10588=LINE('',#13667,#13668);
#10589=VERTEX_POINT('',#13669);
#10590=CIRCLE('',#13670,0.2);
#10591=VERTEX_POINT('',#13671);
#10592=LINE('',#13672,#13673);
#10593=VERTEX_POINT('',#13674);
#10594=CIRCLE('',#13675,0.2);
#10595=LINE('',#13676,#13677);
#10596=FILL_AREA_STYLE_COLOUR('',#13678);
#10597=VERTEX_POINT('',#13679);
#10598=VERTEX_POINT('',#13680);
#10599=ELLIPSE('',#13681,0.212132034355964,0.15);
#10600=CIRCLE('',#13682,0.15);
#10601=VERTEX_POINT('',#13683);
#10602=CIRCLE('',#13684,0.15);
#10603=LINE('',#13685,#13686);
#10604=FILL_AREA_STYLE_COLOUR('',#13687);
#10605=VERTEX_POINT('',#13688);
#10606=LINE('',#13689,#13690);
#10607=VERTEX_POINT('',#13691);
#10608=LINE('',#13692,#13693);
#10609=LINE('',#13694,#13695);
#10610=FILL_AREA_STYLE_COLOUR('',#13696);
#10611=VERTEX_POINT('',#13697);
#10612=VERTEX_POINT('',#13698);
#10613=LINE('',#13699,#13700);
#10614=VERTEX_POINT('',#13701);
#10615=LINE('',#13702,#13703);
#10616=VERTEX_POINT('',#13704);
#10617=LINE('',#13705,#13706);
#10618=VERTEX_POINT('',#13707);
#10619=CIRCLE('',#13708,0.399999999995932);
#10620=VERTEX_POINT('',#13709);
#10621=LINE('',#13710,#13711);
#10622=VERTEX_POINT('',#13712);
#10623=LINE('',#13713,#13714);
#10624=LINE('',#13715,#13716);
#10625=FILL_AREA_STYLE_COLOUR('',#13717);
#10626=VERTEX_POINT('',#13718);
#10627=LINE('',#13719,#13720);
#10628=VERTEX_POINT('',#13721);
#10629=LINE('',#13722,#13723);
#10630=LINE('',#13724,#13725);
#10631=FILL_AREA_STYLE_COLOUR('',#13726);
#10632=VERTEX_POINT('',#13727);
#10633=ELLIPSE('',#13728,0.212132034355964,0.15);
#10634=CIRCLE('',#13729,0.15);
#10635=CIRCLE('',#13730,0.15);
#10636=FILL_AREA_STYLE_COLOUR('',#13731);
#10637=VERTEX_POINT('',#13732);
#10638=ELLIPSE('',#13733,0.212132034355964,0.15);
#10639=VERTEX_POINT('',#13734);
#10640=CIRCLE('',#13735,0.15);
#10641=VERTEX_POINT('',#13736);
#10642=B_SPLINE_CURVE_WITH_KNOTS('',3,(#13737,#13738,#13739,#13740),.UNSPECIFIED.,.F.,.F.,(4,4),(0.0,0.766666351539656),.UNSPECIFIED.);
#10643=CIRCLE('',#13741,0.15);
#10644=FILL_AREA_STYLE_COLOUR('',#13742);
#10645=VERTEX_POINT('',#13743);
#10646=VERTEX_POINT('',#13744);
#10647=ELLIPSE('',#13745,0.40388736053509,0.15);
#10648=VERTEX_POINT('',#13746);
#10649=LINE('',#13747,#13748);
#10650=VERTEX_POINT('',#13749);
#10651=ELLIPSE('',#13750,0.40388736053509,0.15);
#10652=LINE('',#13751,#13752);
#10653=FILL_AREA_STYLE_COLOUR('',#13753);
#10654=VERTEX_POINT('',#13754);
#10655=VERTEX_POINT('',#13755);
#10656=ELLIPSE('',#13756,0.403887360535088,0.15);
#10657=VERTEX_POINT('',#13757);
#10658=LINE('',#13758,#13759);
#10659=VERTEX_POINT('',#13760);
#10660=ELLIPSE('',#13761,0.403887360535088,0.15);
#10661=LINE('',#13762,#13763);
#10662=FILL_AREA_STYLE_COLOUR('',#13764);
#10663=VERTEX_POINT('',#13765);
#10664=VERTEX_POINT('',#13766);
#10665=ELLIPSE('',#13767,0.403887360535089,0.15);
#10666=VERTEX_POINT('',#13768);
#10667=LINE('',#13769,#13770);
#10668=VERTEX_POINT('',#13771);
#10669=ELLIPSE('',#13772,0.403887360535089,0.15);
#10670=LINE('',#13773,#13774);
#10671=FILL_AREA_STYLE_COLOUR('',#13775);
#10672=VERTEX_POINT('',#13776);
#10673=VERTEX_POINT('',#13777);
#10674=ELLIPSE('',#13778,0.40388736053509,0.15);
#10675=VERTEX_POINT('',#13779);
#10676=LINE('',#13780,#13781);
#10677=VERTEX_POINT('',#13782);
#10678=ELLIPSE('',#13783,0.40388736053509,0.15);
#10679=LINE('',#13784,#13785);
#10680=FILL_AREA_STYLE_COLOUR('',#13786);
#10681=VERTEX_POINT('',#13787);
#10682=VERTEX_POINT('',#13788);
#10683=LINE('',#13789,#13790);
#10684=CIRCLE('',#13791,0.15);
#10685=CIRCLE('',#13792,0.15);
#10686=FILL_AREA_STYLE_COLOUR('',#13793);
#10687=VERTEX_POINT('',#13794);
#10688=VERTEX_POINT('',#13795);
#10689=LINE('',#13796,#13797);
#10690=CIRCLE('',#13798,0.15);
#10691=CIRCLE('',#13799,0.15);
#10692=FILL_AREA_STYLE_COLOUR('',#13800);
#10693=VERTEX_POINT('',#13801);
#10694=VERTEX_POINT('',#13802);
#10695=LINE('',#13803,#13804);
#10696=CIRCLE('',#13805,0.15);
#10697=CIRCLE('',#13806,0.15);
#10698=FILL_AREA_STYLE_COLOUR('',#13807);
#10699=VERTEX_POINT('',#13808);
#10700=VERTEX_POINT('',#13809);
#10701=LINE('',#13810,#13811);
#10702=CIRCLE('',#13812,0.15);
#10703=CIRCLE('',#13813,0.15);
#10704=FILL_AREA_STYLE_COLOUR('',#13814);
#10705=VERTEX_POINT('',#13815);
#10706=CIRCLE('',#13816,0.15);
#10707=VERTEX_POINT('',#13817);
#10708=LINE('',#13818,#13819);
#10709=VERTEX_POINT('',#13820);
#10710=LINE('',#13821,#13822);
#10711=CIRCLE('',#13823,0.15);
#10712=LINE('',#13824,#13825);
#10713=FILL_AREA_STYLE_COLOUR('',#13826);
#10714=VERTEX_POINT('',#13827);
#10715=CIRCLE('',#13828,0.15);
#10716=LINE('',#13829,#13830);
#10717=VERTEX_POINT('',#13831);
#10718=CIRCLE('',#13832,0.15);
#10719=LINE('',#13833,#13834);
#10720=FILL_AREA_STYLE_COLOUR('',#13835);
#10721=VERTEX_POINT('',#13836);
#10722=CIRCLE('',#13837,0.15);
#10723=VERTEX_POINT('',#13838);
#10724=LINE('',#13839,#13840);
#10725=CIRCLE('',#13841,0.15);
#10726=LINE('',#13842,#13843);
#10727=FILL_AREA_STYLE_COLOUR('',#13844);
#10728=VERTEX_POINT('',#13845);
#10729=CIRCLE('',#13846,0.15);
#10730=LINE('',#13847,#13848);
#10731=VERTEX_POINT('',#13849);
#10732=B_SPLINE_CURVE_WITH_KNOTS('',3,(#13850,#13851,#13852,#13853),.UNSPECIFIED.,.F.,.F.,(4,4),(0.167273962794271,1.0),.UNSPECIFIED.);
#10733=VERTEX_POINT('',#13854);
#10734=B_SPLINE_CURVE_WITH_KNOTS('',3,(#13855,#13856,#13857,#13858),.UNSPECIFIED.,.F.,.F.,(4,4),(0.316455623336546,0.357853373334509),.UNSPECIFIED.);
#10735=LINE('',#13859,#13860);
#10736=FILL_AREA_STYLE_COLOUR('',#13861);
#10737=VERTEX_POINT('',#13862);
#10738=VERTEX_POINT('',#13863);
#10739=LINE('',#13864,#13865);
#10740=VERTEX_POINT('',#13866);
#10741=CIRCLE('',#13867,0.1);
#10742=VERTEX_POINT('',#13868);
#10743=LINE('',#13869,#13870);
#10744=CIRCLE('',#13871,0.1);
#10745=FILL_AREA_STYLE_COLOUR('',#13872);
#10746=VERTEX_POINT('',#13873);
#10747=VERTEX_POINT('',#13874);
#10748=LINE('',#13875,#13876);
#10749=VERTEX_POINT('',#13877);
#10750=CIRCLE('',#13878,0.2);
#10751=VERTEX_POINT('',#13879);
#10752=LINE('',#13880,#13881);
#10753=CIRCLE('',#13882,0.2);
#10754=FILL_AREA_STYLE_COLOUR('',#13883);
#10755=VERTEX_POINT('',#13884);
#10756=CIRCLE('',#13885,0.25);
#10757=VERTEX_POINT('',#13886);
#10758=LINE('',#13887,#13888);
#10759=VERTEX_POINT('',#13889);
#10760=CIRCLE('',#13890,0.300000000000012);
#10761=B_SPLINE_CURVE_WITH_KNOTS('',3,(#13891,#13892,#13893,#13894),.UNSPECIFIED.,.F.,.F.,(4,4),(0.0,1.0),.UNSPECIFIED.);
#10762=FILL_AREA_STYLE_COLOUR('',#13895);
#10763=VERTEX_POINT('',#13896);
#10764=CIRCLE('',#13897,0.5);
#10765=LINE('',#13898,#13899);
#10766=FILL_AREA_STYLE_COLOUR('',#13900);
#10767=VERTEX_POINT('',#13901);
#10768=LINE('',#13902,#13903);
#10769=LINE('',#13904,#13905);
#10770=FILL_AREA_STYLE_COLOUR('',#13906);
#10771=VERTEX_POINT('',#13907);
#10772=CIRCLE('',#13908,0.5);
#10773=B_SPLINE_CURVE_WITH_KNOTS('',3,(#13909,#13910,#13911,#13912),.UNSPECIFIED.,.F.,.F.,(4,4),(0.0,1.0),.UNSPECIFIED.);
#10774=FILL_AREA_STYLE_COLOUR('',#13913);
#10775=VERTEX_POINT('',#13914);
#10776=CIRCLE('',#13915,0.299999999999988);
#10777=LINE('',#13916,#13917);
#10778=FILL_AREA_STYLE_COLOUR('',#13918);
#10779=VERTEX_POINT('',#13919);
#10780=LINE('',#13920,#13921);
#10781=LINE('',#13922,#13923);
#10782=FILL_AREA_STYLE_COLOUR('',#13924);
#10783=VERTEX_POINT('',#13925);
#10784=CIRCLE('',#13926,0.25);
#10785=VERTEX_POINT('',#13927);
#10786=CIRCLE('',#13928,0.29999999999999);
#10787=B_SPLINE_CURVE_WITH_KNOTS('',3,(#13929,#13930,#13931,#13932,#13933,#13934,#13935,#13936,#13937,#13938),.UNSPECIFIED.,.F.,.F.,(4,2,2,2,4),(5.75733804529758E-13,0.250985936712941,0.500888439237777,0.750370549654263,1.00000000002645),.UNSPECIFIED.);
#10788=FILL_AREA_STYLE_COLOUR('',#13939);
#10789=VERTEX_POINT('',#13940);
#10790=VERTEX_POINT('',#13941);
#10791=LINE('',#13942,#13943);
#10792=VERTEX_POINT('',#13944);
#10793=LINE('',#13945,#13946);
#10794=VERTEX_POINT('',#13947);
#10795=LINE('',#13948,#13949);
#10796=LINE('',#13950,#13951);
#10797=FILL_AREA_STYLE_COLOUR('',#13952);
#10798=VERTEX_POINT('',#13953);
#10799=CIRCLE('',#13954,0.3);
#10800=VERTEX_POINT('',#13955);
#10801=CIRCLE('',#13956,0.25);
#10802=B_SPLINE_CURVE_WITH_KNOTS('',3,(#13957,#13958,#13959,#13960),.UNSPECIFIED.,.F.,.F.,(4,4),(6.50527498049961E-14,1.0),.UNSPECIFIED.);
#10803=FILL_AREA_STYLE_COLOUR('',#13961);
#10804=VERTEX_POINT('',#13962);
#10805=CIRCLE('',#13963,0.55);
#10806=VERTEX_POINT('',#13964);
#10807=LINE('',#13965,#13966);
#10808=CIRCLE('',#13967,0.5);
#10809=FILL_AREA_STYLE_COLOUR('',#13968);
#10810=VERTEX_POINT('',#13969);
#10811=LINE('',#13970,#13971);
#10812=VERTEX_POINT('',#13972);
#10813=LINE('',#13973,#13974);
#10814=LINE('',#13975,#13976);
#10815=FILL_AREA_STYLE_COLOUR('',#13977);
#10816=VERTEX_POINT('',#13978);
#10817=CIRCLE('',#13979,0.5);
#10818=VERTEX_POINT('',#13980);
#10819=CIRCLE('',#13981,0.55);
#10820=B_SPLINE_CURVE_WITH_KNOTS('',3,(#13982,#13983,#13984,#13985),.UNSPECIFIED.,.F.,.F.,(4,4),(0.0,1.0),.UNSPECIFIED.);
#10821=FILL_AREA_STYLE_COLOUR('',#13986);
#10822=VERTEX_POINT('',#13987);
#10823=CIRCLE('',#13988,0.25);
#10824=VERTEX_POINT('',#13989);
#10825=LINE('',#13990,#13991);
#10826=CIRCLE('',#13992,0.3);
#10827=FILL_AREA_STYLE_COLOUR('',#13993);
#10828=VERTEX_POINT('',#13994);
#10829=LINE('',#13995,#13996);
#10830=VERTEX_POINT('',#13997);
#10831=LINE('',#13998,#13999);
#10832=LINE('',#14000,#14001);
#10833=FILL_AREA_STYLE_COLOUR('',#14002);
#10834=VERTEX_POINT('',#14003);
#10835=CIRCLE('',#14004,0.25);
#10836=VERTEX_POINT('',#14005);
#10837=B_SPLINE_CURVE_WITH_KNOTS('',3,(#14006,#14007,#14008,#14009,#14010,#14011,#14012,#14013,#14014,#14015),.UNSPECIFIED.,.F.,.F.,(4,2,2,2,4),(6.84924698459257E-13,0.250985936727921,0.500888439227721,0.750370549659085,1.00000000002975),.UNSPECIFIED.);
#10838=CIRCLE('',#14016,0.3);
#10839=FILL_AREA_STYLE_COLOUR('',#14017);
#10840=VERTEX_POINT('',#14018);
#10841=LINE('',#14019,#14020);
#10842=VERTEX_POINT('',#14021);
#10843=CIRCLE('',#14022,0.400000000051922);
#10844=VERTEX_POINT('',#14023);
#10845=LINE('',#14024,#14025);
#10846=VERTEX_POINT('',#14026);
#10847=LINE('',#14027,#14028);
#10848=VERTEX_POINT('',#14029);
#10849=LINE('',#14030,#14031);
#10850=VERTEX_POINT('',#14032);
#10851=CIRCLE('',#14033,0.1);
#10852=LINE('',#14034,#14035);
#10853=FILL_AREA_STYLE_COLOUR('',#14036);
#10854=VERTEX_POINT('',#14037);
#10855=VERTEX_POINT('',#14038);
#10856=LINE('',#14039,#14040);
#10857=VERTEX_POINT('',#14041);
#10858=LINE('',#14042,#14043);
#10859=VERTEX_POINT('',#14044);
#10860=CIRCLE('',#14045,0.2);
#10861=VERTEX_POINT('',#14046);
#10862=LINE('',#14047,#14048);
#10863=VERTEX_POINT('',#14049);
#10864=CIRCLE('',#14050,0.2);
#10865=LINE('',#14051,#14052);
#10866=FILL_AREA_STYLE_COLOUR('',#14053);
#10867=VERTEX_POINT('',#14054);
#10868=LINE('',#14055,#14056);
#10869=VERTEX_POINT('',#14057);
#10870=CIRCLE('',#14058,0.2);
#10871=VERTEX_POINT('',#14059);
#10872=LINE('',#14060,#14061);
#10873=VERTEX_POINT('',#14062);
#10874=CIRCLE('',#14063,0.2);
#10875=LINE('',#14064,#14065);
#10876=FILL_AREA_STYLE_COLOUR('',#14066);
#10877=VERTEX_POINT('',#14067);
#10878=VERTEX_POINT('',#14068);
#10879=LINE('',#14069,#14070);
#10880=VERTEX_POINT('',#14071);
#10881=CIRCLE('',#14072,0.2);
#10882=VERTEX_POINT('',#14073);
#10883=LINE('',#14074,#14075);
#10884=CIRCLE('',#14076,0.2);
#10885=FILL_AREA_STYLE_COLOUR('',#14077);
#10886=VERTEX_POINT('',#14078);
#10887=LINE('',#14079,#14080);
#10888=VERTEX_POINT('',#14081);
#10889=LINE('',#14082,#14083);
#10890=CIRCLE('',#14084,0.400000000051922);
#10891=FILL_AREA_STYLE_COLOUR('',#14085);
#10892=LINE('',#14086,#14087);
#10893=LINE('',#14088,#14089);
#10894=FILL_AREA_STYLE_COLOUR('',#14090);
#10895=LINE('',#14091,#14092);
#10896=LINE('',#14093,#14094);
#10897=FILL_AREA_STYLE_COLOUR('',#14095);
#10898=VERTEX_POINT('',#14096);
#10899=LINE('',#14097,#14098);
#10900=VERTEX_POINT('',#14099);
#10901=CIRCLE('',#14100,0.5);
#10902=VERTEX_POINT('',#14101);
#10903=CIRCLE('',#14102,0.369981075492886);
#10904=LINE('',#14103,#14104);
#10905=FILL_AREA_STYLE_COLOUR('',#14105);
#10906=VERTEX_POINT('',#14106);
#10907=LINE('',#14107,#14108);
#10908=VERTEX_POINT('',#14109);
#10909=CIRCLE('',#14110,0.369981075201025);
#10910=VERTEX_POINT('',#14111);
#10911=CIRCLE('',#14112,0.5);
#10912=LINE('',#14113,#14114);
#10913=FILL_AREA_STYLE_COLOUR('',#14115);
#10914=LINE('',#14116,#14117);
#10915=FILL_AREA_STYLE_COLOUR('',#14118);
#10916=VERTEX_POINT('',#14119);
#10917=VERTEX_POINT('',#14120);
#10918=LINE('',#14121,#14122);
#10919=VERTEX_POINT('',#14123);
#10920=CIRCLE('',#14124,0.550000000019138);
#10921=LINE('',#14125,#14126);
#10922=VERTEX_POINT('',#14127);
#10923=LINE('',#14128,#14129);
#10924=VERTEX_POINT('',#14130);
#10925=LINE('',#14131,#14132);
#10926=VERTEX_POINT('',#14133);
#10927=LINE('',#14134,#14135);
#10928=CIRCLE('',#14136,0.550000000019139);
#10929=FILL_AREA_STYLE_COLOUR('',#14137);
#10930=VERTEX_POINT('',#14138);
#10931=CIRCLE('',#14139,0.550000000019138);
#10932=VERTEX_POINT('',#14140);
#10933=LINE('',#14141,#14142);
#10934=VERTEX_POINT('',#14143);
#10935=CIRCLE('',#14144,0.550000000019139);
#10936=LINE('',#14145,#14146);
#10937=LINE('',#14147,#14148);
#10938=FILL_AREA_STYLE_COLOUR('',#14149);
#10939=VERTEX_POINT('',#14150);
#10940=LINE('',#14151,#14152);
#10941=VERTEX_POINT('',#14153);
#10942=CIRCLE('',#14154,0.550000000019138);
#10943=VERTEX_POINT('',#14155);
#10944=LINE('',#14156,#14157);
#10945=VERTEX_POINT('',#14158);
#10946=CIRCLE('',#14159,0.550000000019139);
#10947=VERTEX_POINT('',#14160);
#10948=LINE('',#14161,#14162);
#10949=VERTEX_POINT('',#14163);
#10950=LINE('',#14164,#14165);
#10951=VERTEX_POINT('',#14166);
#10952=LINE('',#14167,#14168);
#10953=CIRCLE('',#14169,0.3);
#10954=FILL_AREA_STYLE_COLOUR('',#14170);
#10955=VERTEX_POINT('',#14171);
#10956=LINE('',#14172,#14173);
#10957=VERTEX_POINT('',#14174);
#10958=LINE('',#14175,#14176);
#10959=LINE('',#14177,#14178);
#10960=FILL_AREA_STYLE_COLOUR('',#14179);
#10961=VERTEX_POINT('',#14180);
#10962=LINE('',#14181,#14182);
#10963=VERTEX_POINT('',#14183);
#10964=LINE('',#14184,#14185);
#10965=LINE('',#14186,#14187);
#10966=FILL_AREA_STYLE_COLOUR('',#14188);
#10967=VERTEX_POINT('',#14189);
#10968=VERTEX_POINT('',#14190);
#10969=LINE('',#14191,#14192);
#10970=VERTEX_POINT('',#14193);
#10971=LINE('',#14194,#14195);
#10972=VERTEX_POINT('',#14196);
#10973=LINE('',#14197,#14198);
#10974=LINE('',#14199,#14200);
#10975=FILL_AREA_STYLE_COLOUR('',#14201);
#10976=VERTEX_POINT('',#14202);
#10977=LINE('',#14203,#14204);
#10978=VERTEX_POINT('',#14205);
#10979=LINE('',#14206,#14207);
#10980=LINE('',#14208,#14209);
#10981=FILL_AREA_STYLE_COLOUR('',#14210);
#10982=VERTEX_POINT('',#14211);
#10983=CIRCLE('',#14212,0.1);
#10984=LINE('',#14213,#14214);
#10985=FILL_AREA_STYLE_COLOUR('',#14215);
#10986=VERTEX_POINT('',#14216);
#10987=LINE('',#14217,#14218);
#10988=LINE('',#14219,#14220);
#10989=FILL_AREA_STYLE_COLOUR('',#14221);
#10990=CIRCLE('',#14222,0.1);
#10991=FILL_AREA_STYLE_COLOUR('',#14223);
#10992=CIRCLE('',#14224,0.1);
#10993=FILL_AREA_STYLE_COLOUR('',#14225);
#10994=VERTEX_POINT('',#14226);
#10995=CIRCLE('',#14227,0.1);
#10996=LINE('',#14228,#14229);
#10997=FILL_AREA_STYLE_COLOUR('',#14230);
#10998=VERTEX_POINT('',#14231);
#10999=CIRCLE('',#14232,0.1);
#11000=LINE('',#14233,#14234);
#11001=FILL_AREA_STYLE_COLOUR('',#14235);
#11002=VERTEX_POINT('',#14236);
#11003=VERTEX_POINT('',#14237);
#11004=LINE('',#14238,#14239);
#11005=VERTEX_POINT('',#14240);
#11006=CIRCLE('',#14241,0.550000000019139);
#11007=VERTEX_POINT('',#14242);
#11008=LINE('',#14243,#14244);
#11009=CIRCLE('',#14245,0.550000000019139);
#11010=FILL_AREA_STYLE_COLOUR('',#14246);
#11011=VERTEX_POINT('',#14247);
#11012=LINE('',#14248,#14249);
#11013=CIRCLE('',#14250,0.25);
#11014=FILL_AREA_STYLE_COLOUR('',#14251);
#11015=VERTEX_POINT('',#14252);
#11016=LINE('',#14253,#14254);
#11017=VERTEX_POINT('',#14255);
#11018=LINE('',#14256,#14257);
#11019=VERTEX_POINT('',#14258);
#11020=LINE('',#14259,#14260);
#11021=CIRCLE('',#14261,0.400000000051922);
#11022=FILL_AREA_STYLE_COLOUR('',#14262);
#11023=VERTEX_POINT('',#14263);
#11024=LINE('',#14264,#14265);
#11025=VERTEX_POINT('',#14266);
#11026=CIRCLE('',#14267,0.550000000019138);
#11027=LINE('',#14268,#14269);
#11028=FILL_AREA_STYLE_COLOUR('',#14270);
#11029=VERTEX_POINT('',#14271);
#11030=LINE('',#14272,#14273);
#11031=VERTEX_POINT('',#14274);
#11032=CIRCLE('',#14275,0.25);
#11033=LINE('',#14276,#14277);
#11034=FILL_AREA_STYLE_COLOUR('',#14278);
#11035=VERTEX_POINT('',#14279);
#11036=VERTEX_POINT('',#14280);
#11037=LINE('',#14281,#14282);
#11038=VERTEX_POINT('',#14283);
#11039=CIRCLE('',#14284,0.550000000019139);
#11040=VERTEX_POINT('',#14285);
#11041=LINE('',#14286,#14287);
#11042=CIRCLE('',#14288,0.550000000019139);
#11043=FILL_AREA_STYLE_COLOUR('',#14289);
#11044=VERTEX_POINT('',#14290);
#11045=VERTEX_POINT('',#14291);
#11046=CIRCLE('',#14292,0.15);
#11047=VERTEX_POINT('',#14293);
#11048=CIRCLE('',#14294,0.15);
#11049=VERTEX_POINT('',#14295);
#11050=LINE('',#14296,#14297);
#11051=LINE('',#14298,#14299);
#11052=LINE('',#14300,#14301);
#11053=FILL_AREA_STYLE_COLOUR('',#14302);
#11054=VERTEX_POINT('',#14303);
#11055=VERTEX_POINT('',#14304);
#11056=LINE('',#14305,#14306);
#11057=VERTEX_POINT('',#14307);
#11058=LINE('',#14308,#14309);
#11059=VERTEX_POINT('',#14310);
#11060=LINE('',#14311,#14312);
#11061=VERTEX_POINT('',#14313);
#11062=LINE('',#14314,#14315);
#11063=LINE('',#14316,#14317);
#11064=FILL_AREA_STYLE_COLOUR('',#14318);
#11065=VERTEX_POINT('',#14319);
#11066=VERTEX_POINT('',#14320);
#11067=B_SPLINE_CURVE_WITH_KNOTS('',3,(#14321,#14322,#14323,#14324),.UNSPECIFIED.,.F.,.F.,(4,4),(4.30276407407679E-05,0.000174673148811712),.UNSPECIFIED.);
#11068=VERTEX_POINT('',#14325);
#11069=LINE('',#14326,#14327);
#11070=LINE('',#14328,#14329);
#11071=VERTEX_POINT('',#14330);
#11072=LINE('',#14331,#14332);
#11073=VERTEX_POINT('',#14333);
#11074=LINE('',#14334,#14335);
#11075=VERTEX_POINT('',#14336);
#11076=LINE('',#14337,#14338);
#11077=LINE('',#14339,#14340);
#11078=FILL_AREA_STYLE_COLOUR('',#14341);
#11079=VERTEX_POINT('',#14342);
#11080=LINE('',#14343,#14344);
#11081=LINE('',#14345,#14346);
#11082=LINE('',#14347,#14348);
#11083=CIRCLE('',#14349,0.25);
#11084=FILL_AREA_STYLE_COLOUR('',#14350);
#11085=VERTEX_POINT('',#14351);
#11086=VERTEX_POINT('',#14352);
#11087=LINE('',#14353,#14354);
#11088=LINE('',#14355,#14356);
#11089=VERTEX_POINT('',#14357);
#11090=CIRCLE('',#14358,0.3);
#11091=LINE('',#14359,#14360);
#11092=FILL_AREA_STYLE_COLOUR('',#14361);
#11093=VERTEX_POINT('',#14362);
#11094=VERTEX_POINT('',#14363);
#11095=LINE('',#14364,#14365);
#11096=VERTEX_POINT('',#14366);
#11097=CIRCLE('',#14367,0.2);
#11098=VERTEX_POINT('',#14368);
#11099=LINE('',#14369,#14370);
#11100=CIRCLE('',#14371,0.2);
#11101=LINE('',#14372,#14373);
#11102=FILL_AREA_STYLE_COLOUR('',#14374);
#11103=VERTEX_POINT('',#14375);
#11104=VERTEX_POINT('',#14376);
#11105=LINE('',#14377,#14378);
#11106=VERTEX_POINT('',#14379);
#11107=LINE('',#14380,#14381);
#11108=VERTEX_POINT('',#14382);
#11109=LINE('',#14383,#14384);
#11110=LINE('',#14385,#14386);
#11111=FILL_AREA_STYLE_COLOUR('',#14387);
#11112=VERTEX_POINT('',#14388);
#11113=VERTEX_POINT('',#14389);
#11114=LINE('',#14390,#14391);
#11115=CIRCLE('',#14392,0.1);
#11116=CIRCLE('',#14393,0.1);
#11117=FILL_AREA_STYLE_COLOUR('',#14394);
#11118=VERTEX_POINT('',#14395);
#11119=VERTEX_POINT('',#14396);
#11120=LINE('',#14397,#14398);
#11121=LINE('',#14399,#14400);
#11122=LINE('',#14401,#14402);
#11123=FILL_AREA_STYLE_COLOUR('',#14403);
#11124=VERTEX_POINT('',#14404);
#11125=VERTEX_POINT('',#14405);
#11126=LINE('',#14406,#14407);
#11127=VERTEX_POINT('',#14408);
#11128=CIRCLE('',#14409,0.3);
#11129=VERTEX_POINT('',#14410);
#11130=LINE('',#14411,#14412);
#11131=CIRCLE('',#14413,0.3);
#11132=FILL_AREA_STYLE_COLOUR('',#14414);
#11133=VERTEX_POINT('',#14415);
#11134=VERTEX_POINT('',#14416);
#11135=LINE('',#14417,#14418);
#11136=VERTEX_POINT('',#14419);
#11137=LINE('',#14420,#14421);
#11138=VERTEX_POINT('',#14422);
#11139=LINE('',#14423,#14424);
#11140=LINE('',#14425,#14426);
#11141=FILL_AREA_STYLE_COLOUR('',#14427);
#11142=VERTEX_POINT('',#14428);
#11143=LINE('',#14429,#14430);
#11144=VERTEX_POINT('',#14431);
#11145=LINE('',#14432,#14433);
#11146=LINE('',#14434,#14435);
#11147=FILL_AREA_STYLE_COLOUR('',#14436);
#11148=VERTEX_POINT('',#14437);
#11149=LINE('',#14438,#14439);
#11150=CIRCLE('',#14440,0.100000000000002);
#11151=FILL_AREA_STYLE_COLOUR('',#14441);
#11152=VERTEX_POINT('',#14442);
#11153=LINE('',#14443,#14444);
#11154=LINE('',#14445,#14446);
#11155=FILL_AREA_STYLE_COLOUR('',#14447);
#11156=VERTEX_POINT('',#14448);
#11157=CIRCLE('',#14449,0.3);
#11158=LINE('',#14450,#14451);
#11159=LINE('',#14452,#14453);
#11160=FILL_AREA_STYLE_COLOUR('',#14454);
#11161=VERTEX_POINT('',#14455);
#11162=LINE('',#14456,#14457);
#11163=LINE('',#14458,#14459);
#11164=LINE('',#14460,#14461);
#11165=FILL_AREA_STYLE_COLOUR('',#14462);
#11166=VERTEX_POINT('',#14463);
#11167=VERTEX_POINT('',#14464);
#11168=LINE('',#14465,#14466);
#11169=VERTEX_POINT('',#14467);
#11170=CIRCLE('',#14468,0.2);
#11171=VERTEX_POINT('',#14469);
#11172=LINE('',#14470,#14471);
#11173=CIRCLE('',#14472,0.2);
#11174=FILL_AREA_STYLE_COLOUR('',#14473);
#11175=VERTEX_POINT('',#14474);
#11176=VERTEX_POINT('',#14475);
#11177=LINE('',#14476,#14477);
#11178=VERTEX_POINT('',#14478);
#11179=CIRCLE('',#14479,0.2);
#11180=VERTEX_POINT('',#14480);
#11181=LINE('',#14481,#14482);
#11182=CIRCLE('',#14483,0.2);
#11183=FILL_AREA_STYLE_COLOUR('',#14484);
#11184=VERTEX_POINT('',#14485);
#11185=LINE('',#14486,#14487);
#11186=VERTEX_POINT('',#14488);
#11187=LINE('',#14489,#14490);
#11188=LINE('',#14491,#14492);
#11189=CIRCLE('',#14493,0.3);
#11190=FILL_AREA_STYLE_COLOUR('',#14494);
#11191=FILL_AREA_STYLE_COLOUR('',#14495);
#11192=LINE('',#14496,#14497);
#11193=VERTEX_POINT('',#14498);
#11194=CIRCLE('',#14499,0.2);
#11195=VERTEX_POINT('',#14500);
#11196=LINE('',#14501,#14502);
#11197=CIRCLE('',#14503,0.2);
#11198=FILL_AREA_STYLE_COLOUR('',#14504);
#11199=VERTEX_POINT('',#14505);
#11200=LINE('',#14506,#14507);
#11201=CIRCLE('',#14508,0.3);
#11202=LINE('',#14509,#14510);
#11203=FILL_AREA_STYLE_COLOUR('',#14511);
#11204=LINE('',#14512,#14513);
#11205=FILL_AREA_STYLE_COLOUR('',#14514);
#11206=VERTEX_POINT('',#14515);
#11207=CIRCLE('',#14516,0.25);
#11208=LINE('',#14517,#14518);
#11209=FILL_AREA_STYLE_COLOUR('',#14519);
#11210=VERTEX_POINT('',#14520);
#11211=LINE('',#14521,#14522);
#11212=VERTEX_POINT('',#14523);
#11213=LINE('',#14524,#14525);
#11214=CIRCLE('',#14526,0.15);
#11215=FILL_AREA_STYLE_COLOUR('',#14527);
#11216=VERTEX_POINT('',#14528);
#11217=LINE('',#14529,#14530);
#11218=VERTEX_POINT('',#14531);
#11219=LINE('',#14532,#14533);
#11220=LINE('',#14534,#14535);
#11221=FILL_AREA_STYLE_COLOUR('',#14536);
#11222=VERTEX_POINT('',#14537);
#11223=VERTEX_POINT('',#14538);
#11224=LINE('',#14539,#14540);
#11225=VERTEX_POINT('',#14541);
#11226=CIRCLE('',#14542,0.15);
#11227=VERTEX_POINT('',#14543);
#11228=LINE('',#14544,#14545);
#11229=CIRCLE('',#14546,0.15);
#11230=FILL_AREA_STYLE_COLOUR('',#14547);
#11231=VERTEX_POINT('',#14548);
#11232=VERTEX_POINT('',#14549);
#11233=LINE('',#14550,#14551);
#11234=VERTEX_POINT('',#14552);
#11235=CIRCLE('',#14553,0.2);
#11236=VERTEX_POINT('',#14554);
#11237=LINE('',#14555,#14556);
#11238=CIRCLE('',#14557,0.2);
#11239=FILL_AREA_STYLE_COLOUR('',#14558);
#11240=VERTEX_POINT('',#14559);
#11241=LINE('',#14560,#14561);
#11242=VERTEX_POINT('',#14562);
#11243=LINE('',#14563,#14564);
#11244=LINE('',#14565,#14566);
#11245=FILL_AREA_STYLE_COLOUR('',#14567);
#11246=VERTEX_POINT('',#14568);
#11247=CIRCLE('',#14569,0.15);
#11248=VERTEX_POINT('',#14570);
#11249=LINE('',#14571,#14572);
#11250=CIRCLE('',#14573,0.15);
#11251=FILL_AREA_STYLE_COLOUR('',#14574);
#11252=VERTEX_POINT('',#14575);
#11253=LINE('',#14576,#14577);
#11254=CIRCLE('',#14578,0.149999999999997);
#11255=VERTEX_POINT('',#14579);
#11256=LINE('',#14580,#14581);
#11257=VERTEX_POINT('',#14582);
#11258=LINE('',#14583,#14584);
#11259=VERTEX_POINT('',#14585);
#11260=LINE('',#14586,#14587);
#11261=VERTEX_POINT('',#14588);
#11262=LINE('',#14589,#14590);
#11263=VERTEX_POINT('',#14591);
#11264=LINE('',#14592,#14593);
#11265=VERTEX_POINT('',#14594);
#11266=LINE('',#14595,#14596);
#11267=VERTEX_POINT('',#14597);
#11268=LINE('',#14598,#14599);
#11269=VERTEX_POINT('',#14600);
#11270=LINE('',#14601,#14602);
#11271=VERTEX_POINT('',#14603);
#11272=LINE('',#14604,#14605);
#11273=VERTEX_POINT('',#14606);
#11274=LINE('',#14607,#14608);
#11275=VERTEX_POINT('',#14609);
#11276=LINE('',#14610,#14611);
#11277=VERTEX_POINT('',#14612);
#11278=LINE('',#14613,#14614);
#11279=VERTEX_POINT('',#14615);
#11280=LINE('',#14616,#14617);
#11281=VERTEX_POINT('',#14618);
#11282=LINE('',#14619,#14620);
#11283=VERTEX_POINT('',#14621);
#11284=CIRCLE('',#14622,0.1);
#11285=VERTEX_POINT('',#14623);
#11286=LINE('',#14624,#14625);
#11287=VERTEX_POINT('',#14626);
#11288=LINE('',#14627,#14628);
#11289=VERTEX_POINT('',#14629);
#11290=LINE('',#14630,#14631);
#11291=LINE('',#14632,#14633);
#11292=CIRCLE('',#14634,0.15);
#11293=LINE('',#14635,#14636);
#11294=FILL_AREA_STYLE_COLOUR('',#14637);
#11295=VERTEX_POINT('',#14638);
#11296=LINE('',#14639,#14640);
#11297=VERTEX_POINT('',#14641);
#11298=LINE('',#14642,#14643);
#11299=LINE('',#14644,#14645);
#11300=FILL_AREA_STYLE_COLOUR('',#14646);
#11301=VERTEX_POINT('',#14647);
#11302=LINE('',#14648,#14649);
#11303=CIRCLE('',#14650,0.1);
#11304=FILL_AREA_STYLE_COLOUR('',#14651);
#11305=VERTEX_POINT('',#14652);
#11306=VERTEX_POINT('',#14653);
#11307=LINE('',#14654,#14655);
#11308=VERTEX_POINT('',#14656);
#11309=LINE('',#14657,#14658);
#11310=LINE('',#14659,#14660);
#11311=LINE('',#14661,#14662);
#11312=FILL_AREA_STYLE_COLOUR('',#14663);
#11313=VERTEX_POINT('',#14664);
#11314=LINE('',#14665,#14666);
#11315=VERTEX_POINT('',#14667);
#11316=LINE('',#14668,#14669);
#11317=LINE('',#14670,#14671);
#11318=FILL_AREA_STYLE_COLOUR('',#14672);
#11319=VERTEX_POINT('',#14673);
#11320=VERTEX_POINT('',#14674);
#11321=LINE('',#14675,#14676);
#11322=VERTEX_POINT('',#14677);
#11323=LINE('',#14678,#14679);
#11324=VERTEX_POINT('',#14680);
#11325=LINE('',#14681,#14682);
#11326=LINE('',#14683,#14684);
#11327=FILL_AREA_STYLE_COLOUR('',#14685);
#11328=VERTEX_POINT('',#14686);
#11329=LINE('',#14687,#14688);
#11330=VERTEX_POINT('',#14689);
#11331=LINE('',#14690,#14691);
#11332=LINE('',#14692,#14693);
#11333=LINE('',#14694,#14695);
#11334=FILL_AREA_STYLE_COLOUR('',#14696);
#11335=VERTEX_POINT('',#14697);
#11336=LINE('',#14698,#14699);
#11337=LINE('',#14700,#14701);
#11338=FILL_AREA_STYLE_COLOUR('',#14702);
#11339=VERTEX_POINT('',#14703);
#11340=LINE('',#14704,#14705);
#11341=LINE('',#14706,#14707);
#11342=FILL_AREA_STYLE_COLOUR('',#14708);
#11343=VERTEX_POINT('',#14709);
#11344=LINE('',#14710,#14711);
#11345=LINE('',#14712,#14713);
#11346=FILL_AREA_STYLE_COLOUR('',#14714);
#11347=LINE('',#14715,#14716);
#11348=FILL_AREA_STYLE_COLOUR('',#14717);
#11349=VERTEX_POINT('',#14718);
#11350=VERTEX_POINT('',#14719);
#11351=LINE('',#14720,#14721);
#11352=LINE('',#14722,#14723);
#11353=VERTEX_POINT('',#14724);
#11354=LINE('',#14725,#14726);
#11355=LINE('',#14727,#14728);
#11356=FILL_AREA_STYLE_COLOUR('',#14729);
#11357=VERTEX_POINT('',#14730);
#11358=LINE('',#14731,#14732);
#11359=LINE('',#14733,#14734);
#11360=FILL_AREA_STYLE_COLOUR('',#14735);
#11361=VERTEX_POINT('',#14736);
#11362=LINE('',#14737,#14738);
#11363=LINE('',#14739,#14740);
#11364=FILL_AREA_STYLE_COLOUR('',#14741);
#11365=VERTEX_POINT('',#14742);
#11366=LINE('',#14743,#14744);
#11367=LINE('',#14745,#14746);
#11368=FILL_AREA_STYLE_COLOUR('',#14747);
#11369=LINE('',#14748,#14749);
#11370=VERTEX_POINT('',#14750);
#11371=LINE('',#14751,#14752);
#11372=CIRCLE('',#14753,0.2);
#11373=FILL_AREA_STYLE_COLOUR('',#14754);
#11374=VERTEX_POINT('',#14755);
#11375=LINE('',#14756,#14757);
#11376=VERTEX_POINT('',#14758);
#11377=LINE('',#14759,#14760);
#11378=VERTEX_POINT('',#14761);
#11379=LINE('',#14762,#14763);
#11380=VERTEX_POINT('',#14764);
#11381=LINE('',#14765,#14766);
#11382=CIRCLE('',#14767,0.3);
#11383=FILL_AREA_STYLE_COLOUR('',#14768);
#11384=VERTEX_POINT('',#14769);
#11385=LINE('',#14770,#14771);
#11386=CIRCLE('',#14772,0.2);
#11387=FILL_AREA_STYLE_COLOUR('',#14773);
#11388=LINE('',#14774,#14775);
#11389=FILL_AREA_STYLE_COLOUR('',#14776);
#11390=VERTEX_POINT('',#14777);
#11391=VERTEX_POINT('',#14778);
#11392=CIRCLE('',#14779,0.25);
#11393=VERTEX_POINT('',#14780);
#11394=LINE('',#14781,#14782);
#11395=VERTEX_POINT('',#14783);
#11396=LINE('',#14784,#14785);
#11397=VERTEX_POINT('',#14786);
#11398=LINE('',#14787,#14788);
#11399=VERTEX_POINT('',#14789);
#11400=LINE('',#14790,#14791);
#11401=CIRCLE('',#14792,0.550000000019139);
#11402=VERTEX_POINT('',#14793);
#11403=LINE('',#14794,#14795);
#11404=LINE('',#14796,#14797);
#11405=FILL_AREA_STYLE_COLOUR('',#14798);
#11406=VERTEX_POINT('',#14799);
#11407=VERTEX_POINT('',#14800);
#11408=CIRCLE('',#14801,0.25);
#11409=LINE('',#14802,#14803);
#11410=VERTEX_POINT('',#14804);
#11411=CIRCLE('',#14805,0.25);
#11412=LINE('',#14806,#14807);
#11413=FILL_AREA_STYLE_COLOUR('',#14808);
#11414=VERTEX_POINT('',#14809);
#11415=VERTEX_POINT('',#14810);
#11416=LINE('',#14811,#14812);
#11417=VERTEX_POINT('',#14813);
#11418=LINE('',#14814,#14815);
#11419=VERTEX_POINT('',#14816);
#11420=CIRCLE('',#14817,0.2);
#11421=VERTEX_POINT('',#14818);
#11422=LINE('',#14819,#14820);
#11423=VERTEX_POINT('',#14821);
#11424=CIRCLE('',#14822,0.2);
#11425=LINE('',#14823,#14824);
#11426=FILL_AREA_STYLE_COLOUR('',#14825);
#11427=LINE('',#14826,#14827);
#11428=LINE('',#14828,#14829);
#11429=FILL_AREA_STYLE_COLOUR('',#14830);
#11430=VERTEX_POINT('',#14831);
#11431=LINE('',#14832,#14833);
#11432=VERTEX_POINT('',#14834);
#11433=LINE('',#14835,#14836);
#11434=LINE('',#14837,#14838);
#11435=FILL_AREA_STYLE_COLOUR('',#14839);
#11436=VERTEX_POINT('',#14840);
#11437=LINE('',#14841,#14842);
#11438=VERTEX_POINT('',#14843);
#11439=CIRCLE('',#14844,0.3);
#11440=LINE('',#14845,#14846);
#11441=LINE('',#14847,#14848);
#11442=FILL_AREA_STYLE_COLOUR('',#14849);
#11443=VERTEX_POINT('',#14850);
#11444=VERTEX_POINT('',#14851);
#11445=LINE('',#14852,#14853);
#11446=LINE('',#14854,#14855);
#11447=LINE('',#14856,#14857);
#11448=FILL_AREA_STYLE_COLOUR('',#14858);
#11449=LINE('',#14859,#14860);
#11450=LINE('',#14861,#14862);
#11451=FILL_AREA_STYLE_COLOUR('',#14863);
#11452=LINE('',#14864,#14865);
#11453=CIRCLE('',#14866,0.15);
#11454=LINE('',#14867,#14868);
#11455=VERTEX_POINT('',#14869);
#11456=LINE('',#14870,#14871);
#11457=LINE('',#14872,#14873);
#11458=LINE('',#14874,#14875);
#11459=LINE('',#14876,#14877);
#11460=B_SPLINE_CURVE_WITH_KNOTS('',3,(#14878,#14879,#14880,#14881,#14882,#14883,#14884,#14885,#14886,#14887),.UNSPECIFIED.,.F.,.F.,(4,2,2,2,4),(1.48724734091253E-12,0.249629450346039,0.499111560762843,0.74901406328774,1.00000000000812),.UNSPECIFIED.);
#11461=CIRCLE('',#14888,0.149999999999997);
#11462=FILL_AREA_STYLE_COLOUR('',#14889);
#11463=VERTEX_POINT('',#14890);
#11464=CIRCLE('',#14891,0.25);
#11465=VERTEX_POINT('',#14892);
#11466=B_SPLINE_CURVE_WITH_KNOTS('',3,(#14893,#14894,#14895,#14896,#14897,#14898,#14899,#14900,#14901,#14902),.UNSPECIFIED.,.F.,.F.,(4,2,2,2,4),(1.60352881765319E-12,0.249629450340909,0.49911156077225,0.749014063272053,1.00000000000812),.UNSPECIFIED.);
#11467=VERTEX_POINT('',#14903);
#11468=CIRCLE('',#14904,0.30000000000001);
#11469=LINE('',#14905,#14906);
#11470=FILL_AREA_STYLE_COLOUR('',#14907);
#11471=VERTEX_POINT('',#14908);
#11472=CIRCLE('',#14909,0.550000000019139);
#11473=LINE('',#14910,#14911);
#11474=FILL_AREA_STYLE_COLOUR('',#14912);
#11475=VERTEX_POINT('',#14913);
#11476=CIRCLE('',#14914,0.15);
#11477=VERTEX_POINT('',#14915);
#11478=CIRCLE('',#14916,0.15);
#11479=VERTEX_POINT('',#14917);
#11480=LINE('',#14918,#14919);
#11481=LINE('',#14920,#14921);
#11482=LINE('',#14922,#14923);
#11483=FILL_AREA_STYLE_COLOUR('',#14924);
#11484=LINE('',#14925,#14926);
#11485=CIRCLE('',#14927,0.2);
#11486=FILL_AREA_STYLE_COLOUR('',#14928);
#11487=FILL_AREA_STYLE_COLOUR('',#14929);
#11488=VERTEX_POINT('',#14930);
#11489=VERTEX_POINT('',#14931);
#11490=LINE('',#14932,#14933);
#11491=LINE('',#14934,#14935);
#11492=LINE('',#14936,#14937);
#11493=FILL_AREA_STYLE_COLOUR('',#14938);
#11494=VERTEX_POINT('',#14939);
#11495=CIRCLE('',#14940,0.149999999999972);
#11496=VERTEX_POINT('',#14941);
#11497=LINE('',#14942,#14943);
#11498=CIRCLE('',#14944,0.149999999999997);
#11499=FILL_AREA_STYLE_COLOUR('',#14945);
#11500=VERTEX_POINT('',#14946);
#11501=LINE('',#14947,#14948);
#11502=VERTEX_POINT('',#14949);
#11503=CIRCLE('',#14950,0.2);
#11504=VERTEX_POINT('',#14951);
#11505=LINE('',#14952,#14953);
#11506=VERTEX_POINT('',#14954);
#11507=CIRCLE('',#14955,0.2);
#11508=LINE('',#14956,#14957);
#11509=FILL_AREA_STYLE_COLOUR('',#14958);
#11510=VERTEX_POINT('',#14959);
#11511=VERTEX_POINT('',#14960);
#11512=LINE('',#14961,#14962);
#11513=VERTEX_POINT('',#14963);
#11514=LINE('',#14964,#14965);
#11515=VERTEX_POINT('',#14966);
#11516=LINE('',#14967,#14968);
#11517=VERTEX_POINT('',#14969);
#11518=LINE('',#14970,#14971);
#11519=VERTEX_POINT('',#14972);
#11520=LINE('',#14973,#14974);
#11521=LINE('',#14975,#14976);
#11522=FILL_AREA_STYLE_COLOUR('',#14977);
#11523=VERTEX_POINT('',#14978);
#11524=LINE('',#14979,#14980);
#11525=CIRCLE('',#14981,0.550000000019139);
#11526=FILL_AREA_STYLE_COLOUR('',#14982);
#11527=VERTEX_POINT('',#14983);
#11528=CIRCLE('',#14984,0.1);
#11529=LINE('',#14985,#14986);
#11530=FILL_AREA_STYLE_COLOUR('',#14987);
#11531=VERTEX_POINT('',#14988);
#11532=LINE('',#14989,#14990);
#11533=VERTEX_POINT('',#14991);
#11534=LINE('',#14992,#14993);
#11535=LINE('',#14994,#14995);
#11536=FILL_AREA_STYLE_COLOUR('',#14996);
#11537=VERTEX_POINT('',#14997);
#11538=VERTEX_POINT('',#14998);
#11539=LINE('',#14999,#15000);
#11540=CIRCLE('',#15001,0.15);
#11541=CIRCLE('',#15002,0.15);
#11542=FILL_AREA_STYLE_COLOUR('',#15003);
#11543=VERTEX_POINT('',#15004);
#11544=LINE('',#15005,#15006);
#11545=LINE('',#15007,#15008);
#11546=VERTEX_POINT('',#15009);
#11547=LINE('',#15010,#15011);
#11548=VERTEX_POINT('',#15012);
#11549=LINE('',#15013,#15014);
#11550=LINE('',#15015,#15016);
#11551=FILL_AREA_STYLE_COLOUR('',#15017);
#11552=VERTEX_POINT('',#15018);
#11553=CIRCLE('',#15019,0.369981074388214);
#11554=VERTEX_POINT('',#15020);
#11555=LINE('',#15021,#15022);
#11556=VERTEX_POINT('',#15023);
#11557=CIRCLE('',#15024,0.550000000019138);
#11558=LINE('',#15025,#15026);
#11559=FILL_AREA_STYLE_COLOUR('',#15027);
#11560=VERTEX_POINT('',#15028);
#11561=VERTEX_POINT('',#15029);
#11562=LINE('',#15030,#15031);
#11563=LINE('',#15032,#15033);
#11564=VERTEX_POINT('',#15034);
#11565=LINE('',#15035,#15036);
#11566=LINE('',#15037,#15038);
#11567=FILL_AREA_STYLE_COLOUR('',#15039);
#11568=LINE('',#15040,#15041);
#11569=FILL_AREA_STYLE_COLOUR('',#15042);
#11570=VERTEX_POINT('',#15043);
#11571=VERTEX_POINT('',#15044);
#11572=LINE('',#15045,#15046);
#11573=LINE('',#15047,#15048);
#11574=VERTEX_POINT('',#15049);
#11575=LINE('',#15050,#15051);
#11576=LINE('',#15052,#15053);
#11577=FILL_AREA_STYLE_COLOUR('',#15054);
#11578=CIRCLE('',#15055,0.2);
#11579=FILL_AREA_STYLE_COLOUR('',#15056);
#11580=VERTEX_POINT('',#15057);
#11581=CIRCLE('',#15058,0.550000000019138);
#11582=VERTEX_POINT('',#15059);
#11583=LINE('',#15060,#15061);
#11584=CIRCLE('',#15062,0.369981075160558);
#11585=FILL_AREA_STYLE_COLOUR('',#15063);
#11586=CIRCLE('',#15064,0.1);
#11587=FILL_AREA_STYLE_COLOUR('',#15065);
#11588=VERTEX_POINT('',#15066);
#11589=VERTEX_POINT('',#15067);
#11590=LINE('',#15068,#15069);
#11591=LINE('',#15070,#15071);
#11592=LINE('',#15072,#15073);
#11593=LINE('',#15074,#15075);
#11594=LINE('',#15076,#15077);
#11595=FILL_AREA_STYLE_COLOUR('',#15078);
#11596=VERTEX_POINT('',#15079);
#11597=VERTEX_POINT('',#15080);
#11598=CIRCLE('',#15081,0.2);
#11599=VERTEX_POINT('',#15082);
#11600=LINE('',#15083,#15084);
#11601=VERTEX_POINT('',#15085);
#11602=CIRCLE('',#15086,0.2);
#11603=LINE('',#15087,#15088);
#11604=FILL_AREA_STYLE_COLOUR('',#15089);
#11605=VERTEX_POINT('',#15090);
#11606=VERTEX_POINT('',#15091);
#11607=LINE('',#15092,#15093);
#11608=LINE('',#15094,#15095);
#11609=VERTEX_POINT('',#15096);
#11610=LINE('',#15097,#15098);
#11611=VERTEX_POINT('',#15099);
#11612=CIRCLE('',#15100,0.2);
#11613=LINE('',#15101,#15102);
#11614=FILL_AREA_STYLE_COLOUR('',#15103);
#11615=CIRCLE('',#15104,0.3);
#11616=VERTEX_POINT('',#15105);
#11617=LINE('',#15106,#15107);
#11618=VERTEX_POINT('',#15108);
#11619=LINE('',#15109,#15110);
#11620=LINE('',#15111,#15112);
#11621=FILL_AREA_STYLE_COLOUR('',#15113);
#11622=VERTEX_POINT('',#15114);
#11623=CIRCLE('',#15115,0.2);
#11624=LINE('',#15116,#15117);
#11625=VERTEX_POINT('',#15118);
#11626=LINE('',#15119,#15120);
#11627=LINE('',#15121,#15122);
#11628=FILL_AREA_STYLE_COLOUR('',#15123);
#11629=LINE('',#15124,#15125);
#11630=FILL_AREA_STYLE_COLOUR('',#15126);
#11631=FILL_AREA_STYLE_COLOUR('',#15127);
#11632=CIRCLE('',#15128,0.3);
#11633=FILL_AREA_STYLE_COLOUR('',#15129);
#11634=VERTEX_POINT('',#15130);
#11635=LINE('',#15131,#15132);
#11636=VERTEX_POINT('',#15133);
#11637=LINE('',#15134,#15135);
#11638=VERTEX_POINT('',#15136);
#11639=LINE('',#15137,#15138);
#11640=VERTEX_POINT('',#15139);
#11641=LINE('',#15140,#15141);
#11642=LINE('',#15142,#15143);
#11643=FILL_AREA_STYLE_COLOUR('',#15144);
#11644=LINE('',#15145,#15146);
#11645=FILL_AREA_STYLE_COLOUR('',#15147);
#11646=VERTEX_POINT('',#15148);
#11647=LINE('',#15149,#15150);
#11648=LINE('',#15151,#15152);
#11649=LINE('',#15153,#15154);
#11650=LINE('',#15155,#15156);
#11651=FILL_AREA_STYLE_COLOUR('',#15157);
#11652=VERTEX_POINT('',#15158);
#11653=LINE('',#15159,#15160);
#11654=LINE('',#15161,#15162);
#11655=FILL_AREA_STYLE_COLOUR('',#15163);
#11656=LINE('',#15164,#15165);
#11657=FILL_AREA_STYLE_COLOUR('',#15166);
#11658=FILL_AREA_STYLE_COLOUR('',#15167);
#11659=CIRCLE('',#15168,0.5);
#11660=FILL_AREA_STYLE_COLOUR('',#15169);
#11661=VERTEX_POINT('',#15170);
#11662=CIRCLE('',#15171,0.25);
#11663=CIRCLE('',#15172,0.550000000019138);
#11664=VERTEX_POINT('',#15173);
#11665=CIRCLE('',#15174,0.550000000019138);
#11666=LINE('',#15175,#15176);
#11667=LINE('',#15177,#15178);
#11668=LINE('',#15179,#15180);
#11669=FILL_AREA_STYLE_COLOUR('',#15181);
#11670=LINE('',#15182,#15183);
#11671=FILL_AREA_STYLE_COLOUR('',#15184);
#11672=CIRCLE('',#15185,0.2);
#11673=LINE('',#15186,#15187);
#11674=FILL_AREA_STYLE_COLOUR('',#15188);
#11675=VERTEX_POINT('',#15189);
#11676=VERTEX_POINT('',#15190);
#11677=LINE('',#15191,#15192);
#11678=VERTEX_POINT('',#15193);
#11679=CIRCLE('',#15194,0.2);
#11680=VERTEX_POINT('',#15195);
#11681=LINE('',#15196,#15197);
#11682=CIRCLE('',#15198,0.2);
#11683=FILL_AREA_STYLE_COLOUR('',#15199);
#11684=VERTEX_POINT('',#15200);
#11685=LINE('',#15201,#15202);
#11686=CIRCLE('',#15203,0.400000000051922);
#11687=FILL_AREA_STYLE_COLOUR('',#15204);
#11688=FILL_AREA_STYLE_COLOUR('',#15205);
#11689=VERTEX_POINT('',#15206);
#11690=VERTEX_POINT('',#15207);
#11691=LINE('',#15208,#15209);
#11692=VERTEX_POINT('',#15210);
#11693=CIRCLE('',#15211,0.15);
#11694=VERTEX_POINT('',#15212);
#11695=LINE('',#15213,#15214);
#11696=CIRCLE('',#15215,0.15);
#11697=FILL_AREA_STYLE_COLOUR('',#15216);
#11698=VERTEX_POINT('',#15217);
#11699=LINE('',#15218,#15219);
#11700=LINE('',#15220,#15221);
#11701=VERTEX_POINT('',#15222);
#11702=LINE('',#15223,#15224);
#11703=CIRCLE('',#15225,0.2);
#11704=FILL_AREA_STYLE_COLOUR('',#15226);
#11705=VERTEX_POINT('',#15227);
#11706=LINE('',#15228,#15229);
#11707=LINE('',#15230,#15231);
#11708=FILL_AREA_STYLE_COLOUR('',#15232);
#11709=VERTEX_POINT('',#15233);
#11710=CIRCLE('',#15234,0.2);
#11711=LINE('',#15235,#15236);
#11712=FILL_AREA_STYLE_COLOUR('',#15237);
#11713=LINE('',#15238,#15239);
#11714=VERTEX_POINT('',#15240);
#11715=CIRCLE('',#15241,0.3);
#11716=LINE('',#15242,#15243);
#11717=FILL_AREA_STYLE_COLOUR('',#15244);
#11718=CIRCLE('',#15245,0.25);
#11719=FILL_AREA_STYLE_COLOUR('',#15246);
#11720=VERTEX_POINT('',#15247);
#11721=LINE('',#15248,#15249);
#11722=LINE('',#15250,#15251);
#11723=FILL_AREA_STYLE_COLOUR('',#15252);
#11724=VERTEX_POINT('',#15253);
#11725=CIRCLE('',#15254,0.3);
#11726=VERTEX_POINT('',#15255);
#11727=LINE('',#15256,#15257);
#11728=VERTEX_POINT('',#15258);
#11729=LINE('',#15259,#15260);
#11730=LINE('',#15261,#15262);
#11731=FILL_AREA_STYLE_COLOUR('',#15263);
#11732=VERTEX_POINT('',#15264);
#11733=LINE('',#15265,#15266);
#11734=LINE('',#15267,#15268);
#11735=FILL_AREA_STYLE_COLOUR('',#15269);
#11736=LINE('',#15270,#15271);
#11737=FILL_AREA_STYLE_COLOUR('',#15272);
#11738=LINE('',#15273,#15274);
#11739=FILL_AREA_STYLE_COLOUR('',#15275);
#11740=CIRCLE('',#15276,0.2);
#11741=CIRCLE('',#15277,0.2);
#11742=CIRCLE('',#15278,0.2);
#11743=FILL_AREA_STYLE_COLOUR('',#15279);
#11744=VERTEX_POINT('',#15280);
#11745=VERTEX_POINT('',#15281);
#11746=LINE('',#15282,#15283);
#11747=VERTEX_POINT('',#15284);
#11748=LINE('',#15285,#15286);
#11749=VERTEX_POINT('',#15287);
#11750=LINE('',#15288,#15289);
#11751=LINE('',#15290,#15291);
#11752=FILL_AREA_STYLE_COLOUR('',#15292);
#11753=FILL_AREA_STYLE_COLOUR('',#15293);
#11754=VERTEX_POINT('',#15294);
#11755=LINE('',#15295,#15296);
#11756=CIRCLE('',#15297,0.15);
#11757=FILL_AREA_STYLE_COLOUR('',#15298);
#11758=LINE('',#15299,#15300);
#11759=FILL_AREA_STYLE_COLOUR('',#15301);
#11760=LINE('',#15302,#15303);
#11761=FILL_AREA_STYLE_COLOUR('',#15304);
#11762=LINE('',#15305,#15306);
#11763=LINE('',#15307,#15308);
#11764=VERTEX_POINT('',#15309);
#11765=LINE('',#15310,#15311);
#11766=CIRCLE('',#15312,0.550000000019139);
#11767=CIRCLE('',#15313,0.550000000019138);
#11768=FILL_AREA_STYLE_COLOUR('',#15314);
#11769=LINE('',#15315,#15316);
#11770=LINE('',#15317,#15318);
#11771=VERTEX_POINT('',#15319);
#11772=LINE('',#15320,#15321);
#11773=CIRCLE('',#15322,0.2);
#11774=LINE('',#15323,#15324);
#11775=LINE('',#15325,#15326);
#11776=VERTEX_POINT('',#15327);
#11777=CIRCLE('',#15328,0.15);
#11778=LINE('',#15329,#15330);
#11779=FILL_AREA_STYLE_COLOUR('',#15331);
#11780=LINE('',#15332,#15333);
#11781=FILL_AREA_STYLE_COLOUR('',#15334);
#11782=VERTEX_POINT('',#15335);
#11783=LINE('',#15336,#15337);
#11784=LINE('',#15338,#15339);
#11785=FILL_AREA_STYLE_COLOUR('',#15340);
#11786=CIRCLE('',#15341,0.100000000000002);
#11787=FILL_AREA_STYLE_COLOUR('',#15342);
#11788=VERTEX_POINT('',#15343);
#11789=LINE('',#15344,#15345);
#11790=LINE('',#15346,#15347);
#11791=FILL_AREA_STYLE_COLOUR('',#15348);
#11792=VERTEX_POINT('',#15349);
#11793=VERTEX_POINT('',#15350);
#11794=LINE('',#15351,#15352);
#11795=VERTEX_POINT('',#15353);
#11796=CIRCLE('',#15354,0.2);
#11797=VERTEX_POINT('',#15355);
#11798=LINE('',#15356,#15357);
#11799=VERTEX_POINT('',#15358);
#11800=LINE('',#15359,#15360);
#11801=VERTEX_POINT('',#15361);
#11802=LINE('',#15362,#15363);
#11803=CIRCLE('',#15364,0.2);
#11804=VERTEX_POINT('',#15365);
#11805=LINE('',#15366,#15367);
#11806=VERTEX_POINT('',#15368);
#11807=CIRCLE('',#15369,0.1);
#11808=VERTEX_POINT('',#15370);
#11809=LINE('',#15371,#15372);
#11810=VERTEX_POINT('',#15373);
#11811=CIRCLE('',#15374,0.100000000000002);
#11812=VERTEX_POINT('',#15375);
#11813=LINE('',#15376,#15377);
#11814=VERTEX_POINT('',#15378);
#11815=LINE('',#15379,#15380);
#11816=VERTEX_POINT('',#15381);
#11817=LINE('',#15382,#15383);
#11818=VERTEX_POINT('',#15384);
#11819=LINE('',#15385,#15386);
#11820=LINE('',#15387,#15388);
#11821=VERTEX_POINT('',#15389);
#11822=LINE('',#15390,#15391);
#11823=VERTEX_POINT('',#15392);
#11824=LINE('',#15393,#15394);
#11825=VERTEX_POINT('',#15395);
#11826=LINE('',#15396,#15397);
#11827=VERTEX_POINT('',#15398);
#11828=LINE('',#15399,#15400);
#11829=VERTEX_POINT('',#15401);
#11830=CIRCLE('',#15402,0.1);
#11831=VERTEX_POINT('',#15403);
#11832=LINE('',#15404,#15405);
#11833=VERTEX_POINT('',#15406);
#11834=CIRCLE('',#15407,0.1);
#11835=VERTEX_POINT('',#15408);
#11836=LINE('',#15409,#15410);
#11837=VERTEX_POINT('',#15411);
#11838=CIRCLE('',#15412,0.1);
#11839=VERTEX_POINT('',#15413);
#11840=LINE('',#15414,#15415);
#11841=VERTEX_POINT('',#15416);
#11842=CIRCLE('',#15417,0.1);
#11843=VERTEX_POINT('',#15418);
#11844=LINE('',#15419,#15420);
#11845=VERTEX_POINT('',#15421);
#11846=CIRCLE('',#15422,0.1);
#11847=VERTEX_POINT('',#15423);
#11848=LINE('',#15424,#15425);
#11849=VERTEX_POINT('',#15426);
#11850=CIRCLE('',#15427,0.1);
#11851=LINE('',#15428,#15429);
#11852=VERTEX_POINT('',#15430);
#11853=LINE('',#15431,#15432);
#11854=LINE('',#15433,#15434);
#11855=LINE('',#15435,#15436);
#11856=VERTEX_POINT('',#15437);
#11857=LINE('',#15438,#15439);
#11858=LINE('',#15440,#15441);
#11859=FILL_AREA_STYLE_COLOUR('',#15442);
#11860=LINE('',#15443,#15444);
#11861=FILL_AREA_STYLE_COLOUR('',#15445);
#11862=VERTEX_POINT('',#15446);
#11863=LINE('',#15447,#15448);
#11864=LINE('',#15449,#15450);
#11865=FILL_AREA_STYLE_COLOUR('',#15451);
#11866=FILL_AREA_STYLE_COLOUR('',#15452);
#11867=CIRCLE('',#15453,0.15);
#11868=FILL_AREA_STYLE_COLOUR('',#15454);
#11869=FILL_AREA_STYLE_COLOUR('',#15455);
#11870=LINE('',#15456,#15457);
#11871=LINE('',#15458,#15459);
#11872=FILL_AREA_STYLE_COLOUR('',#15460);
#11873=FILL_AREA_STYLE_COLOUR('',#15461);
#11874=FILL_AREA_STYLE_COLOUR('',#15462);
#11875=ELLIPSE('',#15463,0.353553390593273,0.25);
#11876=FILL_AREA_STYLE_COLOUR('',#15464);
#11877=FILL_AREA_STYLE_COLOUR('',#15465);
#11878=LINE('',#15466,#15467);
#11879=FILL_AREA_STYLE_COLOUR('',#15468);
#11880=VERTEX_POINT('',#15469);
#11881=LINE('',#15470,#15471);
#11882=VERTEX_POINT('',#15472);
#11883=CIRCLE('',#15473,0.2);
#11884=LINE('',#15474,#15475);
#11885=FILL_AREA_STYLE_COLOUR('',#15476);
#11886=VERTEX_POINT('',#15477);
#11887=VERTEX_POINT('',#15478);
#11888=LINE('',#15479,#15480);
#11889=VERTEX_POINT('',#15481);
#11890=LINE('',#15482,#15483);
#11891=VERTEX_POINT('',#15484);
#11892=LINE('',#15485,#15486);
#11893=VERTEX_POINT('',#15487);
#11894=LINE('',#15488,#15489);
#11895=LINE('',#15490,#15491);
#11896=FILL_AREA_STYLE_COLOUR('',#15492);
#11897=B_SPLINE_CURVE_WITH_KNOTS('',3,(#15493,#15494,#15495,#15496),.UNSPECIFIED.,.F.,.F.,(4,4),(4.32920145594275E-05,0.000440855606267448),.UNSPECIFIED.);
#11898=FILL_AREA_STYLE_COLOUR('',#15497);
#11899=LINE('',#15498,#15499);
#11900=LINE('',#15500,#15501);
#11901=FILL_AREA_STYLE_COLOUR('',#15502);
#11902=VERTEX_POINT('',#15503);
#11903=VERTEX_POINT('',#15504);
#11904=LINE('',#15505,#15506);
#11905=VERTEX_POINT('',#15507);
#11906=LINE('',#15508,#15509);
#11907=CIRCLE('',#15510,0.5);
#11908=VERTEX_POINT('',#15511);
#11909=CIRCLE('',#15512,0.2);
#11910=VERTEX_POINT('',#15513);
#11911=LINE('',#15514,#15515);
#11912=CIRCLE('',#15516,0.2);
#11913=FILL_AREA_STYLE_COLOUR('',#15517);
#11914=LINE('',#15518,#15519);
#11915=FILL_AREA_STYLE_COLOUR('',#15520);
#11916=CIRCLE('',#15521,0.15);
#11917=FILL_AREA_STYLE_COLOUR('',#15522);
#11918=VERTEX_POINT('',#15523);
#11919=CIRCLE('',#15524,0.2);
#11920=LINE('',#15525,#15526);
#11921=FILL_AREA_STYLE_COLOUR('',#15527);
#11922=VERTEX_POINT('',#15528);
#11923=CIRCLE('',#15529,0.3);
#11924=LINE('',#15530,#15531);
#11925=FILL_AREA_STYLE_COLOUR('',#15532);
#11926=VERTEX_POINT('',#15533);
#11927=LINE('',#15534,#15535);
#11928=LINE('',#15536,#15537);
#11929=LINE('',#15538,#15539);
#11930=FILL_AREA_STYLE_COLOUR('',#15540);
#11931=VERTEX_POINT('',#15541);
#11932=LINE('',#15542,#15543);
#11933=VERTEX_POINT('',#15544);
#11934=LINE('',#15545,#15546);
#11935=LINE('',#15547,#15548);
#11936=FILL_AREA_STYLE_COLOUR('',#15549);
#11937=LINE('',#15550,#15551);
#11938=LINE('',#15552,#15553);
#11939=FILL_AREA_STYLE_COLOUR('',#15554);
#11940=FILL_AREA_STYLE_COLOUR('',#15555);
#11941=FILL_AREA_STYLE_COLOUR('',#15556);
#11942=LINE('',#15557,#15558);
#11943=FILL_AREA_STYLE_COLOUR('',#15559);
#11944=LINE('',#15560,#15561);
#11945=FILL_AREA_STYLE_COLOUR('',#15562);
#11946=LINE('',#15563,#15564);
#11947=FILL_AREA_STYLE_COLOUR('',#15565);
#11948=LINE('',#15566,#15567);
#11949=FILL_AREA_STYLE_COLOUR('',#15568);
#11950=LINE('',#15569,#15570);
#11951=FILL_AREA_STYLE_COLOUR('',#15571);
#11952=LINE('',#15572,#15573);
#11953=FILL_AREA_STYLE_COLOUR('',#15574);
#11954=FILL_AREA_STYLE_COLOUR('',#15575);
#11955=FILL_AREA_STYLE_COLOUR('',#15576);
#11956=CIRCLE('',#15577,0.5);
#11957=LINE('',#15578,#15579);
#11958=FILL_AREA_STYLE_COLOUR('',#15580);
#11959=VERTEX_POINT('',#15581);
#11960=CIRCLE('',#15582,0.699999999995932);
#11961=VERTEX_POINT('',#15583);
#11962=LINE('',#15584,#15585);
#11963=VERTEX_POINT('',#15586);
#11964=CIRCLE('',#15587,0.70000000000742);
#11965=B_SPLINE_CURVE_WITH_KNOTS('',3,(#15588,#15589,#15590,#15591),.UNSPECIFIED.,.F.,.F.,(4,4),(4.19870525243884E-12,0.000235505425692498),.UNSPECIFIED.);
#11966=FILL_AREA_STYLE_COLOUR('',#15592);
#11967=FILL_AREA_STYLE_COLOUR('',#15593);
#11968=VERTEX_POINT('',#15594);
#11969=LINE('',#15595,#15596);
#11970=VERTEX_POINT('',#15597);
#11971=LINE('',#15598,#15599);
#11972=VERTEX_POINT('',#15600);
#11973=LINE('',#15601,#15602);
#11974=VERTEX_POINT('',#15603);
#11975=LINE('',#15604,#15605);
#11976=VERTEX_POINT('',#15606);
#11977=LINE('',#15607,#15608);
#11978=LINE('',#15609,#15610);
#11979=FILL_AREA_STYLE_COLOUR('',#15611);
#11980=VERTEX_POINT('',#15612);
#11981=B_SPLINE_CURVE_WITH_KNOTS('',3,(#15613,#15614,#15615,#15616),.UNSPECIFIED.,.F.,.F.,(4,4),(6.2308419948214E-16,0.000124758682047103),.UNSPECIFIED.);
#11982=VERTEX_POINT('',#15617);
#11983=B_SPLINE_CURVE_WITH_KNOTS('',3,(#15618,#15619,#15620,#15621),.UNSPECIFIED.,.F.,.F.,(4,4),(3.56438462696388E-12,4.38417956586365E-05),.UNSPECIFIED.);
#11984=VERTEX_POINT('',#15622);
#11985=B_SPLINE_CURVE_WITH_KNOTS('',3,(#15623,#15624,#15625,#15626),.UNSPECIFIED.,.F.,.F.,(4,4),(0.0,1.0),.UNSPECIFIED.);
#11986=B_SPLINE_CURVE_WITH_KNOTS('',3,(#15627,#15628,#15629,#15630),.UNSPECIFIED.,.F.,.F.,(4,4),(3.05072042495996E-06,0.00023549818931961),.UNSPECIFIED.);
#11987=ELLIPSE('',#15631,0.150000398516785,0.15);
#11988=FILL_AREA_STYLE_COLOUR('',#15632);
#11989=VERTEX_POINT('',#15633);
#11990=LINE('',#15634,#15635);
#11991=VERTEX_POINT('',#15636);
#11992=LINE('',#15637,#15638);
#11993=LINE('',#15639,#15640);
#11994=FILL_AREA_STYLE_COLOUR('',#15641);
#11995=LINE('',#15642,#15643);
#11996=LINE('',#15644,#15645);
#11997=FILL_AREA_STYLE_COLOUR('',#15646);
#11998=VERTEX_POINT('',#15647);
#11999=LINE('',#15648,#15649);
#12000=CIRCLE('',#15650,0.3);
#12001=FILL_AREA_STYLE_COLOUR('',#15651);
#12002=LINE('',#15652,#15653);
#12003=LINE('',#15654,#15655);
#12004=FILL_AREA_STYLE_COLOUR('',#15656);
#12005=B_SPLINE_CURVE_WITH_KNOTS('',3,(#15657,#15658,#15659,#15660),.UNSPECIFIED.,.F.,.F.,(4,4),(4.32920145898554E-05,0.000440855606273585),.UNSPECIFIED.);
#12006=FILL_AREA_STYLE_COLOUR('',#15661);
#12007=LINE('',#15662,#15663);
#12008=CIRCLE('',#15664,0.2);
#12009=FILL_AREA_STYLE_COLOUR('',#15665);
#12010=VERTEX_POINT('',#15666);
#12011=LINE('',#15667,#15668);
#12012=CIRCLE('',#15669,0.15);
#12013=FILL_AREA_STYLE_COLOUR('',#15670);
#12014=FILL_AREA_STYLE_COLOUR('',#15671);
#12015=LINE('',#15672,#15673);
#12016=FILL_AREA_STYLE_COLOUR('',#15674);
#12017=LINE('',#15675,#15676);
#12018=FILL_AREA_STYLE_COLOUR('',#15677);
#12019=LINE('',#15678,#15679);
#12020=FILL_AREA_STYLE_COLOUR('',#15680);
#12021=LINE('',#15681,#15682);
#12022=FILL_AREA_STYLE_COLOUR('',#15683);
#12023=FILL_AREA_STYLE_COLOUR('',#15684);
#12024=LINE('',#15685,#15686);
#12025=LINE('',#15687,#15688);
#12026=FILL_AREA_STYLE_COLOUR('',#15689);
#12027=FILL_AREA_STYLE_COLOUR('',#15690);
#12028=FILL_AREA_STYLE_COLOUR('',#15691);
#12029=VERTEX_POINT('',#15692);
#12030=VERTEX_POINT('',#15693);
#12031=LINE('',#15694,#15695);
#12032=LINE('',#15696,#15697);
#12033=LINE('',#15698,#15699);
#12034=FILL_AREA_STYLE_COLOUR('',#15700);
#12035=VERTEX_POINT('',#15701);
#12036=VERTEX_POINT('',#15702);
#12037=LINE('',#15703,#15704);
#12038=CIRCLE('',#15705,0.2);
#12039=CIRCLE('',#15706,0.2);
#12040=FILL_AREA_STYLE_COLOUR('',#15707);
#12041=VERTEX_POINT('',#15708);
#12042=LINE('',#15709,#15710);
#12043=LINE('',#15711,#15712);
#12044=FILL_AREA_STYLE_COLOUR('',#15713);
#12045=CIRCLE('',#15714,0.2);
#12046=FILL_AREA_STYLE_COLOUR('',#15715);
#12047=VERTEX_POINT('',#15716);
#12048=CIRCLE('',#15717,0.2);
#12049=LINE('',#15718,#15719);
#12050=FILL_AREA_STYLE_COLOUR('',#15720);
#12051=LINE('',#15721,#15722);
#12052=FILL_AREA_STYLE_COLOUR('',#15723);
#12053=FILL_AREA_STYLE_COLOUR('',#15724);
#12054=FILL_AREA_STYLE_COLOUR('',#15725);
#12055=VERTEX_POINT('',#15726);
#12056=VERTEX_POINT('',#15727);
#12057=LINE('',#15728,#15729);
#12058=VERTEX_POINT('',#15730);
#12059=LINE('',#15731,#15732);
#12060=VERTEX_POINT('',#15733);
#12061=LINE('',#15734,#15735);
#12062=CIRCLE('',#15736,0.699999999997216);
#12063=CIRCLE('',#15737,0.400000000001284);
#12064=FILL_AREA_STYLE_COLOUR('',#15738);
#12065=VERTEX_POINT('',#15739);
#12066=VERTEX_POINT('',#15740);
#12067=CIRCLE('',#15741,0.3);
#12068=VERTEX_POINT('',#15742);
#12069=LINE('',#15743,#15744);
#12070=VERTEX_POINT('',#15745);
#12071=CIRCLE('',#15746,0.3);
#12072=VERTEX_POINT('',#15747);
#12073=LINE('',#15748,#15749);
#12074=CIRCLE('',#15750,0.3);
#12075=FILL_AREA_STYLE_COLOUR('',#15751);
#12076=VERTEX_POINT('',#15752);
#12077=CIRCLE('',#15753,0.1);
#12078=VERTEX_POINT('',#15754);
#12079=LINE('',#15755,#15756);
#12080=CIRCLE('',#15757,0.1);
#12081=FILL_AREA_STYLE_COLOUR('',#15758);
#12082=VERTEX_POINT('',#15759);
#12083=LINE('',#15760,#15761);
#12084=LINE('',#15762,#15763);
#12085=LINE('',#15764,#15765);
#12086=FILL_AREA_STYLE_COLOUR('',#15766);
#12087=CIRCLE('',#15767,0.699999999997216);
#12088=FILL_AREA_STYLE_COLOUR('',#15768);
#12089=VERTEX_POINT('',#15769);
#12090=LINE('',#15770,#15771);
#12091=VERTEX_POINT('',#15772);
#12092=LINE('',#15773,#15774);
#12093=VERTEX_POINT('',#15775);
#12094=CIRCLE('',#15776,0.400000000001284);
#12095=VERTEX_POINT('',#15777);
#12096=LINE('',#15778,#15779);
#12097=VERTEX_POINT('',#15780);
#12098=CIRCLE('',#15781,0.25);
#12099=VERTEX_POINT('',#15782);
#12100=LINE('',#15783,#15784);
#12101=CIRCLE('',#15785,0.25);
#12102=FILL_AREA_STYLE_COLOUR('',#15786);
#12103=VERTEX_POINT('',#15787);
#12104=LINE('',#15788,#15789);
#12105=VERTEX_POINT('',#15790);
#12106=CIRCLE('',#15791,0.3);
#12107=VERTEX_POINT('',#15792);
#12108=LINE('',#15793,#15794);
#12109=VERTEX_POINT('',#15795);
#12110=CIRCLE('',#15796,0.1);
#12111=LINE('',#15797,#15798);
#12112=FILL_AREA_STYLE_COLOUR('',#15799);
#12113=CIRCLE('',#15800,0.3);
#12114=LINE('',#15801,#15802);
#12115=CIRCLE('',#15803,0.3);
#12116=FILL_AREA_STYLE_COLOUR('',#15804);
#12117=VERTEX_POINT('',#15805);
#12118=LINE('',#15806,#15807);
#12119=LINE('',#15808,#15809);
#12120=FILL_AREA_STYLE_COLOUR('',#15810);
#12121=VERTEX_POINT('',#15811);
#12122=LINE('',#15812,#15813);
#12123=LINE('',#15814,#15815);
#12124=FILL_AREA_STYLE_COLOUR('',#15816);
#12125=LINE('',#15817,#15818);
#12126=FILL_AREA_STYLE_COLOUR('',#15819);
#12127=VERTEX_POINT('',#15820);
#12128=B_SPLINE_CURVE_WITH_KNOTS('',3,(#15821,#15822,#15823,#15824),.UNSPECIFIED.,.F.,.F.,(4,4),(4.63850565356585E-09,4.38431031770511E-05),.UNSPECIFIED.);
#12129=ELLIPSE('',#15825,0.15000045968505,0.15);
#12130=B_SPLINE_CURVE_WITH_KNOTS('',3,(#15826,#15827,#15828,#15829),.UNSPECIFIED.,.F.,.F.,(4,4),(0.0,1.0),.UNSPECIFIED.);
#12131=FILL_AREA_STYLE_COLOUR('',#15830);
#12132=VERTEX_POINT('',#15831);
#12133=LINE('',#15832,#15833);
#12134=VERTEX_POINT('',#15834);
#12135=LINE('',#15835,#15836);
#12136=CIRCLE('',#15837,0.400000000011488);
#12137=FILL_AREA_STYLE_COLOUR('',#15838);
#12138=VERTEX_POINT('',#15839);
#12139=LINE('',#15840,#15841);
#12140=CIRCLE('',#15842,0.1);
#12141=FILL_AREA_STYLE_COLOUR('',#15843);
#12142=VERTEX_POINT('',#15844);
#12143=VERTEX_POINT('',#15845);
#12144=CIRCLE('',#15846,0.3);
#12145=LINE('',#15847,#15848);
#12146=VERTEX_POINT('',#15849);
#12147=LINE('',#15850,#15851);
#12148=LINE('',#15852,#15853);
#12149=FILL_AREA_STYLE_COLOUR('',#15854);
#12150=VERTEX_POINT('',#15855);
#12151=VERTEX_POINT('',#15856);
#12152=CIRCLE('',#15857,0.4);
#12153=LINE('',#15858,#15859);
#12154=VERTEX_POINT('',#15860);
#12155=LINE('',#15861,#15862);
#12156=VERTEX_POINT('',#15863);
#12157=LINE('',#15864,#15865);
#12158=VERTEX_POINT('',#15866);
#12159=CIRCLE('',#15867,0.25);
#12160=VERTEX_POINT('',#15868);
#12161=LINE('',#15869,#15870);
#12162=VERTEX_POINT('',#15871);
#12163=CIRCLE('',#15872,0.25);
#12164=LINE('',#15873,#15874);
#12165=FILL_AREA_STYLE_COLOUR('',#15875);
#12166=LINE('',#15876,#15877);
#12167=FILL_AREA_STYLE_COLOUR('',#15878);
#12168=FILL_AREA_STYLE_COLOUR('',#15879);
#12169=FILL_AREA_STYLE_COLOUR('',#15880);
#12170=FILL_AREA_STYLE_COLOUR('',#15881);
#12171=FILL_AREA_STYLE_COLOUR('',#15882);
#12172=FILL_AREA_STYLE_COLOUR('',#15883);
#12173=VERTEX_POINT('',#15884);
#12174=LINE('',#15885,#15886);
#12175=VERTEX_POINT('',#15887);
#12176=LINE('',#15888,#15889);
#12177=VERTEX_POINT('',#15890);
#12178=LINE('',#15891,#15892);
#12179=VERTEX_POINT('',#15893);
#12180=LINE('',#15894,#15895);
#12181=VERTEX_POINT('',#15896);
#12182=LINE('',#15897,#15898);
#12183=LINE('',#15899,#15900);
#12184=FILL_AREA_STYLE_COLOUR('',#15901);
#12185=VERTEX_POINT('',#15902);
#12186=VERTEX_POINT('',#15903);
#12187=LINE('',#15904,#15905);
#12188=LINE('',#15906,#15907);
#12189=LINE('',#15908,#15909);
#12190=FILL_AREA_STYLE_COLOUR('',#15910);
#12191=LINE('',#15911,#15912);
#12192=FILL_AREA_STYLE_COLOUR('',#15913);
#12193=VERTEX_POINT('',#15914);
#12194=LINE('',#15915,#15916);
#12195=VERTEX_POINT('',#15917);
#12196=CIRCLE('',#15918,0.2);
#12197=LINE('',#15919,#15920);
#12198=FILL_AREA_STYLE_COLOUR('',#15921);
#12199=LINE('',#15922,#15923);
#12200=LINE('',#15924,#15925);
#12201=FILL_AREA_STYLE_COLOUR('',#15926);
#12202=VERTEX_POINT('',#15927);
#12203=VERTEX_POINT('',#15928);
#12204=LINE('',#15929,#15930);
#12205=LINE('',#15931,#15932);
#12206=LINE('',#15933,#15934);
#12207=FILL_AREA_STYLE_COLOUR('',#15935);
#12208=VERTEX_POINT('',#15936);
#12209=LINE('',#15937,#15938);
#12210=LINE('',#15939,#15940);
#12211=FILL_AREA_STYLE_COLOUR('',#15941);
#12212=LINE('',#15942,#15943);
#12213=LINE('',#15944,#15945);
#12214=FILL_AREA_STYLE_COLOUR('',#15946);
#12215=FILL_AREA_STYLE_COLOUR('',#15947);
#12216=VERTEX_POINT('',#15948);
#12217=VERTEX_POINT('',#15949);
#12218=LINE('',#15950,#15951);
#12219=LINE('',#15952,#15953);
#12220=LINE('',#15954,#15955);
#12221=FILL_AREA_STYLE_COLOUR('',#15956);
#12222=VERTEX_POINT('',#15957);
#12223=CIRCLE('',#15958,0.5);
#12224=VERTEX_POINT('',#15959);
#12225=LINE('',#15960,#15961);
#12226=CIRCLE('',#15962,0.5);
#12227=FILL_AREA_STYLE_COLOUR('',#15963);
#12228=FILL_AREA_STYLE_COLOUR('',#15964);
#12229=VERTEX_POINT('',#15965);
#12230=CIRCLE('',#15966,0.2);
#12231=VERTEX_POINT('',#15967);
#12232=LINE('',#15968,#15969);
#12233=CIRCLE('',#15970,0.2);
#12234=FILL_AREA_STYLE_COLOUR('',#15971);
#12235=VERTEX_POINT('',#15972);
#12236=LINE('',#15973,#15974);
#12237=LINE('',#15975,#15976);
#12238=FILL_AREA_STYLE_COLOUR('',#15977);
#12239=LINE('',#15978,#15979);
#12240=FILL_AREA_STYLE_COLOUR('',#15980);
#12241=VERTEX_POINT('',#15981);
#12242=CIRCLE('',#15982,0.2);
#12243=LINE('',#15983,#15984);
#12244=FILL_AREA_STYLE_COLOUR('',#15985);
#12245=FILL_AREA_STYLE_COLOUR('',#15986);
#12246=FILL_AREA_STYLE_COLOUR('',#15987);
#12247=CIRCLE('',#15988,0.2);
#12248=FILL_AREA_STYLE_COLOUR('',#15989);
#12249=LINE('',#15990,#15991);
#12250=VERTEX_POINT('',#15992);
#12251=LINE('',#15993,#15994);
#12252=LINE('',#15995,#15996);
#12253=FILL_AREA_STYLE_COLOUR('',#15997);
#12254=LINE('',#15998,#15999);
#12255=LINE('',#16000,#16001);
#12256=FILL_AREA_STYLE_COLOUR('',#16002);
#12257=CIRCLE('',#16003,0.5);
#12258=CIRCLE('',#16004,0.5);
#12259=FILL_AREA_STYLE_COLOUR('',#16005);
#12260=LINE('',#16006,#16007);
#12261=LINE('',#16008,#16009);
#12262=FILL_AREA_STYLE_COLOUR('',#16010);
#12263=FILL_AREA_STYLE_COLOUR('',#16011);
#12264=LINE('',#16012,#16013);
#12265=LINE('',#16014,#16015);
#12266=FILL_AREA_STYLE_COLOUR('',#16016);
#12267=FILL_AREA_STYLE_COLOUR('',#16017);
#12268=FILL_AREA_STYLE_COLOUR('',#16018);
#12269=VERTEX_POINT('',#16019);
#12270=LINE('',#16020,#16021);
#12271=LINE('',#16022,#16023);
#12272=FILL_AREA_STYLE_COLOUR('',#16024);
#12273=VERTEX_POINT('',#16025);
#12274=LINE('',#16026,#16027);
#12275=CIRCLE('',#16028,0.2);
#12276=FILL_AREA_STYLE_COLOUR('',#16029);
#12277=VERTEX_POINT('',#16030);
#12278=B_SPLINE_CURVE_WITH_KNOTS('',3,(#16031,#16032,#16033,#16034,#16035,#16036,#16037,#16038,#16039,#16040,#16041,#16042,#16043,#16044,#16045,#16046),.UNSPECIFIED.,.F.,.F.,(4,2,2,2,3,3,4),(0.0,0.249617438336798,0.374457965525734,0.499434317531532,0.624342377321151,0.74951618899136,0.782371238517156),.UNSPECIFIED.);
#12279=VERTEX_POINT('',#16047);
#12280=LINE('',#16048,#16049);
#12281=CIRCLE('',#16050,0.5);
#12282=VERTEX_POINT('',#16051);
#12283=LINE('',#16052,#16053);
#12284=CIRCLE('',#16054,0.5);
#12285=FILL_AREA_STYLE_COLOUR('',#16055);
#12286=VERTEX_POINT('',#16056);
#12287=LINE('',#16057,#16058);
#12288=VERTEX_POINT('',#16059);
#12289=CIRCLE('',#16060,0.2);
#12290=LINE('',#16061,#16062);
#12291=FILL_AREA_STYLE_COLOUR('',#16063);
#12292=LINE('',#16064,#16065);
#12293=FILL_AREA_STYLE_COLOUR('',#16066);
#12294=LINE('',#16067,#16068);
#12295=FILL_AREA_STYLE_COLOUR('',#16069);
#12296=VERTEX_POINT('',#16070);
#12297=LINE('',#16071,#16072);
#12298=LINE('',#16073,#16074);
#12299=FILL_AREA_STYLE_COLOUR('',#16075);
#12300=LINE('',#16076,#16077);
#12301=FILL_AREA_STYLE_COLOUR('',#16078);
#12302=VERTEX_POINT('',#16079);
#12303=LINE('',#16080,#16081);
#12304=LINE('',#16082,#16083);
#12305=FILL_AREA_STYLE_COLOUR('',#16084);
#12306=VERTEX_POINT('',#16085);
#12307=LINE('',#16086,#16087);
#12308=LINE('',#16088,#16089);
#12309=FILL_AREA_STYLE_COLOUR('',#16090);
#12310=LINE('',#16091,#16092);
#12311=FILL_AREA_STYLE_COLOUR('',#16093);
#12312=LINE('',#16094,#16095);
#12313=FILL_AREA_STYLE_COLOUR('',#16096);
#12314=VERTEX_POINT('',#16097);
#12315=LINE('',#16098,#16099);
#12316=LINE('',#16100,#16101);
#12317=FILL_AREA_STYLE_COLOUR('',#16102);
#12318=VERTEX_POINT('',#16103);
#12319=LINE('',#16104,#16105);
#12320=VERTEX_POINT('',#16106);
#12321=CIRCLE('',#16107,0.05);
#12322=LINE('',#16108,#16109);
#12323=FILL_AREA_STYLE_COLOUR('',#16110);
#12324=VERTEX_POINT('',#16111);
#12325=LINE('',#16112,#16113);
#12326=LINE('',#16114,#16115);
#12327=FILL_AREA_STYLE_COLOUR('',#16116);
#12328=CIRCLE('',#16117,0.5);
#12329=VERTEX_POINT('',#16118);
#12330=LINE('',#16119,#16120);
#12331=LINE('',#16121,#16122);
#12332=VERTEX_POINT('',#16123);
#12333=LINE('',#16124,#16125);
#12334=VERTEX_POINT('',#16126);
#12335=LINE('',#16127,#16128);
#12336=VERTEX_POINT('',#16129);
#12337=LINE('',#16130,#16131);
#12338=LINE('',#16132,#16133);
#12339=FILL_AREA_STYLE_COLOUR('',#16134);
#12340=VERTEX_POINT('',#16135);
#12341=CIRCLE('',#16136,0.5);
#12342=VERTEX_POINT('',#16137);
#12343=LINE('',#16138,#16139);
#12344=B_SPLINE_CURVE_WITH_KNOTS('',3,(#16140,#16141,#16142,#16143,#16144,#16145,#16146,#16147,#16148,#16149,#16150,#16151,#16152,#16153,#16154,#16155),.UNSPECIFIED.,.F.,.F.,(4,3,3,2,2,2,4),(0.217629023783874,0.250483811008627,0.375657622678842,0.500565682468461,0.625542034474258,0.750382561663204,1.0),.UNSPECIFIED.);
#12345=FILL_AREA_STYLE_COLOUR('',#16156);
#12346=VERTEX_POINT('',#16157);
#12347=LINE('',#16158,#16159);
#12348=VERTEX_POINT('',#16160);
#12349=LINE('',#16161,#16162);
#12350=LINE('',#16163,#16164);
#12351=LINE('',#16165,#16166);
#12352=VERTEX_POINT('',#16167);
#12353=LINE('',#16168,#16169);
#12354=LINE('',#16170,#16171);
#12355=FILL_AREA_STYLE_COLOUR('',#16172);
#12356=LINE('',#16173,#16174);
#12357=FILL_AREA_STYLE_COLOUR('',#16175);
#12358=FILL_AREA_STYLE_COLOUR('',#16176);
#12359=LINE('',#16177,#16178);
#12360=FILL_AREA_STYLE_COLOUR('',#16179);
#12361=FILL_AREA_STYLE_COLOUR('',#16180);
#12362=VERTEX_POINT('',#16181);
#12363=LINE('',#16182,#16183);
#12364=VERTEX_POINT('',#16184);
#12365=LINE('',#16185,#16186);
#12366=LINE('',#16187,#16188);
#12367=VERTEX_POINT('',#16189);
#12368=LINE('',#16190,#16191);
#12369=VERTEX_POINT('',#16192);
#12370=LINE('',#16193,#16194);
#12371=VERTEX_POINT('',#16195);
#12372=LINE('',#16196,#16197);
#12373=VERTEX_POINT('',#16198);
#12374=LINE('',#16199,#16200);
#12375=VERTEX_POINT('',#16201);
#12376=LINE('',#16202,#16203);
#12377=VERTEX_POINT('',#16204);
#12378=LINE('',#16205,#16206);
#12379=VERTEX_POINT('',#16207);
#12380=LINE('',#16208,#16209);
#12381=VERTEX_POINT('',#16210);
#12382=LINE('',#16211,#16212);
#12383=LINE('',#16213,#16214);
#12384=FILL_AREA_STYLE_COLOUR('',#16215);
#12385=FILL_AREA_STYLE_COLOUR('',#16216);
#12386=LINE('',#16217,#16218);
#12387=VERTEX_POINT('',#16219);
#12388=LINE('',#16220,#16221);
#12389=VERTEX_POINT('',#16222);
#12390=LINE('',#16223,#16224);
#12391=LINE('',#16225,#16226);
#12392=FILL_AREA_STYLE_COLOUR('',#16227);
#12393=VERTEX_POINT('',#16228);
#12394=VERTEX_POINT('',#16229);
#12395=LINE('',#16230,#16231);
#12396=VERTEX_POINT('',#16232);
#12397=CIRCLE('',#16233,0.4);
#12398=VERTEX_POINT('',#16234);
#12399=LINE('',#16235,#16236);
#12400=VERTEX_POINT('',#16237);
#12401=LINE('',#16238,#16239);
#12402=LINE('',#16240,#16241);
#12403=FILL_AREA_STYLE_COLOUR('',#16242);
#12404=VERTEX_POINT('',#16243);
#12405=CIRCLE('',#16244,0.4);
#12406=VERTEX_POINT('',#16245);
#12407=LINE('',#16246,#16247);
#12408=VERTEX_POINT('',#16248);
#12409=LINE('',#16249,#16250);
#12410=LINE('',#16251,#16252);
#12411=FILL_AREA_STYLE_COLOUR('',#16253);
#12412=LINE('',#16254,#16255);
#12413=VERTEX_POINT('',#16256);
#12414=LINE('',#16257,#16258);
#12415=VERTEX_POINT('',#16259);
#12416=LINE('',#16260,#16261);
#12417=LINE('',#16262,#16263);
#12418=FILL_AREA_STYLE_COLOUR('',#16264);
#12419=VERTEX_POINT('',#16265);
#12420=VERTEX_POINT('',#16266);
#12421=LINE('',#16267,#16268);
#12422=VERTEX_POINT('',#16269);
#12423=CIRCLE('',#16270,0.4);
#12424=VERTEX_POINT('',#16271);
#12425=LINE('',#16272,#16273);
#12426=VERTEX_POINT('',#16274);
#12427=LINE('',#16275,#16276);
#12428=LINE('',#16277,#16278);
#12429=FILL_AREA_STYLE_COLOUR('',#16279);
#12430=VERTEX_POINT('',#16280);
#12431=CIRCLE('',#16281,0.4);
#12432=VERTEX_POINT('',#16282);
#12433=LINE('',#16283,#16284);
#12434=VERTEX_POINT('',#16285);
#12435=LINE('',#16286,#16287);
#12436=LINE('',#16288,#16289);
#12437=FILL_AREA_STYLE_COLOUR('',#16290);
#12438=LINE('',#16291,#16292);
#12439=VERTEX_POINT('',#16293);
#12440=LINE('',#16294,#16295);
#12441=VERTEX_POINT('',#16296);
#12442=LINE('',#16297,#16298);
#12443=LINE('',#16299,#16300);
#12444=FILL_AREA_STYLE_COLOUR('',#16301);
#12445=VERTEX_POINT('',#16302);
#12446=CIRCLE('',#16303,0.4);
#12447=VERTEX_POINT('',#16304);
#12448=LINE('',#16305,#16306);
#12449=VERTEX_POINT('',#16307);
#12450=LINE('',#16308,#16309);
#12451=LINE('',#16310,#16311);
#12452=FILL_AREA_STYLE_COLOUR('',#16312);
#12453=VERTEX_POINT('',#16313);
#12454=VERTEX_POINT('',#16314);
#12455=LINE('',#16315,#16316);
#12456=VERTEX_POINT('',#16317);
#12457=CIRCLE('',#16318,0.4);
#12458=VERTEX_POINT('',#16319);
#12459=LINE('',#16320,#16321);
#12460=VERTEX_POINT('',#16322);
#12461=LINE('',#16323,#16324);
#12462=LINE('',#16325,#16326);
#12463=FILL_AREA_STYLE_COLOUR('',#16327);
#12464=VERTEX_POINT('',#16328);
#12465=VERTEX_POINT('',#16329);
#12466=LINE('',#16330,#16331);
#12467=LINE('',#16332,#16333);
#12468=VERTEX_POINT('',#16334);
#12469=LINE('',#16335,#16336);
#12470=LINE('',#16337,#16338);
#12471=FILL_AREA_STYLE_COLOUR('',#16339);
#12472=VERTEX_POINT('',#16340);
#12473=CIRCLE('',#16341,0.4);
#12474=VERTEX_POINT('',#16342);
#12475=LINE('',#16343,#16344);
#12476=VERTEX_POINT('',#16345);
#12477=LINE('',#16346,#16347);
#12478=LINE('',#16348,#16349);
#12479=FILL_AREA_STYLE_COLOUR('',#16350);
#12480=VERTEX_POINT('',#16351);
#12481=CIRCLE('',#16352,0.4);
#12482=VERTEX_POINT('',#16353);
#12483=LINE('',#16354,#16355);
#12484=VERTEX_POINT('',#16356);
#12485=LINE('',#16357,#16358);
#12486=LINE('',#16359,#16360);
#12487=FILL_AREA_STYLE_COLOUR('',#16361);
#12488=VERTEX_POINT('',#16362);
#12489=VERTEX_POINT('',#16363);
#12490=LINE('',#16364,#16365);
#12491=VERTEX_POINT('',#16366);
#12492=LINE('',#16367,#16368);
#12493=VERTEX_POINT('',#16369);
#12494=LINE('',#16370,#16371);
#12495=LINE('',#16372,#16373);
#12496=FILL_AREA_STYLE_COLOUR('',#16374);
#12497=VERTEX_POINT('',#16375);
#12498=VERTEX_POINT('',#16376);
#12499=LINE('',#16377,#16378);
#12500=VERTEX_POINT('',#16379);
#12501=LINE('',#16380,#16381);
#12502=VERTEX_POINT('',#16382);
#12503=LINE('',#16383,#16384);
#12504=LINE('',#16385,#16386);
#12505=FILL_AREA_STYLE_COLOUR('',#16387);
#12506=VERTEX_POINT('',#16388);
#12507=VERTEX_POINT('',#16389);
#12508=LINE('',#16390,#16391);
#12509=VERTEX_POINT('',#16392);
#12510=LINE('',#16393,#16394);
#12511=VERTEX_POINT('',#16395);
#12512=LINE('',#16396,#16397);
#12513=LINE('',#16398,#16399);
#12514=FILL_AREA_STYLE_COLOUR('',#16400);
#12515=VERTEX_POINT('',#16401);
#12516=VERTEX_POINT('',#16402);
#12517=LINE('',#16403,#16404);
#12518=VERTEX_POINT('',#16405);
#12519=LINE('',#16406,#16407);
#12520=VERTEX_POINT('',#16408);
#12521=LINE('',#16409,#16410);
#12522=LINE('',#16411,#16412);
#12523=FILL_AREA_STYLE_COLOUR('',#16413);
#12524=VERTEX_POINT('',#16414);
#12525=VERTEX_POINT('',#16415);
#12526=LINE('',#16416,#16417);
#12527=VERTEX_POINT('',#16418);
#12528=LINE('',#16419,#16420);
#12529=VERTEX_POINT('',#16421);
#12530=LINE('',#16422,#16423);
#12531=LINE('',#16424,#16425);
#12532=FILL_AREA_STYLE_COLOUR('',#16426);
#12533=VERTEX_POINT('',#16427);
#12534=CIRCLE('',#16428,0.15);
#12535=VERTEX_POINT('',#16429);
#12536=LINE('',#16430,#16431);
#12537=VERTEX_POINT('',#16432);
#12538=CIRCLE('',#16433,0.15);
#12539=LINE('',#16434,#16435);
#12540=FILL_AREA_STYLE_COLOUR('',#16436);
#12541=VERTEX_POINT('',#16437);
#12542=LINE('',#16438,#16439);
#12543=VERTEX_POINT('',#16440);
#12544=CIRCLE('',#16441,0.15);
#12545=VERTEX_POINT('',#16442);
#12546=LINE('',#16443,#16444);
#12547=CIRCLE('',#16445,0.15);
#12548=FILL_AREA_STYLE_COLOUR('',#16446);
#12549=LINE('',#16447,#16448);
#12550=FILL_AREA_STYLE_COLOUR('',#16449);
#12551=LINE('',#16450,#16451);
#12552=FILL_AREA_STYLE_COLOUR('',#16452);
#12553=LINE('',#16453,#16454);
#12554=FILL_AREA_STYLE_COLOUR('',#16455);
#12555=LINE('',#16456,#16457);
#12556=LINE('',#16458,#16459);
#12557=VERTEX_POINT('',#16460);
#12558=CIRCLE('',#16461,0.2);
#12559=VERTEX_POINT('',#16462);
#12560=LINE('',#16463,#16464);
#12561=VERTEX_POINT('',#16465);
#12562=CIRCLE('',#16466,0.2);
#12563=VERTEX_POINT('',#16467);
#12564=LINE('',#16468,#16469);
#12565=VERTEX_POINT('',#16470);
#12566=LINE('',#16471,#16472);
#12567=VERTEX_POINT('',#16473);
#12568=LINE('',#16474,#16475);
#12569=VERTEX_POINT('',#16476);
#12570=LINE('',#16477,#16478);
#12571=VERTEX_POINT('',#16479);
#12572=LINE('',#16480,#16481);
#12573=VERTEX_POINT('',#16482);
#12574=LINE('',#16483,#16484);
#12575=VERTEX_POINT('',#16485);
#12576=LINE('',#16486,#16487);
#12577=VERTEX_POINT('',#16488);
#12578=LINE('',#16489,#16490);
#12579=VERTEX_POINT('',#16491);
#12580=LINE('',#16492,#16493);
#12581=VERTEX_POINT('',#16494);
#12582=LINE('',#16495,#16496);
#12583=VERTEX_POINT('',#16497);
#12584=LINE('',#16498,#16499);
#12585=VERTEX_POINT('',#16500);
#12586=LINE('',#16501,#16502);
#12587=VERTEX_POINT('',#16503);
#12588=LINE('',#16504,#16505);
#12589=VERTEX_POINT('',#16506);
#12590=LINE('',#16507,#16508);
#12591=VERTEX_POINT('',#16509);
#12592=LINE('',#16510,#16511);
#12593=VERTEX_POINT('',#16512);
#12594=LINE('',#16513,#16514);
#12595=VERTEX_POINT('',#16515);
#12596=LINE('',#16516,#16517);
#12597=VERTEX_POINT('',#16518);
#12598=LINE('',#16519,#16520);
#12599=VERTEX_POINT('',#16521);
#12600=LINE('',#16522,#16523);
#12601=VERTEX_POINT('',#16524);
#12602=LINE('',#16525,#16526);
#12603=VERTEX_POINT('',#16527);
#12604=LINE('',#16528,#16529);
#12605=VERTEX_POINT('',#16530);
#12606=CIRCLE('',#16531,0.2);
#12607=VERTEX_POINT('',#16532);
#12608=LINE('',#16533,#16534);
#12609=CIRCLE('',#16535,0.2);
#12610=LINE('',#16536,#16537);
#12611=FILL_AREA_STYLE_COLOUR('',#16538);
#12612=VERTEX_POINT('',#16539);
#12613=LINE('',#16540,#16541);
#12614=CIRCLE('',#16542,0.05);
#12615=FILL_AREA_STYLE_COLOUR('',#16543);
#12616=VERTEX_POINT('',#16544);
#12617=LINE('',#16545,#16546);
#12618=VERTEX_POINT('',#16547);
#12619=LINE('',#16548,#16549);
#12620=LINE('',#16550,#16551);
#12621=FILL_AREA_STYLE_COLOUR('',#16552);
#12622=VERTEX_POINT('',#16553);
#12623=LINE('',#16554,#16555);
#12624=VERTEX_POINT('',#16556);
#12625=LINE('',#16557,#16558);
#12626=LINE('',#16559,#16560);
#12627=FILL_AREA_STYLE_COLOUR('',#16561);
#12628=LINE('',#16562,#16563);
#12629=FILL_AREA_STYLE_COLOUR('',#16564);
#12630=LINE('',#16565,#16566);
#12631=FILL_AREA_STYLE_COLOUR('',#16567);
#12632=LINE('',#16568,#16569);
#12633=FILL_AREA_STYLE_COLOUR('',#16570);
#12634=LINE('',#16571,#16572);
#12635=FILL_AREA_STYLE_COLOUR('',#16573);
#12636=VERTEX_POINT('',#16574);
#12637=LINE('',#16575,#16576);
#12638=LINE('',#16577,#16578);
#12639=FILL_AREA_STYLE_COLOUR('',#16579);
#12640=LINE('',#16580,#16581);
#12641=LINE('',#16582,#16583);
#12642=FILL_AREA_STYLE_COLOUR('',#16584);
#12643=LINE('',#16585,#16586);
#12644=LINE('',#16587,#16588);
#12645=LINE('',#16589,#16590);
#12646=LINE('',#16591,#16592);
#12647=LINE('',#16593,#16594);
#12648=LINE('',#16595,#16596);
#12649=VERTEX_POINT('',#16597);
#12650=LINE('',#16598,#16599);
#12651=VERTEX_POINT('',#16600);
#12652=LINE('',#16601,#16602);
#12653=LINE('',#16603,#16604);
#12654=FILL_AREA_STYLE_COLOUR('',#16605);
#12655=LINE('',#16606,#16607);
#12656=FILL_AREA_STYLE_COLOUR('',#16608);
#12657=FILL_AREA_STYLE_COLOUR('',#16609);
#12658=VERTEX_POINT('',#16610);
#12659=VERTEX_POINT('',#16611);
#12660=LINE('',#16612,#16613);
#12661=LINE('',#16614,#16615);
#12662=LINE('',#16616,#16617);
#12663=FILL_AREA_STYLE_COLOUR('',#16618);
#12664=LINE('',#16619,#16620);
#12665=FILL_AREA_STYLE_COLOUR('',#16621);
#12666=VERTEX_POINT('',#16622);
#12667=LINE('',#16623,#16624);
#12668=VERTEX_POINT('',#16625);
#12669=LINE('',#16626,#16627);
#12670=LINE('',#16628,#16629);
#12671=FILL_AREA_STYLE_COLOUR('',#16630);
#12672=VERTEX_POINT('',#16631);
#12673=LINE('',#16632,#16633);
#12674=VERTEX_POINT('',#16634);
#12675=LINE('',#16635,#16636);
#12676=LINE('',#16637,#16638);
#12677=FILL_AREA_STYLE_COLOUR('',#16639);
#12678=VERTEX_POINT('',#16640);
#12679=LINE('',#16641,#16642);
#12680=VERTEX_POINT('',#16643);
#12681=LINE('',#16644,#16645);
#12682=LINE('',#16646,#16647);
#12683=FILL_AREA_STYLE_COLOUR('',#16648);
#12684=VERTEX_POINT('',#16649);
#12685=LINE('',#16650,#16651);
#12686=VERTEX_POINT('',#16652);
#12687=LINE('',#16653,#16654);
#12688=LINE('',#16655,#16656);
#12689=FILL_AREA_STYLE_COLOUR('',#16657);
#12690=VERTEX_POINT('',#16658);
#12691=LINE('',#16659,#16660);
#12692=VERTEX_POINT('',#16661);
#12693=CIRCLE('',#16662,0.2);
#12694=LINE('',#16663,#16664);
#12695=VERTEX_POINT('',#16665);
#12696=CIRCLE('',#16666,0.25);
#12697=LINE('',#16667,#16668);
#12698=FILL_AREA_STYLE_COLOUR('',#16669);
#12699=VERTEX_POINT('',#16670);
#12700=VERTEX_POINT('',#16671);
#12701=CIRCLE('',#16672,0.2);
#12702=LINE('',#16673,#16674);
#12703=VERTEX_POINT('',#16675);
#12704=LINE('',#16676,#16677);
#12705=CIRCLE('',#16678,0.25);
#12706=LINE('',#16679,#16680);
#12707=FILL_AREA_STYLE_COLOUR('',#16681);
#12708=VERTEX_POINT('',#16682);
#12709=VERTEX_POINT('',#16683);
#12710=CIRCLE('',#16684,0.2);
#12711=LINE('',#16685,#16686);
#12712=VERTEX_POINT('',#16687);
#12713=LINE('',#16688,#16689);
#12714=CIRCLE('',#16690,0.25);
#12715=LINE('',#16691,#16692);
#12716=FILL_AREA_STYLE_COLOUR('',#16693);
#12717=VERTEX_POINT('',#16694);
#12718=LINE('',#16695,#16696);
#12719=VERTEX_POINT('',#16697);
#12720=CIRCLE('',#16698,0.2);
#12721=LINE('',#16699,#16700);
#12722=VERTEX_POINT('',#16701);
#12723=CIRCLE('',#16702,0.25);
#12724=LINE('',#16703,#16704);
#12725=FILL_AREA_STYLE_COLOUR('',#16705);
#12726=VERTEX_POINT('',#16706);
#12727=LINE('',#16707,#16708);
#12728=VERTEX_POINT('',#16709);
#12729=CIRCLE('',#16710,0.2);
#12730=LINE('',#16711,#16712);
#12731=VERTEX_POINT('',#16713);
#12732=CIRCLE('',#16714,0.25);
#12733=LINE('',#16715,#16716);
#12734=FILL_AREA_STYLE_COLOUR('',#16717);
#12735=VERTEX_POINT('',#16718);
#12736=LINE('',#16719,#16720);
#12737=VERTEX_POINT('',#16721);
#12738=CIRCLE('',#16722,0.2);
#12739=LINE('',#16723,#16724);
#12740=VERTEX_POINT('',#16725);
#12741=CIRCLE('',#16726,0.25);
#12742=LINE('',#16727,#16728);
#12743=FILL_AREA_STYLE_COLOUR('',#16729);
#12744=VERTEX_POINT('',#16730);
#12745=VERTEX_POINT('',#16731);
#12746=CIRCLE('',#16732,0.2);
#12747=LINE('',#16733,#16734);
#12748=VERTEX_POINT('',#16735);
#12749=LINE('',#16736,#16737);
#12750=CIRCLE('',#16738,0.25);
#12751=LINE('',#16739,#16740);
#12752=FILL_AREA_STYLE_COLOUR('',#16741);
#12753=VERTEX_POINT('',#16742);
#12754=VERTEX_POINT('',#16743);
#12755=CIRCLE('',#16744,0.2);
#12756=LINE('',#16745,#16746);
#12757=VERTEX_POINT('',#16747);
#12758=LINE('',#16748,#16749);
#12759=CIRCLE('',#16750,0.25);
#12760=LINE('',#16751,#16752);
#12761=FILL_AREA_STYLE_COLOUR('',#16753);
#12762=VERTEX_POINT('',#16754);
#12763=LINE('',#16755,#16756);
#12764=VERTEX_POINT('',#16757);
#12765=CIRCLE('',#16758,0.2);
#12766=LINE('',#16759,#16760);
#12767=VERTEX_POINT('',#16761);
#12768=CIRCLE('',#16762,0.25);
#12769=LINE('',#16763,#16764);
#12770=FILL_AREA_STYLE_COLOUR('',#16765);
#12771=VERTEX_POINT('',#16766);
#12772=VERTEX_POINT('',#16767);
#12773=CIRCLE('',#16768,0.2);
#12774=LINE('',#16769,#16770);
#12775=VERTEX_POINT('',#16771);
#12776=LINE('',#16772,#16773);
#12777=CIRCLE('',#16774,0.25);
#12778=LINE('',#16775,#16776);
#12779=FILL_AREA_STYLE_COLOUR('',#16777);
#12780=VERTEX_POINT('',#16778);
#12781=LINE('',#16779,#16780);
#12782=VERTEX_POINT('',#16781);
#12783=CIRCLE('',#16782,0.2);
#12784=LINE('',#16783,#16784);
#12785=FILL_AREA_STYLE_COLOUR('',#16785);
#12786=LINE('',#16786,#16787);
#12787=FILL_AREA_STYLE_COLOUR('',#16788);
#12788=LINE('',#16789,#16790);
#12789=LINE('',#16791,#16792);
#12790=FILL_AREA_STYLE_COLOUR('',#16793);
#12791=VERTEX_POINT('',#16794);
#12792=LINE('',#16795,#16796);
#12793=LINE('',#16797,#16798);
#12794=FILL_AREA_STYLE_COLOUR('',#16799);
#12795=LINE('',#16800,#16801);
#12796=LINE('',#16802,#16803);
#12797=FILL_AREA_STYLE_COLOUR('',#16804);
#12798=FILL_AREA_STYLE_COLOUR('',#16805);
#12799=LINE('',#16806,#16807);
#12800=LINE('',#16808,#16809);
#12801=FILL_AREA_STYLE_COLOUR('',#16810);
#12802=FILL_AREA_STYLE_COLOUR('',#16811);
#12803=LINE('',#16812,#16813);
#12804=FILL_AREA_STYLE_COLOUR('',#16814);
#12805=FILL_AREA_STYLE_COLOUR('',#16815);
#12806=VERTEX_POINT('',#16816);
#12807=CIRCLE('',#16817,0.2);
#12808=VERTEX_POINT('',#16818);
#12809=LINE('',#16819,#16820);
#12810=VERTEX_POINT('',#16821);
#12811=CIRCLE('',#16822,0.2);
#12812=LINE('',#16823,#16824);
#12813=FILL_AREA_STYLE_COLOUR('',#16825);
#12814=VERTEX_POINT('',#16826);
#12815=CIRCLE('',#16827,0.2);
#12816=LINE('',#16828,#16829);
#12817=FILL_AREA_STYLE_COLOUR('',#16830);
#12818=VERTEX_POINT('',#16831);
#12819=CIRCLE('',#16832,0.2);
#12820=CIRCLE('',#16833,0.2);
#12821=FILL_AREA_STYLE_COLOUR('',#16834);
#12822=CIRCLE('',#16835,0.2);
#12823=CIRCLE('',#16836,0.2);
#12824=FILL_AREA_STYLE_COLOUR('',#16837);
#12825=CIRCLE('',#16838,0.2);
#12826=FILL_AREA_STYLE_COLOUR('',#16839);
#12827=LINE('',#16840,#16841);
#12828=FILL_AREA_STYLE_COLOUR('',#16842);
#12829=VERTEX_POINT('',#16843);
#12830=VERTEX_POINT('',#16844);
#12831=CIRCLE('',#16845,0.2);
#12832=CIRCLE('',#16846,0.2);
#12833=CIRCLE('',#16847,0.2);
#12834=FILL_AREA_STYLE_COLOUR('',#16848);
#12835=LINE('',#16849,#16850);
#12836=LINE('',#16851,#16852);
#12837=FILL_AREA_STYLE_COLOUR('',#16853);
#12838=LINE('',#16854,#16855);
#12839=LINE('',#16856,#16857);
#12840=FILL_AREA_STYLE_COLOUR('',#16858);
#12841=LINE('',#16859,#16860);
#12842=FILL_AREA_STYLE_COLOUR('',#16861);
#12843=LINE('',#16862,#16863);
#12844=FILL_AREA_STYLE_COLOUR('',#16864);
#12845=LINE('',#16865,#16866);
#12846=FILL_AREA_STYLE_COLOUR('',#16867);
#12847=FILL_AREA_STYLE_COLOUR('',#16868);
#12848=FILL_AREA_STYLE_COLOUR('',#16869);
#12849=FILL_AREA_STYLE_COLOUR('',#16870);
#12850=FILL_AREA_STYLE_COLOUR('',#16871);
#12851=LINE('',#16872,#16873);
#12852=FILL_AREA_STYLE_COLOUR('',#16874);
#12853=LINE('',#16875,#16876);
#12854=FILL_AREA_STYLE_COLOUR('',#16877);
#12855=FILL_AREA_STYLE_COLOUR('',#16878);
#12856=LINE('',#16879,#16880);
#12857=LINE('',#16881,#16882);
#12858=FILL_AREA_STYLE_COLOUR('',#16883);
#12859=LINE('',#16884,#16885);
#12860=FILL_AREA_STYLE_COLOUR('',#16886);
#12861=LINE('',#16887,#16888);
#12862=FILL_AREA_STYLE_COLOUR('',#16889);
#12863=FILL_AREA_STYLE_COLOUR('',#16890);
#12864=LINE('',#16891,#16892);
#12865=FILL_AREA_STYLE_COLOUR('',#16893);
#12866=FILL_AREA_STYLE_COLOUR('',#16894);
#12867=LINE('',#16895,#16896);
#12868=FILL_AREA_STYLE_COLOUR('',#16897);
#12869=LINE('',#16898,#16899);
#12870=FILL_AREA_STYLE_COLOUR('',#16900);
#12871=LINE('',#16901,#16902);
#12872=FILL_AREA_STYLE_COLOUR('',#16903);
#12873=LINE('',#16904,#16905);
#12874=FILL_AREA_STYLE_COLOUR('',#16906);
#12875=LINE('',#16907,#16908);
#12876=FILL_AREA_STYLE_COLOUR('',#16909);
#12877=FILL_AREA_STYLE_COLOUR('',#16910);
#12878=FILL_AREA_STYLE_COLOUR('',#16911);
#12879=ORIENTED_EDGE('',*,*,#16912,.F.);
#12880=ORIENTED_EDGE('',*,*,#16913,.F.);
#12881=ORIENTED_EDGE('',*,*,#16914,.T.);
#12882=ORIENTED_EDGE('',*,*,#16915,.F.);
#12883=CARTESIAN_POINT('',(1.17500000000468,-1.0749999994181,-5.43096));
#12884=DIRECTION('',(-4.76516474581921E-24,1.22464679998746E-16,-1.0));
#12885=DIRECTION('',(0.0,-1.0,-1.22464679998746E-16));
#12886=ORIENTED_EDGE('',*,*,#16916,.T.);
#12887=ORIENTED_EDGE('',*,*,#16917,.F.);
#12888=ORIENTED_EDGE('',*,*,#16915,.T.);
#12889=ORIENTED_EDGE('',*,*,#16918,.F.);
#12890=CARTESIAN_POINT('',(1.1750000000051,-1.2549999994181,-5.43096));
#12891=DIRECTION('',(-0.0,-1.0,-1.22464679914735E-16));
#12892=DIRECTION('',(-1.0,0.0,0.0));
#12893=ORIENTED_EDGE('',*,*,#16919,.T.);
#12894=ORIENTED_EDGE('',*,*,#8482,.T.);
#12895=ORIENTED_EDGE('',*,*,#16920,.T.);
#12896=ORIENTED_EDGE('',*,*,#16912,.T.);
#12897=ORIENTED_EDGE('',*,*,#16917,.T.);
#12898=CARTESIAN_POINT('',(1.17500000000528,-1.23134913667137,-3.82001138462872));
#12899=DIRECTION('',(-1.0,0.0,0.0));
#12900=DIRECTION('',(0.0,1.0,6.12323399573676E-17));
#12901=ORIENTED_EDGE('',*,*,#9995,.F.);
#12902=ORIENTED_EDGE('',*,*,#9885,.F.);
#12903=ORIENTED_EDGE('',*,*,#16921,.F.);
#12904=ORIENTED_EDGE('',*,*,#9892,.F.);
#12905=CARTESIAN_POINT('',(1.17500000000488,-1.05962330031116,-4.69548625491984));
#12906=DIRECTION('',(8.0255490212768E-13,-0.342020143325669,0.939692620785908));
#12907=DIRECTION('',(4.56199644604385E-29,-0.939692620785908,-0.342020143325669));
#12908=ORIENTED_EDGE('',*,*,#9880,.T.);
#12909=ORIENTED_EDGE('',*,*,#16922,.F.);
#12910=ORIENTED_EDGE('',*,*,#16918,.T.);
#12911=ORIENTED_EDGE('',*,*,#16914,.F.);
#12912=ORIENTED_EDGE('',*,*,#16923,.T.);
#12913=CARTESIAN_POINT('',(1.42500000000224,0.0658166981765854,-4.17944181777032));
#12914=DIRECTION('',(-1.0,0.0,0.0));
#12915=DIRECTION('',(0.0,1.0,6.12323399573676E-17));
#12916=ORIENTED_EDGE('',*,*,#16916,.F.);
#12917=ORIENTED_EDGE('',*,*,#16922,.T.);
#12918=ORIENTED_EDGE('',*,*,#9889,.T.);
#12919=ORIENTED_EDGE('',*,*,#16921,.T.);
#12920=ORIENTED_EDGE('',*,*,#9884,.F.);
#12921=ORIENTED_EDGE('',*,*,#16919,.F.);
#12922=CARTESIAN_POINT('',(1.925,-0.85499999941634,-5.04668057314783));
#12923=DIRECTION('',(1.0,0.0,-0.0));
#12924=DIRECTION('',(0.0,1.0,1.22464679914735E-16));
#12925=ORIENTED_EDGE('',*,*,#9819,.F.);
#12926=ORIENTED_EDGE('',*,*,#16923,.F.);
#12927=ORIENTED_EDGE('',*,*,#16913,.T.);
#12928=ORIENTED_EDGE('',*,*,#16920,.F.);
#12929=CARTESIAN_POINT('',(1.17500000000475,-1.1049999994181,-4.68096));
#12930=DIRECTION('',(0.0,1.0,1.22464679914735E-16));
#12931=DIRECTION('',(0.0,-1.22464679914735E-16,1.0));
#12932=ORIENTED_EDGE('',*,*,#10070,.F.);
#12933=ORIENTED_EDGE('',*,*,#9942,.F.);
#12934=ORIENTED_EDGE('',*,*,#10054,.F.);
#12935=ORIENTED_EDGE('',*,*,#16924,.F.);
#12936=CARTESIAN_POINT('',(1.10000000000201,0.165816698175821,-1.85127629282934));
#12937=DIRECTION('',(-0.0,-1.0,-1.22464679914735E-16));
#12938=DIRECTION('',(-1.0,0.0,0.0));
#12939=ORIENTED_EDGE('',*,*,#10053,.F.);
#12940=ORIENTED_EDGE('',*,*,#10012,.F.);
#12941=ORIENTED_EDGE('',*,*,#10071,.T.);
#12942=ORIENTED_EDGE('',*,*,#16924,.T.);
#12943=CARTESIAN_POINT('',(1.49999999999977,0.415816693354905,-1.81855669042507));
#12944=DIRECTION('',(-1.0,8.07793566946316E-28,9.89261806132629E-44));
#12945=DIRECTION('',(0.0,1.22464679914735E-16,-1.0));
#12946=ORIENTED_EDGE('',*,*,#16925,.F.);
#12947=ORIENTED_EDGE('',*,*,#16926,.F.);
#12948=ORIENTED_EDGE('',*,*,#16927,.T.);
#12949=ORIENTED_EDGE('',*,*,#16928,.F.);
#12950=CARTESIAN_POINT('',(-1.42499999999532,-1.0749999994181,-5.43096));
#12951=DIRECTION('',(-4.76516474581921E-24,1.22464679998746E-16,-1.0));
#12952=DIRECTION('',(0.0,-1.0,-1.22464679998746E-16));
#12953=ORIENTED_EDGE('',*,*,#16929,.T.);
#12954=ORIENTED_EDGE('',*,*,#16930,.F.);
#12955=ORIENTED_EDGE('',*,*,#16928,.T.);
#12956=ORIENTED_EDGE('',*,*,#16931,.F.);
#12957=CARTESIAN_POINT('',(-1.4249999999949,-1.2549999994181,-5.43096));
#12958=DIRECTION('',(-0.0,-1.0,-1.22464679914735E-16));
#12959=DIRECTION('',(-1.0,0.0,0.0));
#12960=ORIENTED_EDGE('',*,*,#16932,.T.);
#12961=ORIENTED_EDGE('',*,*,#10001,.T.);
#12962=ORIENTED_EDGE('',*,*,#16933,.T.);
#12963=ORIENTED_EDGE('',*,*,#16925,.T.);
#12964=ORIENTED_EDGE('',*,*,#16930,.T.);
#12965=CARTESIAN_POINT('',(-1.42499999999471,-1.23134913667137,-3.82001138462872));
#12966=DIRECTION('',(-1.0,0.0,0.0));
#12967=DIRECTION('',(0.0,1.0,6.12323399573676E-17));
#12968=ORIENTED_EDGE('',*,*,#9991,.F.);
#12969=ORIENTED_EDGE('',*,*,#9875,.F.);
#12970=ORIENTED_EDGE('',*,*,#16934,.F.);
#12971=ORIENTED_EDGE('',*,*,#9871,.F.);
#12972=CARTESIAN_POINT('',(-1.42499999999512,-1.05962330031116,-4.69548625491984));
#12973=DIRECTION('',(8.0255490212768E-13,-0.342020143325669,0.939692620785908));
#12974=DIRECTION('',(4.56199644604385E-29,-0.939692620785908,-0.342020143325669));
#12975=ORIENTED_EDGE('',*,*,#9866,.T.);
#12976=ORIENTED_EDGE('',*,*,#16935,.F.);
#12977=ORIENTED_EDGE('',*,*,#16931,.T.);
#12978=ORIENTED_EDGE('',*,*,#16927,.F.);
#12979=ORIENTED_EDGE('',*,*,#16936,.T.);
#12980=CARTESIAN_POINT('',(-1.17499999999776,0.0658166981765854,-4.17944181777032));
#12981=DIRECTION('',(-1.0,0.0,0.0));
#12982=DIRECTION('',(0.0,1.0,6.12323399573676E-17));
#12983=ORIENTED_EDGE('',*,*,#16929,.F.);
#12984=ORIENTED_EDGE('',*,*,#16935,.T.);
#12985=ORIENTED_EDGE('',*,*,#9868,.T.);
#12986=ORIENTED_EDGE('',*,*,#16934,.T.);
#12987=ORIENTED_EDGE('',*,*,#9874,.F.);
#12988=ORIENTED_EDGE('',*,*,#16932,.F.);
#12989=CARTESIAN_POINT('',(-0.675,-0.85499999941634,-5.04668057314783));
#12990=DIRECTION('',(1.0,0.0,-0.0));
#12991=DIRECTION('',(0.0,1.0,1.22464679914735E-16));
#12992=ORIENTED_EDGE('',*,*,#9826,.F.);
#12993=ORIENTED_EDGE('',*,*,#16936,.F.);
#12994=ORIENTED_EDGE('',*,*,#16926,.T.);
#12995=ORIENTED_EDGE('',*,*,#16933,.F.);
#12996=CARTESIAN_POINT('',(-1.42499999999525,-1.1049999994181,-4.68096));
#12997=DIRECTION('',(0.0,1.0,1.22464679914735E-16));
#12998=DIRECTION('',(0.0,-1.22464679914735E-16,1.0));
#12999=ORIENTED_EDGE('',*,*,#10040,.F.);
#13000=ORIENTED_EDGE('',*,*,#9958,.F.);
#13001=ORIENTED_EDGE('',*,*,#10048,.F.);
#13002=ORIENTED_EDGE('',*,*,#16937,.F.);
#13003=CARTESIAN_POINT('',(-1.49999999999799,0.165816698175821,-1.85127629282934));
#13004=DIRECTION('',(-0.0,-1.0,-1.22464679914735E-16));
#13005=DIRECTION('',(-1.0,0.0,0.0));
#13006=ORIENTED_EDGE('',*,*,#10047,.F.);
#13007=ORIENTED_EDGE('',*,*,#10016,.F.);
#13008=ORIENTED_EDGE('',*,*,#10041,.T.);
#13009=ORIENTED_EDGE('',*,*,#16937,.T.);
#13010=CARTESIAN_POINT('',(-1.10000000000022,0.415816693354905,-1.81855669042507));
#13011=DIRECTION('',(-1.0,8.07793566946316E-28,9.89261806132629E-44));
#13012=DIRECTION('',(0.0,1.22464679914735E-16,-1.0));
#13013=ORIENTED_EDGE('',*,*,#16938,.F.);
#13014=ORIENTED_EDGE('',*,*,#16939,.F.);
#13015=ORIENTED_EDGE('',*,*,#16940,.T.);
#13016=ORIENTED_EDGE('',*,*,#16941,.F.);
#13017=CARTESIAN_POINT('',(-0.774999999995323,-1.0749999994181,-5.43096));
#13018=DIRECTION('',(-4.76516474581921E-24,1.22464679998746E-16,-1.0));
#13019=DIRECTION('',(0.0,-1.0,-1.22464679998746E-16));
#13020=ORIENTED_EDGE('',*,*,#16942,.T.);
#13021=ORIENTED_EDGE('',*,*,#16943,.F.);
#13022=ORIENTED_EDGE('',*,*,#16941,.T.);
#13023=ORIENTED_EDGE('',*,*,#16944,.F.);
#13024=CARTESIAN_POINT('',(-0.774999999994901,-1.2549999994181,-5.43096));
#13025=DIRECTION('',(-0.0,-1.0,-1.22464679914735E-16));
#13026=DIRECTION('',(-1.0,0.0,0.0));
#13027=ORIENTED_EDGE('',*,*,#16945,.T.);
#13028=ORIENTED_EDGE('',*,*,#9863,.T.);
#13029=ORIENTED_EDGE('',*,*,#16946,.T.);
#13030=ORIENTED_EDGE('',*,*,#16938,.T.);
#13031=ORIENTED_EDGE('',*,*,#16943,.T.);
#13032=CARTESIAN_POINT('',(-0.774999999994716,-1.23134913667137,-3.82001138462872));
#13033=DIRECTION('',(-1.0,0.0,0.0));
#13034=DIRECTION('',(0.0,1.0,6.12323399573676E-17));
#13035=ORIENTED_EDGE('',*,*,#9992,.F.);
#13036=ORIENTED_EDGE('',*,*,#9854,.F.);
#13037=ORIENTED_EDGE('',*,*,#16947,.F.);
#13038=ORIENTED_EDGE('',*,*,#9861,.F.);
#13039=CARTESIAN_POINT('',(-0.774999999995119,-1.05962330031116,-4.69548625491984));
#13040=DIRECTION('',(8.0255490212768E-13,-0.342020143325669,0.939692620785908));
#13041=DIRECTION('',(4.56199644604385E-29,-0.939692620785908,-0.342020143325669));
#13042=ORIENTED_EDGE('',*,*,#9850,.T.);
#13043=ORIENTED_EDGE('',*,*,#16948,.F.);
#13044=ORIENTED_EDGE('',*,*,#16944,.T.);
#13045=ORIENTED_EDGE('',*,*,#16940,.F.);
#13046=ORIENTED_EDGE('',*,*,#16949,.T.);
#13047=CARTESIAN_POINT('',(-0.52499999999776,0.0658166981765854,-4.17944181777032));
#13048=DIRECTION('',(-1.0,0.0,0.0));
#13049=DIRECTION('',(0.0,1.0,6.12323399573676E-17));
#13050=ORIENTED_EDGE('',*,*,#16942,.F.);
#13051=ORIENTED_EDGE('',*,*,#16948,.T.);
#13052=ORIENTED_EDGE('',*,*,#9858,.T.);
#13053=ORIENTED_EDGE('',*,*,#16947,.T.);
#13054=ORIENTED_EDGE('',*,*,#9853,.F.);
#13055=ORIENTED_EDGE('',*,*,#16945,.F.);
#13056=CARTESIAN_POINT('',(-0.025000000000001,-0.85499999941634,-5.04668057314783));
#13057=DIRECTION('',(1.0,0.0,-0.0));
#13058=DIRECTION('',(0.0,1.0,1.22464679914735E-16));
#13059=ORIENTED_EDGE('',*,*,#9824,.F.);
#13060=ORIENTED_EDGE('',*,*,#16949,.F.);
#13061=ORIENTED_EDGE('',*,*,#16939,.T.);
#13062=ORIENTED_EDGE('',*,*,#16946,.F.);
#13063=CARTESIAN_POINT('',(-0.774999999995253,-1.1049999994181,-4.68096));
#13064=DIRECTION('',(0.0,1.0,1.22464679914735E-16));
#13065=DIRECTION('',(0.0,-1.22464679914735E-16,1.0));
#13066=ORIENTED_EDGE('',*,*,#10064,.F.);
#13067=ORIENTED_EDGE('',*,*,#9954,.F.);
#13068=ORIENTED_EDGE('',*,*,#10060,.F.);
#13069=ORIENTED_EDGE('',*,*,#16950,.F.);
#13070=CARTESIAN_POINT('',(-0.849999999997995,0.165816698175821,-1.85127629282934));
#13071=DIRECTION('',(-0.0,-1.0,-1.22464679914735E-16));
#13072=DIRECTION('',(-1.0,0.0,0.0));
#13073=ORIENTED_EDGE('',*,*,#10059,.F.);
#13074=ORIENTED_EDGE('',*,*,#9971,.F.);
#13075=ORIENTED_EDGE('',*,*,#10065,.T.);
#13076=ORIENTED_EDGE('',*,*,#16950,.T.);
#13077=CARTESIAN_POINT('',(-0.450000000000226,0.415816693354905,-1.81855669042507));
#13078=DIRECTION('',(-1.0,8.07793566946316E-28,9.89261806132629E-44));
#13079=DIRECTION('',(0.0,1.22464679914735E-16,-1.0));
#13080=ORIENTED_EDGE('',*,*,#16951,.F.);
#13081=ORIENTED_EDGE('',*,*,#16952,.F.);
#13082=ORIENTED_EDGE('',*,*,#16953,.T.);
#13083=ORIENTED_EDGE('',*,*,#16954,.F.);
#13084=CARTESIAN_POINT('',(-0.124999999995322,-1.0749999994181,-5.43096));
#13085=DIRECTION('',(-4.76516474581921E-24,1.22464679998746E-16,-1.0));
#13086=DIRECTION('',(0.0,-1.0,-1.22464679998746E-16));
#13087=ORIENTED_EDGE('',*,*,#16955,.T.);
#13088=ORIENTED_EDGE('',*,*,#16956,.F.);
#13089=ORIENTED_EDGE('',*,*,#16954,.T.);
#13090=ORIENTED_EDGE('',*,*,#16957,.F.);
#13091=CARTESIAN_POINT('',(-0.1249999999949,-1.2549999994181,-5.43096));
#13092=DIRECTION('',(-0.0,-1.0,-1.22464679914735E-16));
#13093=DIRECTION('',(-1.0,0.0,0.0));
#13094=ORIENTED_EDGE('',*,*,#16958,.T.);
#13095=ORIENTED_EDGE('',*,*,#9847,.T.);
#13096=ORIENTED_EDGE('',*,*,#16959,.T.);
#13097=ORIENTED_EDGE('',*,*,#16951,.T.);
#13098=ORIENTED_EDGE('',*,*,#16956,.T.);
#13099=CARTESIAN_POINT('',(-0.124999999994715,-1.23134913667137,-3.82001138462872));
#13100=DIRECTION('',(-1.0,0.0,0.0));
#13101=DIRECTION('',(0.0,1.0,6.12323399573676E-17));
#13102=ORIENTED_EDGE('',*,*,#9993,.F.);
#13103=ORIENTED_EDGE('',*,*,#9838,.F.);
#13104=ORIENTED_EDGE('',*,*,#16960,.F.);
#13105=ORIENTED_EDGE('',*,*,#9845,.F.);
#13106=CARTESIAN_POINT('',(-0.124999999995118,-1.05962330031116,-4.69548625491984));
#13107=DIRECTION('',(8.0255490212768E-13,-0.342020143325669,0.939692620785908));
#13108=DIRECTION('',(4.56199644604385E-29,-0.939692620785908,-0.342020143325669));
#13109=ORIENTED_EDGE('',*,*,#9834,.T.);
#13110=ORIENTED_EDGE('',*,*,#16961,.F.);
#13111=ORIENTED_EDGE('',*,*,#16957,.T.);
#13112=ORIENTED_EDGE('',*,*,#16953,.F.);
#13113=ORIENTED_EDGE('',*,*,#16962,.T.);
#13114=CARTESIAN_POINT('',(0.125000000002241,0.0658166981765854,-4.17944181777032));
#13115=DIRECTION('',(-1.0,0.0,0.0));
#13116=DIRECTION('',(0.0,1.0,6.12323399573676E-17));
#13117=ORIENTED_EDGE('',*,*,#16955,.F.);
#13118=ORIENTED_EDGE('',*,*,#16961,.T.);
#13119=ORIENTED_EDGE('',*,*,#9842,.T.);
#13120=ORIENTED_EDGE('',*,*,#16960,.T.);
#13121=ORIENTED_EDGE('',*,*,#9837,.F.);
#13122=ORIENTED_EDGE('',*,*,#16958,.F.);
#13123=CARTESIAN_POINT('',(0.625,-0.85499999941634,-5.04668057314783));
#13124=DIRECTION('',(1.0,0.0,-0.0));
#13125=DIRECTION('',(0.0,1.0,1.22464679914735E-16));
#13126=ORIENTED_EDGE('',*,*,#9822,.F.);
#13127=ORIENTED_EDGE('',*,*,#16962,.F.);
#13128=ORIENTED_EDGE('',*,*,#16952,.T.);
#13129=ORIENTED_EDGE('',*,*,#16959,.F.);
#13130=CARTESIAN_POINT('',(-0.124999999995252,-1.1049999994181,-4.68096));
#13131=DIRECTION('',(0.0,1.0,1.22464679914735E-16));
#13132=DIRECTION('',(0.0,-1.22464679914735E-16,1.0));
#13133=ORIENTED_EDGE('',*,*,#10034,.F.);
#13134=ORIENTED_EDGE('',*,*,#9950,.F.);
#13135=ORIENTED_EDGE('',*,*,#10030,.F.);
#13136=ORIENTED_EDGE('',*,*,#16963,.F.);
#13137=CARTESIAN_POINT('',(-0.199999999997994,0.165816698175821,-1.85127629282934));
#13138=DIRECTION('',(-0.0,-1.0,-1.22464679914735E-16));
#13139=DIRECTION('',(-1.0,0.0,0.0));
#13140=ORIENTED_EDGE('',*,*,#10029,.F.);
#13141=ORIENTED_EDGE('',*,*,#10024,.F.);
#13142=ORIENTED_EDGE('',*,*,#10035,.T.);
#13143=ORIENTED_EDGE('',*,*,#16963,.T.);
#13144=CARTESIAN_POINT('',(0.199999999999775,0.415816693354905,-1.81855669042507));
#13145=DIRECTION('',(-1.0,8.07793566946316E-28,9.89261806132629E-44));
#13146=DIRECTION('',(0.0,1.22464679914735E-16,-1.0));
#13147=ORIENTED_EDGE('',*,*,#16964,.F.);
#13148=ORIENTED_EDGE('',*,*,#16965,.F.);
#13149=ORIENTED_EDGE('',*,*,#16966,.T.);
#13150=ORIENTED_EDGE('',*,*,#16967,.F.);
#13151=CARTESIAN_POINT('',(0.525000000004678,-1.0749999994181,-5.43096));
#13152=DIRECTION('',(-4.76516474581921E-24,1.22464679998746E-16,-1.0));
#13153=DIRECTION('',(0.0,-1.0,-1.22464679998746E-16));
#13154=ORIENTED_EDGE('',*,*,#16968,.T.);
#13155=ORIENTED_EDGE('',*,*,#16969,.F.);
#13156=ORIENTED_EDGE('',*,*,#16967,.T.);
#13157=ORIENTED_EDGE('',*,*,#16970,.F.);
#13158=CARTESIAN_POINT('',(0.5250000000051,-1.2549999994181,-5.43096));
#13159=DIRECTION('',(-0.0,-1.0,-1.22464679914735E-16));
#13160=DIRECTION('',(-1.0,0.0,0.0));
#13161=ORIENTED_EDGE('',*,*,#16971,.T.);
#13162=ORIENTED_EDGE('',*,*,#9831,.T.);
#13163=ORIENTED_EDGE('',*,*,#16972,.T.);
#13164=ORIENTED_EDGE('',*,*,#16964,.T.);
#13165=ORIENTED_EDGE('',*,*,#16969,.T.);
#13166=CARTESIAN_POINT('',(0.525000000005285,-1.23134913667137,-3.82001138462872));
#13167=DIRECTION('',(-1.0,0.0,0.0));
#13168=DIRECTION('',(0.0,1.0,6.12323399573676E-17));
#13169=ORIENTED_EDGE('',*,*,#9994,.F.);
#13170=ORIENTED_EDGE('',*,*,#8488,.F.);
#13171=ORIENTED_EDGE('',*,*,#16973,.F.);
#13172=ORIENTED_EDGE('',*,*,#8495,.F.);
#13173=CARTESIAN_POINT('',(0.525000000004882,-1.05962330031116,-4.69548625491984));
#13174=DIRECTION('',(8.0255490212768E-13,-0.342020143325669,0.939692620785908));
#13175=DIRECTION('',(4.56199644604385E-29,-0.939692620785908,-0.342020143325669));
#13176=ORIENTED_EDGE('',*,*,#8480,.T.);
#13177=ORIENTED_EDGE('',*,*,#16974,.F.);
#13178=ORIENTED_EDGE('',*,*,#16970,.T.);
#13179=ORIENTED_EDGE('',*,*,#16966,.F.);
#13180=ORIENTED_EDGE('',*,*,#16975,.T.);
#13181=CARTESIAN_POINT('',(0.775000000002241,0.0658166981765854,-4.17944181777032));
#13182=DIRECTION('',(-1.0,0.0,0.0));
#13183=DIRECTION('',(0.0,1.0,6.12323399573676E-17));
#13184=ORIENTED_EDGE('',*,*,#16968,.F.);
#13185=ORIENTED_EDGE('',*,*,#16974,.T.);
#13186=ORIENTED_EDGE('',*,*,#8492,.T.);
#13187=ORIENTED_EDGE('',*,*,#16973,.T.);
#13188=ORIENTED_EDGE('',*,*,#8487,.F.);
#13189=ORIENTED_EDGE('',*,*,#16971,.F.);
#13190=CARTESIAN_POINT('',(1.275,-0.85499999941634,-5.04668057314783));
#13191=DIRECTION('',(1.0,0.0,-0.0));
#13192=DIRECTION('',(0.0,1.0,1.22464679914735E-16));
#13193=ORIENTED_EDGE('',*,*,#9820,.F.);
#13194=ORIENTED_EDGE('',*,*,#16975,.F.);
#13195=ORIENTED_EDGE('',*,*,#16965,.T.);
#13196=ORIENTED_EDGE('',*,*,#16972,.F.);
#13197=CARTESIAN_POINT('',(0.525000000004748,-1.1049999994181,-4.68096));
#13198=DIRECTION('',(0.0,1.0,1.22464679914735E-16));
#13199=DIRECTION('',(0.0,-1.22464679914735E-16,1.0));
#13200=ORIENTED_EDGE('',*,*,#10082,.F.);
#13201=ORIENTED_EDGE('',*,*,#9946,.F.);
#13202=ORIENTED_EDGE('',*,*,#10078,.F.);
#13203=ORIENTED_EDGE('',*,*,#16976,.F.);
#13204=CARTESIAN_POINT('',(0.450000000002006,0.165816698175821,-1.85127629282934));
#13205=DIRECTION('',(-0.0,-1.0,-1.22464679914735E-16));
#13206=DIRECTION('',(-1.0,0.0,0.0));
#13207=ORIENTED_EDGE('',*,*,#10077,.F.);
#13208=ORIENTED_EDGE('',*,*,#10020,.F.);
#13209=ORIENTED_EDGE('',*,*,#10083,.T.);
#13210=ORIENTED_EDGE('',*,*,#16976,.T.);
#13211=CARTESIAN_POINT('',(0.849999999999775,0.415816693354905,-1.81855669042507));
#13212=DIRECTION('',(-1.0,8.07793566946316E-28,9.89261806132629E-44));
#13213=DIRECTION('',(0.0,1.22464679914735E-16,-1.0));
#13214=COLOUR_RGB('',0.705882370471954,0.705882370471954,0.713725507259369);
#13215=CARTESIAN_POINT('',(2.24999999993447,-0.92499999994321,-3.18096));
#13216=CARTESIAN_POINT('',(2.24999999993447,-1.225,-3.18096));
#13217=CARTESIAN_POINT('',(2.24999999993447,-1.0749999999716,-3.18096));
#13218=VECTOR('',#16977,1.0);
#13219=CARTESIAN_POINT('',(2.39999999993447,-0.92499999994354,-3.03096));
#13220=AXIS2_PLACEMENT_3D('',#16978,#16979,#16980);
#13221=CARTESIAN_POINT('',(2.39999999993447,-1.225,-3.03096));
#13222=CARTESIAN_POINT('',(2.39999999993447,0.925,-3.03096));
#13223=VECTOR('',#16981,1000.0);
#13224=AXIS2_PLACEMENT_3D('',#16982,#16983,#16984);
#13225=COLOUR_RGB('',0.705882370471954,0.705882370471954,0.713725507259369);
#13226=CARTESIAN_POINT('',(-2.25,-0.924999999943219,-3.18096));
#13227=CARTESIAN_POINT('',(-2.25,-1.225,-3.18096));
#13228=CARTESIAN_POINT('',(-2.25,-1.0749999999716,-3.18096));
#13229=VECTOR('',#16985,1.0);
#13230=CARTESIAN_POINT('',(-2.4000000000006,-0.92499999994321,-3.33095999998932));
#13231=AXIS2_PLACEMENT_3D('',#16986,#16987,#16988);
#13232=CARTESIAN_POINT('',(-2.4000000000006,-1.225,-3.33095999998932));
#13233=CARTESIAN_POINT('',(-2.4,0.925,-3.33096));
#13234=VECTOR('',#16989,1000.0);
#13235=AXIS2_PLACEMENT_3D('',#16990,#16991,#16992);
#13236=COLOUR_RGB('',0.156862750649452,0.156862750649452,0.156862750649452);
#13237=CARTESIAN_POINT('',(-0.399999999995012,0.645,-4.03096));
#13238=CARTESIAN_POINT('',(-0.399999999995012,0.645,-4.23096));
#13239=CARTESIAN_POINT('',(-0.399999999995012,0.645,-3.93096));
#13240=VECTOR('',#16993,1000.0);
#13241=CARTESIAN_POINT('',(-0.399999999995012,0.725,-4.23096));
#13242=CARTESIAN_POINT('',(-0.399999999995012,0.645,-4.23096));
#13243=VECTOR('',#16994,1000.0);
#13244=CARTESIAN_POINT('',(-0.399999999995012,0.801393202250022,-4.03096));
#13245=AXIS2_PLACEMENT_3D('',#16995,#16996,#16997);
#13246=CARTESIAN_POINT('',(-0.399999999995012,0.695,-4.03096));
#13247=VECTOR('',#16998,1000.0);
#13248=COLOUR_RGB('',0.156862750649452,0.156862750649452,0.156862750649452);
#13249=CARTESIAN_POINT('',(0.400000000004987,0.801393202250022,-4.03096));
#13250=CARTESIAN_POINT('',(0.400000000004988,0.725,-4.23096));
#13251=AXIS2_PLACEMENT_3D('',#16999,#17000,#17001);
#13252=CARTESIAN_POINT('',(0.400000000004988,0.645,-4.23096));
#13253=CARTESIAN_POINT('',(0.400000000004988,0.895,-4.23096));
#13254=VECTOR('',#17002,1000.0);
#13255=CARTESIAN_POINT('',(0.400000000004988,0.645,-4.03096));
#13256=CARTESIAN_POINT('',(0.400000000004988,0.645,-3.93096));
#13257=VECTOR('',#17003,1000.0);
#13258=CARTESIAN_POINT('',(0.400000000004988,0.695,-4.03096));
#13259=VECTOR('',#17004,1000.0);
#13260=COLOUR_RGB('',0.156862750649452,0.156862750649452,0.156862750649452);
#13261=CARTESIAN_POINT('',(0.400000000004988,0.645,-4.23096));
#13262=VECTOR('',#17005,1000.0);
#13263=CARTESIAN_POINT('',(-0.499999999995012,0.645,-3.93096));
#13264=CARTESIAN_POINT('',(-0.499999999995012,0.645,-3.93096));
#13265=VECTOR('',#17006,1000.0);
#13266=CARTESIAN_POINT('',(-1.525,0.645,-3.93096));
#13267=CARTESIAN_POINT('',(5.15143483426073E-12,0.645,-3.93096));
#13268=VECTOR('',#17007,1000.0);
#13269=CARTESIAN_POINT('',(-1.525,0.645,-1.43096));
#13270=CARTESIAN_POINT('',(-1.525,0.645,-3.93096));
#13271=VECTOR('',#17008,1000.0);
#13272=CARTESIAN_POINT('',(1.525,0.645,-1.43096));
#13273=CARTESIAN_POINT('',(5.15143483426073E-12,0.645,-1.43096));
#13274=VECTOR('',#17009,1000.0);
#13275=CARTESIAN_POINT('',(1.525,0.645,-3.93096));
#13276=CARTESIAN_POINT('',(1.525,0.645,-3.93096));
#13277=VECTOR('',#17010,1000.0);
#13278=CARTESIAN_POINT('',(0.500000000004988,0.645,-3.93096));
#13279=CARTESIAN_POINT('',(5.15143483426073E-12,0.645,-3.93096));
#13280=VECTOR('',#17011,1000.0);
#13281=CARTESIAN_POINT('',(0.500000000004988,0.645,-3.93096));
#13282=VECTOR('',#17012,1000.0);
#13283=COLOUR_RGB('',0.156862750649452,0.156862750649452,0.156862750649452);
#13284=CARTESIAN_POINT('',(-2.0535822227518,0.782115043860703,-4.38096));
#13285=CARTESIAN_POINT('',(-1.81104688327499,0.493072681731109,-4.38096));
#13286=CARTESIAN_POINT('',(-2.02873269447188,0.752500529259084,-4.38096));
#13287=VECTOR('',#17013,1000.0);
#13288=CARTESIAN_POINT('',(-2.25111552927594,0.909895014288047,-4.38096));
#13289=AXIS2_PLACEMENT_3D('',#17014,#17015,#17016);
#13290=CARTESIAN_POINT('',(-2.32176380398926,0.990930793992485,-4.38096));
#13291=AXIS2_PLACEMENT_3D('',#17017,#17018,#17019);
#13292=CARTESIAN_POINT('',(-2.32176596554599,0.995,-4.38096));
#13293=AXIS2_PLACEMENT_3D('',#17020,#17021,#17022);
#13294=CARTESIAN_POINT('',(-1.29999999997977,0.995,-4.38096));
#13295=CARTESIAN_POINT('',(-3.42,0.995,-4.38096));
#13296=VECTOR('',#17023,1000.0);
#13297=CARTESIAN_POINT('',(-1.29999999997977,0.685908964636423,-4.38096));
#13298=CARTESIAN_POINT('',(-1.29999999997977,1.26403303672992,-4.38096));
#13299=VECTOR('',#17024,1000.0);
#13300=CARTESIAN_POINT('',(-1.58123355034406,0.685908964636423,-4.38096));
#13301=CARTESIAN_POINT('',(-1.44061677517262,0.685908964636423,-4.38096));
#13302=VECTOR('',#17025,1000.0);
#13303=CARTESIAN_POINT('',(-1.69614021680953,0.589490823183766,-4.38096));
#13304=VECTOR('',#17026,1000.0);
#13305=COLOUR_RGB('',0.156862750649452,0.156862750649452,0.156862750649452);
#13306=CARTESIAN_POINT('',(1.81104688327499,0.493072681731109,-4.38096));
#13307=CARTESIAN_POINT('',(1.58123355034406,0.685908964636423,-4.38096));
#13308=CARTESIAN_POINT('',(1.69614021680953,0.589490823183766,-4.38096));
#13309=VECTOR('',#17027,1000.0);
#13310=CARTESIAN_POINT('',(1.30000000000118,0.685908964636423,-4.38096));
#13311=CARTESIAN_POINT('',(1.44061677517262,0.685908964636423,-4.38096));
#13312=VECTOR('',#17028,1000.0);
#13313=CARTESIAN_POINT('',(1.30000000000118,0.995,-4.38096));
#13314=CARTESIAN_POINT('',(1.30000000000118,1.13443359913742,-4.38096));
#13315=VECTOR('',#17029,1000.0);
#13316=CARTESIAN_POINT('',(2.32175374997006,0.995,-4.38096));
#13317=CARTESIAN_POINT('',(-3.42,0.995,-4.38096));
#13318=VECTOR('',#17030,1000.0);
#13319=CARTESIAN_POINT('',(2.32175123533068,0.990927093633709,-4.38096));
#13320=AXIS2_PLACEMENT_3D('',#17031,#17032,#17033);
#13321=CARTESIAN_POINT('',(2.2511155292867,0.909895014291091,-4.38096));
#13322=AXIS2_PLACEMENT_3D('',#17034,#17035,#17036);
#13323=CARTESIAN_POINT('',(2.0535822227518,0.782115043860702,-4.38096));
#13324=AXIS2_PLACEMENT_3D('',#17037,#17038,#17039);
#13325=CARTESIAN_POINT('',(2.02873269447188,0.752500529259084,-4.38096));
#13326=VECTOR('',#17040,1000.0);
#13327=COLOUR_RGB('',0.156862750649452,0.156862750649452,0.156862750649452);
#13328=CARTESIAN_POINT('',(2.2511155292867,0.909895014291091,-4.42536593325215));
#13329=CARTESIAN_POINT('',(2.2511155292867,0.909895014291091,-4.42536593325215));
#13330=CARTESIAN_POINT('',(2.25729572410249,0.950923863364545,-4.42355096580219));
#13331=CARTESIAN_POINT('',(2.29424643309677,0.982827435283648,-4.41177195821595));
#13332=CARTESIAN_POINT('',(2.32175123533065,0.990927093641169,-4.38096000000081));
#13333=CARTESIAN_POINT('',(2.2511155292867,0.909895014291091,-4.75546));
#13334=VECTOR('',#17041,1000.0);
#13335=COLOUR_RGB('',0.156862750649452,0.156862750649452,0.156862750649452);
#13336=CARTESIAN_POINT('',(-1.29999999999037,0.685908964636423,-5.13045999999384));
#13337=CARTESIAN_POINT('',(-1.29999999997977,0.995,-5.13095999998768));
#13338=CARTESIAN_POINT('',(-1.29999999997977,-0.50459165091185,-5.13095999998768));
#13339=VECTOR('',#17042,1000.0);
#13340=CARTESIAN_POINT('',(-1.30000000000118,0.685908964636423,-5.12996));
#13341=VECTOR('',#17043,1000.0);
#13342=CARTESIAN_POINT('',(-1.29999999997977,0.995,-3.93096));
#13343=VECTOR('',#17044,1000.0);
#13344=COLOUR_RGB('',0.156862750649452,0.156862750649452,0.156862750649452);
#13345=CARTESIAN_POINT('',(0.775000000004988,-1.105,-4.73443067369428));
#13346=CARTESIAN_POINT('',(0.775000000005151,-1.105,-4.4809600000001));
#13347=CARTESIAN_POINT('',(0.775000000005151,-1.105,-3.93096));
#13348=VECTOR('',#17045,1000.0);
#13349=CARTESIAN_POINT('',(0.775000000004988,-1.10499999941751,-5.13095999998768));
#13350=CARTESIAN_POINT('',(0.775000000004988,-1.10499999941751,-3.85096));
#13351=VECTOR('',#17046,1000.0);
#13352=CARTESIAN_POINT('',(1.17500000000499,-1.1049999994181,-5.13095999998768));
#13353=CARTESIAN_POINT('',(5.15143483426073E-12,-1.10499999942086,-5.13095999998768));
#13354=VECTOR('',#17047,1000.0);
#13355=CARTESIAN_POINT('',(1.17500000000499,-1.105,-4.7344306736938));
#13356=CARTESIAN_POINT('',(1.17500000000499,-1.1049999994181,-3.85096));
#13357=VECTOR('',#17048,1000.0);
#13358=CARTESIAN_POINT('',(1.17500000000515,-1.105,-4.4809600000001));
#13359=CARTESIAN_POINT('',(1.17500000000515,-1.105,-3.93096));
#13360=VECTOR('',#17049,1000.0);
#13361=CARTESIAN_POINT('',(5.15143483426073E-12,-1.105,-4.4809600000001));
#13362=VECTOR('',#17050,1000.0);
#13363=COLOUR_RGB('',0.156862750649452,0.156862750649452,0.156862750649452);
#13364=CARTESIAN_POINT('',(0.525000000005151,-1.105,-4.4809600000001));
#13365=CARTESIAN_POINT('',(0.525000000004989,-1.105,-4.7344306736938));
#13366=CARTESIAN_POINT('',(0.525000000005151,-1.105,-3.93096));
#13367=VECTOR('',#17051,1000.0);
#13368=CARTESIAN_POINT('',(0.525000000004723,-0.99180805674837,-4.67080352483347));
#13369=AXIS2_PLACEMENT_3D('',#17052,#17053,#17054);
#13370=CARTESIAN_POINT('',(0.525000000004519,-0.905,-4.63920797608257));
#13371=CARTESIAN_POINT('',(0.525000000000238,0.919451992989792,-3.97516175678663));
#13372=VECTOR('',#17055,1000.0);
#13373=CARTESIAN_POINT('',(0.525000000005151,-0.905,-4.4809600000001));
#13374=CARTESIAN_POINT('',(0.525000000005151,-0.905,-4.73096));
#13375=VECTOR('',#17056,1000.0);
#13376=CARTESIAN_POINT('',(0.525000000005151,-0.50459165091185,-4.4809600000001));
#13377=VECTOR('',#17057,1000.0);
#13378=COLOUR_RGB('',0.156862750649452,0.156862750649452,0.156862750649452);
#13379=CARTESIAN_POINT('',(0.77500000000305,-0.99180805674804,-4.67080352483356));
#13380=AXIS2_PLACEMENT_3D('',#17058,#17059,#17060);
#13381=CARTESIAN_POINT('',(0.775000000005151,-0.905,-4.4809600000001));
#13382=CARTESIAN_POINT('',(0.775000000005151,-0.50459165091185,-4.4809600000001));
#13383=VECTOR('',#17061,1000.0);
#13384=CARTESIAN_POINT('',(0.775000000004519,-0.905,-4.63920797608278));
#13385=CARTESIAN_POINT('',(0.775000000005151,-0.905,-4.4809600000001));
#13386=VECTOR('',#17062,1000.0);
#13387=CARTESIAN_POINT('',(0.775000000000238,0.919451992989794,-3.97516175678685));
#13388=VECTOR('',#17063,1000.0);
#13389=COLOUR_RGB('',0.705882370471954,0.705882370471954,0.713725507259369);
#13390=CARTESIAN_POINT('',(2.02499999993448,0.92500000000374,-1.00395999997984));
#13391=CARTESIAN_POINT('',(2.025,0.925594449763115,-1.03066843363098));
#13392=CARTESIAN_POINT('',(2.02499999993448,0.924999999987684,-1.0306156154449));
#13393=CARTESIAN_POINT('',(2.02499999993448,0.924999999987684,-1.0217304102966));
#13394=CARTESIAN_POINT('',(2.02499999993448,0.924999999987684,-1.0128452051483));
#13395=CARTESIAN_POINT('',(2.02499999993448,0.924999999987684,-1.00396));
#13396=CARTESIAN_POINT('',(2.72500000000006,0.925000000002743,-1.0039599999395));
#13397=CARTESIAN_POINT('',(2.725,0.925000000025009,-1.0039599999395));
#13398=VECTOR('',#17064,1000.0);
#13399=CARTESIAN_POINT('',(2.725,0.925594505610292,-1.03066968122812));
#13400=CARTESIAN_POINT('',(2.72500000000008,0.924999999987684,-1.0039599999395));
#13401=CARTESIAN_POINT('',(2.72500000000005,0.924999999987684,-1.01286322703571));
#13402=CARTESIAN_POINT('',(2.72500000000003,0.924999999987684,-1.02176645413191));
#13403=CARTESIAN_POINT('',(2.725,0.924999999987684,-1.03066968122812));
#13404=CARTESIAN_POINT('',(2.725,0.924999999983218,-1.4309599999395));
#13405=CARTESIAN_POINT('',(2.725,0.924999999983218,-3.93096));
#13406=VECTOR('',#17065,1000.0);
#13407=CARTESIAN_POINT('',(2.875,0.924999999982577,-1.4309599999395));
#13408=CARTESIAN_POINT('',(0.0,0.924999999994868,-1.4309599999395));
#13409=VECTOR('',#17066,1000.0);
#13410=CARTESIAN_POINT('',(2.975,0.924999999982434,-1.5309599999395));
#13411=AXIS2_PLACEMENT_3D('',#17067,#17068,#17069);
#13412=CARTESIAN_POINT('',(2.975,0.924999999982434,-1.5809599999395));
#13413=CARTESIAN_POINT('',(2.975,0.92499999998215,-3.93096));
#13414=VECTOR('',#17070,1000.0);
#13415=CARTESIAN_POINT('',(2.87499999990334,0.924999999982577,-1.6809599999826));
#13416=AXIS2_PLACEMENT_3D('',#17071,#17072,#17073);
#13417=CARTESIAN_POINT('',(2.82499999990333,0.924999999982791,-1.6809599999829));
#13418=CARTESIAN_POINT('',(0.0,0.924999999994868,-1.68096));
#13419=VECTOR('',#17074,1000.0);
#13420=CARTESIAN_POINT('',(2.72499999990394,0.924999999982363,-1.7809599999835));
#13421=AXIS2_PLACEMENT_3D('',#17075,#17076,#17077);
#13422=CARTESIAN_POINT('',(2.72499999990999,0.924999999984073,-2.7809599999835));
#13423=CARTESIAN_POINT('',(2.72499999991695,0.924999999983218,-3.93096));
#13424=VECTOR('',#17078,1000.0);
#13425=CARTESIAN_POINT('',(2.62499999990999,0.924999999983646,-2.8809599999894));
#13426=AXIS2_PLACEMENT_3D('',#17079,#17080,#17081);
#13427=CARTESIAN_POINT('',(2.12499999993448,0.924999999985783,-2.88096));
#13428=CARTESIAN_POINT('',(0.0,0.924999999994869,-2.88096));
#13429=VECTOR('',#17082,1000.0);
#13430=CARTESIAN_POINT('',(2.02499999993448,0.924999999986068,-2.78096));
#13431=AXIS2_PLACEMENT_3D('',#17083,#17084,#17085);
#13432=CARTESIAN_POINT('',(2.02499999993448,0.924999999986496,-1.78096));
#13433=CARTESIAN_POINT('',(2.02499999993448,0.924999999986211,-3.93096));
#13434=VECTOR('',#17086,1000.0);
#13435=CARTESIAN_POINT('',(1.92499999995632,0.924999999986638,-1.68096));
#13436=AXIS2_PLACEMENT_3D('',#17087,#17088,#17089);
#13437=CARTESIAN_POINT('',(1.875,0.924999999986852,-1.68096));
#13438=CARTESIAN_POINT('',(0.0,0.924999999994868,-1.68096));
#13439=VECTOR('',#17090,1000.0);
#13440=CARTESIAN_POINT('',(1.775,0.924999999987137,-1.58096));
#13441=AXIS2_PLACEMENT_3D('',#17091,#17092,#17093);
#13442=CARTESIAN_POINT('',(1.775,0.924999999986995,-1.53096));
#13443=CARTESIAN_POINT('',(1.775,0.92499999998728,-3.93096));
#13444=VECTOR('',#17094,1000.0);
#13445=CARTESIAN_POINT('',(1.875,0.924999999986852,-1.43096));
#13446=AXIS2_PLACEMENT_3D('',#17095,#17096,#17097);
#13447=CARTESIAN_POINT('',(2.02499999997816,0.924999999986211,-1.43096));
#13448=CARTESIAN_POINT('',(0.0,0.924999999994868,-1.43096));
#13449=VECTOR('',#17098,1000.0);
#13450=CARTESIAN_POINT('',(2.025,0.924999999986211,-3.93096));
#13451=VECTOR('',#17099,1000.0);
#13452=CARTESIAN_POINT('',(-2.87499999996886,0.92500000000716,-1.6809599999826));
#13453=CARTESIAN_POINT('',(-2.97499999996825,0.925000000007873,-1.580959999982));
#13454=AXIS2_PLACEMENT_3D('',#17100,#17101,#17102);
#13455=CARTESIAN_POINT('',(-2.97499999996795,0.925000000007873,-1.530959999982));
#13456=CARTESIAN_POINT('',(-2.97499999998247,0.925000000007588,-3.93096));
#13457=VECTOR('',#17103,1000.0);
#13458=CARTESIAN_POINT('',(-2.87499999996735,0.92500000000716,-1.4309599999826));
#13459=AXIS2_PLACEMENT_3D('',#17104,#17105,#17106);
#13460=CARTESIAN_POINT('',(-2.72499999996735,0.925000000006519,-1.4309599999835));
#13461=CARTESIAN_POINT('',(0.0,0.924999999994868,-1.43096));
#13462=VECTOR('',#17107,1000.0);
#13463=CARTESIAN_POINT('',(-2.72499999996305,0.925000000004346,-1.00396));
#13464=CARTESIAN_POINT('',(-2.72499999998247,0.925000000006519,-3.93096));
#13465=VECTOR('',#17108,1000.0);
#13466=CARTESIAN_POINT('',(-2.02499999999993,0.924999999995895,-1.00396));
#13467=CARTESIAN_POINT('',(-2.025,0.925,-1.00396));
#13468=VECTOR('',#17109,1000.0);
#13469=CARTESIAN_POINT('',(-2.025,0.925594505600415,-1.03066968129636));
#13470=CARTESIAN_POINT('',(-2.02499999999992,0.924999999987684,-1.00396));
#13471=CARTESIAN_POINT('',(-2.02499999999995,0.924999999987685,-1.01286322709879));
#13472=CARTESIAN_POINT('',(-2.02499999999997,0.924999999987685,-1.02176645419757));
#13473=CARTESIAN_POINT('',(-2.025,0.924999999987684,-1.03066968129635));
#13474=CARTESIAN_POINT('',(-2.025,0.925000000003526,-1.43096));
#13475=CARTESIAN_POINT('',(-2.025,0.925000000003526,-3.93096));
#13476=VECTOR('',#17110,1000.0);
#13477=CARTESIAN_POINT('',(-1.875,0.925000000002885,-1.43096));
#13478=CARTESIAN_POINT('',(0.0,0.924999999994868,-1.43096));
#13479=VECTOR('',#17111,1000.0);
#13480=CARTESIAN_POINT('',(-1.775,0.9250000000026,-1.53096));
#13481=AXIS2_PLACEMENT_3D('',#17112,#17113,#17114);
#13482=CARTESIAN_POINT('',(-1.775,0.9250000000026,-1.58096));
#13483=CARTESIAN_POINT('',(-1.775,0.925000000002457,-3.93096));
#13484=VECTOR('',#17115,1000.0);
#13485=CARTESIAN_POINT('',(-1.875,0.925000000002885,-1.68096));
#13486=AXIS2_PLACEMENT_3D('',#17116,#17117,#17118);
#13487=CARTESIAN_POINT('',(-1.925,0.925000000003098,-1.68096));
#13488=CARTESIAN_POINT('',(0.0,0.924999999994868,-1.68096));
#13489=VECTOR('',#17119,1000.0);
#13490=CARTESIAN_POINT('',(-2.025,0.925000000003384,-1.78096));
#13491=AXIS2_PLACEMENT_3D('',#17120,#17121,#17122);
#13492=CARTESIAN_POINT('',(-2.025,0.925000000003669,-2.78096));
#13493=CARTESIAN_POINT('',(-2.025,0.925000000003526,-3.93096));
#13494=VECTOR('',#17123,1000.0);
#13495=CARTESIAN_POINT('',(-2.125,0.925000000003954,-2.88096));
#13496=AXIS2_PLACEMENT_3D('',#17124,#17125,#17126);
#13497=CARTESIAN_POINT('',(-2.62499999997551,0.925000000006091,-2.88095999999208));
#13498=CARTESIAN_POINT('',(0.0,0.924999999994869,-2.88096));
#13499=VECTOR('',#17127,1000.0);
#13500=CARTESIAN_POINT('',(-2.72499999997551,0.925000000006804,-2.7809599999835));
#13501=AXIS2_PLACEMENT_3D('',#17128,#17129,#17130);
#13502=CARTESIAN_POINT('',(-2.72499999996946,0.925000000006234,-1.7809599999835));
#13503=CARTESIAN_POINT('',(-2.72499999998247,0.925000000006519,-3.93096));
#13504=VECTOR('',#17131,1000.0);
#13505=CARTESIAN_POINT('',(-2.82499999996886,0.925000000006946,-1.6809599999829));
#13506=AXIS2_PLACEMENT_3D('',#17132,#17133,#17134);
#13507=CARTESIAN_POINT('',(0.0,0.924999999994868,-1.68096));
#13508=VECTOR('',#17135,1000.0);
#13509=CARTESIAN_POINT('',(-0.399999999995012,0.924999999996579,-4.11095999999658));
#13510=CARTESIAN_POINT('',(-3.07,0.924999999987684,-4.11095999998769));
#13511=CARTESIAN_POINT('',(1.68036695121665,0.924999999987684,-4.11095999998769));
#13512=VECTOR('',#17136,1000.0);
#13513=CARTESIAN_POINT('',(-0.399999999995012,0.924999999995946,-3.94811728752701));
#13514=CARTESIAN_POINT('',(-0.399999999995012,0.924999999996579,-3.93096));
#13515=VECTOR('',#17137,1000.0);
#13516=CARTESIAN_POINT('',(0.400000000004987,0.924999999994014,-3.9481172875275));
#13517=CARTESIAN_POINT('',(-0.399999999995012,0.924999999994869,-3.94811728752719));
#13518=VECTOR('',#17138,1000.0);
#13519=CARTESIAN_POINT('',(0.400000000004988,0.924999999993159,-4.11095999999316));
#13520=CARTESIAN_POINT('',(0.400000000004988,0.924999999993159,-3.93096));
#13521=VECTOR('',#17139,1000.0);
#13522=CARTESIAN_POINT('',(3.07,0.924999999987684,-4.11095999998769));
#13523=CARTESIAN_POINT('',(1.68036695121665,0.924999999987684,-4.11095999998769));
#13524=VECTOR('',#17140,1000.0);
#13525=CARTESIAN_POINT('',(3.19999999992031,0.924999999981188,-4.13258171251687));
#13526=CARTESIAN_POINT('',(3.07,0.924999999987685,-4.11095999998768));
#13527=CARTESIAN_POINT('',(3.11458152294524,0.924999999987685,-4.11095999998768));
#13528=CARTESIAN_POINT('',(3.15778496886353,0.924999999987685,-4.11891722710587));
#13529=CARTESIAN_POINT('',(3.1999999999193,0.924999999987685,-4.13258171252269));
#13530=CARTESIAN_POINT('',(3.19999999993875,0.924999999993714,-0.430959999963699));
#13531=CARTESIAN_POINT('',(3.19999999991909,0.924999999981188,-3.93096));
#13532=VECTOR('',#17141,1000.0);
#13533=CARTESIAN_POINT('',(-3.1999999999613,0.925000000016074,-0.430959999964161));
#13534=CARTESIAN_POINT('',(3.2,0.925,-0.43096));
#13535=VECTOR('',#17142,1000.0);
#13536=CARTESIAN_POINT('',(-3.19999999998369,0.92500000000855,-4.13258171256328));
#13537=CARTESIAN_POINT('',(-3.19999999998247,0.92500000000855,-3.9309599999806));
#13538=VECTOR('',#17143,1000.0);
#13539=CARTESIAN_POINT('',(-3.19999999998772,0.924999999987685,-4.13258171254447));
#13540=CARTESIAN_POINT('',(-3.158032311973,0.924999999987685,-4.1189972890161));
#13541=CARTESIAN_POINT('',(-3.11487673039086,0.924999999987685,-4.11095999998768));
#13542=CARTESIAN_POINT('',(-3.07,0.924999999987685,-4.11095999998768));
#13543=COLOUR_RGB('',0.705882370471954,0.705882370471954,0.713725507259369);
#13544=CARTESIAN_POINT('',(-2.32180339887627,0.995,-4.18096));
#13545=CARTESIAN_POINT('',(-2.21000000000119,0.945,-4.13096));
#13546=AXIS2_PLACEMENT_3D('',#17144,#17145,#17146);
#13547=CARTESIAN_POINT('',(-2.35993491468682,0.995000117728669,-4.28096075788664));
#13548=AXIS2_PLACEMENT_3D('',#17147,#17148,#17149);
#13549=CARTESIAN_POINT('',(-2.36009394756159,1.22499997416924,-4.28404690924961));
#13550=CARTESIAN_POINT('',(-2.35999999999936,0.995000117728861,-4.28096075820321));
#13551=CARTESIAN_POINT('',(-2.35999999999927,1.0716666461482,-4.28096077591421));
#13552=CARTESIAN_POINT('',(-2.35999999999918,1.14833317456754,-4.2809607936252));
#13553=CARTESIAN_POINT('',(-2.35999999999909,1.22499970298687,-4.28096081133619));
#13554=CARTESIAN_POINT('',(-2.21,1.22500000002345,-4.13096));
#13555=AXIS2_PLACEMENT_3D('',#17150,#17151,#17152);
#13556=CARTESIAN_POINT('',(-2.21000000000128,0.925,-4.13096));
#13557=VECTOR('',#17153,1000.0);
#13558=COLOUR_RGB('',0.705882370471954,0.705882370471954,0.713725507259369);
#13559=CARTESIAN_POINT('',(-3.44999996971069,-0.0714475783344566,-3.38094100941068));
#13560=CARTESIAN_POINT('',(-3.44999999998782,-0.0714465541684564,-4.11095999998782));
#13561=CARTESIAN_POINT('',(-3.44999999998673,-0.0714465541684566,-3.9309599999791));
#13562=VECTOR('',#17154,1000.0);
#13563=CARTESIAN_POINT('',(-3.45000000000548,0.545,-4.11096000000548));
#13564=CARTESIAN_POINT('',(-3.45000000000548,2.74425468354852,-4.11096000000548));
#13565=VECTOR('',#17155,1000.0);
#13566=CARTESIAN_POINT('',(-3.44999999998476,0.675000000009618,-4.13258171254916));
#13567=CARTESIAN_POINT('',(-3.45000000000548,0.675000000005767,-4.13258171256715));
#13568=CARTESIAN_POINT('',(-3.45000000000548,0.633032311985401,-4.11899728903583));
#13569=CARTESIAN_POINT('',(-3.45000000000548,0.58987673039732,-4.11096000000548));
#13570=CARTESIAN_POINT('',(-3.45000000000548,0.545,-4.11096000000548));
#13571=CARTESIAN_POINT('',(-3.44999999996237,0.675000000009619,-0.4309599999791));
#13572=CARTESIAN_POINT('',(-3.44999999998354,0.675000000009618,-3.9309599999791));
#13573=VECTOR('',#17156,1000.0);
#13574=CARTESIAN_POINT('',(-3.44999999996747,0.645000000021127,-0.4309599999791));
#13575=CARTESIAN_POINT('',(-3.4499999999613,0.925,-0.4309599999791));
#13576=VECTOR('',#17157,1000.0);
#13577=CARTESIAN_POINT('',(-3.44999999997025,-0.00499999997890585,-0.4309599999791));
#13578=CARTESIAN_POINT('',(-3.44999999994634,4.42462163476517,-0.4309599999791));
#13579=VECTOR('',#17158,1000.0);
#13580=CARTESIAN_POINT('',(-3.44999999996555,-0.071446554168457,-0.4309599999791));
#13581=CARTESIAN_POINT('',(-3.4499999999613,0.925,-0.4309599999791));
#13582=VECTOR('',#17159,1000.0);
#13583=CARTESIAN_POINT('',(-3.45000380589718,-0.0714465765540097,-1.780979029333));
#13584=CARTESIAN_POINT('',(-3.44999999998673,-0.0714465541684566,-3.9309599999791));
#13585=VECTOR('',#17160,1000.0);
#13586=CARTESIAN_POINT('',(-3.44999999997473,0.472083228721406,-2.3309599999791));
#13587=AXIS2_PLACEMENT_3D('',#17161,#17162,#17163);
#13588=CARTESIAN_POINT('',(-3.44999999997776,0.472083228721401,-2.8309599999776));
#13589=CARTESIAN_POINT('',(-3.44999999998441,0.472083228721411,-3.93096));
#13590=VECTOR('',#17164,1000.0);
#13591=AXIS2_PLACEMENT_3D('',#17165,#17166,#17167);
#13592=COLOUR_RGB('',0.705882370471954,0.705882370471954,0.713725507259369);
#13593=CARTESIAN_POINT('',(-3.37677669528763,-0.24822324946827,-4.0377366952905));
#13594=AXIS2_PLACEMENT_3D('',#17168,#17169,#17170);
#13595=CARTESIAN_POINT('',(-3.37677669528079,-0.2482232494654,-3.380959999978));
#13596=AXIS2_PLACEMENT_3D('',#17171,#17172,#17173);
#13597=CARTESIAN_POINT('',(-3.37677669528413,-0.24822324946541,-3.9309599999796));
#13598=VECTOR('',#17174,1000.0);
#13599=COLOUR_RGB('',0.705882370471954,0.705882370471954,0.713725507259369);
#13600=CARTESIAN_POINT('',(-3.27,-0.35499994476163,-3.93096));
#13601=CARTESIAN_POINT('',(-2.86644659559714,-0.758553376783682,-3.93096));
#13602=CARTESIAN_POINT('',(-3.27,-0.355,-3.93096));
#13603=VECTOR('',#17175,1000.0);
#13604=CARTESIAN_POINT('',(-6.49420896165854,2.86920901689692,-7.15516896165854));
#13605=VECTOR('',#17176,1000.0);
#13606=CARTESIAN_POINT('',(-2.7732232495131,-0.85177669523825,-3.3809599999903));
#13607=CARTESIAN_POINT('',(-4.54999994473617,0.925,-3.3809599999709));
#13608=VECTOR('',#17177,1000.0);
#13609=CARTESIAN_POINT('',(-2.77322324952187,-0.85177669523826,-4.83095999999964));
#13610=CARTESIAN_POINT('',(-2.77322324951643,-0.85177669523826,-3.9309599999832));
#13611=VECTOR('',#17178,1000.0);
#13612=CARTESIAN_POINT('',(-2.8664465817864,-0.758553362972943,-4.83096));
#13613=CARTESIAN_POINT('',(-4.54999994474494,0.925,-4.83096));
#13614=VECTOR('',#17179,1000.0);
#13615=CARTESIAN_POINT('',(-2.86644660940673,-0.75855339059327,-3.93096));
#13616=VECTOR('',#17180,1000.0);
#13617=COLOUR_RGB('',0.705882370471954,0.705882370471954,0.713725507259369);
#13618=CARTESIAN_POINT('',(-1.58499999999485,-1.175,-3.93096));
#13619=CARTESIAN_POINT('',(-1.58499999999485,-0.924999999946703,-3.93096));
#13620=CARTESIAN_POINT('',(-1.58499999999485,-0.50459165091185,-3.93096));
#13621=VECTOR('',#17181,1000.0);
#13622=CARTESIAN_POINT('',(-0.0749999999999977,-1.175,-3.93096));
#13623=CARTESIAN_POINT('',(5.15143483426073E-12,-1.175,-3.93096));
#13624=VECTOR('',#17182,1000.0);
#13625=CARTESIAN_POINT('',(-0.0749999999999977,-1.225,-3.93096));
#13626=CARTESIAN_POINT('',(-0.0749999999999977,0.925,-3.93096));
#13627=VECTOR('',#17183,1000.0);
#13628=CARTESIAN_POINT('',(-1.68609989193631,-1.225,-3.93096));
#13629=CARTESIAN_POINT('',(0.0,-1.225,-3.93096));
#13630=VECTOR('',#17184,1000.0);
#13631=CARTESIAN_POINT('',(-1.68609989193631,-0.92499999994627,-3.93096));
#13632=CARTESIAN_POINT('',(-1.68609989193631,-1.225,-3.93096));
#13633=VECTOR('',#17185,1000.0);
#13634=CARTESIAN_POINT('',(0.0,-0.92499999995348,-3.93096));
#13635=VECTOR('',#17186,1000.0);
#13636=COLOUR_RGB('',0.705882370471954,0.705882370471954,0.713725507259369);
#13637=CARTESIAN_POINT('',(1.20000000000085,0.995,-5.13095999998768));
#13638=CARTESIAN_POINT('',(1.20000000000085,0.995,-4.28096));
#13639=CARTESIAN_POINT('',(1.20000000000085,0.995,-5.03096));
#13640=VECTOR('',#17187,1000.0);
#13641=CARTESIAN_POINT('',(1.20000000000085,0.594999968113928,-5.13095999998768));
#13642=CARTESIAN_POINT('',(1.20000000000085,0.825,-5.13095999998768));
#13643=VECTOR('',#17188,1000.0);
#13644=CARTESIAN_POINT('',(1.20000000000085,0.594999968114569,-5.43095999998974));
#13645=CARTESIAN_POINT('',(1.20000000000085,0.594999968111362,-3.93096));
#13646=VECTOR('',#17189,1000.0);
#13647=CARTESIAN_POINT('',(1.20000000000085,0.825,-5.43095999999387));
#13648=CARTESIAN_POINT('',(1.20000000000085,0.925,-5.43095999998974));
#13649=VECTOR('',#17190,1000.0);
#13650=CARTESIAN_POINT('',(1.20000000000085,1.22500000000025,-5.03096));
#13651=AXIS2_PLACEMENT_3D('',#17191,#17192,#17193);
#13652=CARTESIAN_POINT('',(1.20000000000085,1.22500000000866,-4.28096));
#13653=CARTESIAN_POINT('',(1.20000000000085,1.22500000000888,-3.93096));
#13654=VECTOR('',#17194,1000.0);
#13655=CARTESIAN_POINT('',(1.20000000000085,0.925,-4.28096));
#13656=VECTOR('',#17195,1000.0);
#13657=COLOUR_RGB('',0.705882370471954,0.705882370471954,0.713725507259369);
#13658=CARTESIAN_POINT('',(2.73083816599003,-0.85500000000022,-5.12795999999384));
#13659=CARTESIAN_POINT('',(2.79997546110497,-0.814369986812369,-5.12697202613664));
#13660=AXIS2_PLACEMENT_3D('',#17196,#17197,#17198);
#13661=CARTESIAN_POINT('',(2.6845881344202,-0.874596482051122,-5.12595999998768));
#13662=AXIS2_PLACEMENT_3D('',#17199,#17200,#17201);
#13663=CARTESIAN_POINT('',(2.1999999999979,-0.874595917971185,-5.12595999998768));
#13664=CARTESIAN_POINT('',(5.15143483426073E-12,-0.874595917971185,-5.12595999998768));
#13665=VECTOR('',#17202,1000.0);
#13666=CARTESIAN_POINT('',(2.19999999999706,-1.62499981424551,-5.12595999998768));
#13667=CARTESIAN_POINT('',(2.199999999998,-1.74377441573609,-5.12595999998768));
#13668=VECTOR('',#17203,1000.0);
#13669=CARTESIAN_POINT('',(2.39999999999705,-1.82499981424611,-5.12595999998768));
#13670=AXIS2_PLACEMENT_3D('',#17204,#17205,#17206);
#13671=CARTESIAN_POINT('',(2.59999999999705,-1.82499981424611,-5.12595999998768));
#13672=CARTESIAN_POINT('',(-3.14999999999908,-1.82499981424611,-5.12595999998768));
#13673=VECTOR('',#17207,1000.0);
#13674=CARTESIAN_POINT('',(2.79999999999705,-1.62499981424672,-5.12595999998768));
#13675=AXIS2_PLACEMENT_3D('',#17208,#17209,#17210);
#13676=CARTESIAN_POINT('',(2.79999999999797,-1.32977211501011,-5.12595999998768));
#13677=VECTOR('',#17211,1000.0);
#13678=COLOUR_RGB('',0.705882370471954,0.705882370471954,0.713725507259369);
#13679=CARTESIAN_POINT('',(1.23819660112586,0.995,-4.18096));
#13680=CARTESIAN_POINT('',(1.35000000000085,0.945,-4.13096));
#13681=AXIS2_PLACEMENT_3D('',#17212,#17213,#17214);
#13682=AXIS2_PLACEMENT_3D('',#17215,#17216,#17217);
#13683=CARTESIAN_POINT('',(1.35000000000085,1.22500000000824,-4.13096));
#13684=AXIS2_PLACEMENT_3D('',#17218,#17219,#17220);
#13685=CARTESIAN_POINT('',(1.35000000000085,0.925,-4.13096));
#13686=VECTOR('',#17221,1000.0);
#13687=COLOUR_RGB('',0.705882370471954,0.705882370471954,0.713725507259369);
#13688=CARTESIAN_POINT('',(-1.34999999998141,0.945,-4.13096));
#13689=CARTESIAN_POINT('',(-2.36,0.945,-4.13096));
#13690=VECTOR('',#17222,1000.0);
#13691=CARTESIAN_POINT('',(-1.34999999998141,1.22500000001978,-4.13096));
#13692=CARTESIAN_POINT('',(0.0,1.22500000001401,-4.13096));
#13693=VECTOR('',#17223,1000.0);
#13694=CARTESIAN_POINT('',(-1.34999999998141,0.925,-4.13096));
#13695=VECTOR('',#17224,1000.0);
#13696=COLOUR_RGB('',0.705882370471954,0.705882370471954,0.713725507259369);
#13697=CARTESIAN_POINT('',(-1.19999999998141,0.995,-4.28095999999936));
#13698=CARTESIAN_POINT('',(-1.19999999997649,0.995,-5.13095999998768));
#13699=CARTESIAN_POINT('',(-1.19999999997649,0.995,-5.43096));
#13700=VECTOR('',#17225,1000.0);
#13701=CARTESIAN_POINT('',(-1.19999999998141,1.22500000001956,-4.28095999999936));
#13702=CARTESIAN_POINT('',(-1.19999999998141,0.925,-4.28095999999936));
#13703=VECTOR('',#17226,1000.0);
#13704=CARTESIAN_POINT('',(-1.1999999999782,1.22500000000367,-5.03096));
#13705=CARTESIAN_POINT('',(-1.1999999999829,1.22500000001914,-3.93096));
#13706=VECTOR('',#17227,1000.0);
#13707=CARTESIAN_POINT('',(-1.19999999997763,0.825,-5.43095999999864));
#13708=AXIS2_PLACEMENT_3D('',#17228,#17229,#17230);
#13709=CARTESIAN_POINT('',(-1.19999999997649,0.594999968124253,-5.43096));
#13710=CARTESIAN_POINT('',(-1.19999999997649,0.925,-5.43096));
#13711=VECTOR('',#17231,1000.0);
#13712=CARTESIAN_POINT('',(-1.19999999997713,0.594999968124028,-5.13095999998768));
#13713=CARTESIAN_POINT('',(-1.1999999999829,0.594999968121515,-3.93096));
#13714=VECTOR('',#17232,1000.0);
#13715=CARTESIAN_POINT('',(-1.19999999997649,2.03900218572417,-5.13095999998768));
#13716=VECTOR('',#17233,1000.0);
#13717=COLOUR_RGB('',0.705882370471954,0.705882370471954,0.713725507259369);
#13718=CARTESIAN_POINT('',(2.20999999999881,0.945,-4.13096));
#13719=CARTESIAN_POINT('',(-2.36,0.945,-4.13096));
#13720=VECTOR('',#17234,1000.0);
#13721=CARTESIAN_POINT('',(2.21,1.22500000000456,-4.13096));
#13722=CARTESIAN_POINT('',(0.0,1.22500000001401,-4.13096));
#13723=VECTOR('',#17235,1000.0);
#13724=CARTESIAN_POINT('',(2.20999999999872,0.925,-4.13096));
#13725=VECTOR('',#17236,1000.0);
#13726=COLOUR_RGB('',0.705882370471954,0.705882370471954,0.713725507259369);
#13727=CARTESIAN_POINT('',(-1.23819660110642,0.995,-4.18096));
#13728=AXIS2_PLACEMENT_3D('',#17237,#17238,#17239);
#13729=AXIS2_PLACEMENT_3D('',#17240,#17241,#17242);
#13730=AXIS2_PLACEMENT_3D('',#17243,#17244,#17245);
#13731=COLOUR_RGB('',0.705882370471954,0.705882370471954,0.713725507259369);
#13732=CARTESIAN_POINT('',(2.32180339887371,0.995,-4.18096));
#13733=AXIS2_PLACEMENT_3D('',#17246,#17247,#17248);
#13734=CARTESIAN_POINT('',(2.36014717057699,1.22499966625272,-4.28096044248855));
#13735=AXIS2_PLACEMENT_3D('',#17249,#17250,#17251);
#13736=CARTESIAN_POINT('',(2.35996227094015,0.995000148240742,-4.2809601078221));
#13737=CARTESIAN_POINT('',(2.35999999999872,1.22499966625272,-4.28096000000006));
#13738=CARTESIAN_POINT('',(2.35999999999872,1.14833316024877,-4.28096000000006));
#13739=CARTESIAN_POINT('',(2.35999999999872,1.07166665424483,-4.28096000000006));
#13740=CARTESIAN_POINT('',(2.35999999999872,0.995000148240884,-4.28096000000006));
#13741=AXIS2_PLACEMENT_3D('',#17252,#17253,#17254);
#13742=COLOUR_RGB('',0.705882370471954,0.705882370471954,0.713725507259369);
#13743=CARTESIAN_POINT('',(-1.45303061543265,-0.57500011499724,-5.20596000000139));
#13744=CARTESIAN_POINT('',(-1.46341303137061,-0.543500114991836,-5.12845999998768));
#13745=AXIS2_PLACEMENT_3D('',#17255,#17256,#17257);
#13746=CARTESIAN_POINT('',(-0.546969384566632,-0.575000114999985,-5.20595999999689));
#13747=CARTESIAN_POINT('',(-1.44999999999996,-0.57500011499725,-5.20596000000107));
#13748=VECTOR('',#17258,1000.0);
#13749=CARTESIAN_POINT('',(-0.536586968629873,-0.543500114996225,-5.12845999998768));
#13750=AXIS2_PLACEMENT_3D('',#17259,#17260,#17261);
#13751=CARTESIAN_POINT('',(1.68036695122756,-0.54500011500672,-5.13095999998768));
#13752=VECTOR('',#17262,1000.0);
#13753=COLOUR_RGB('',0.705882370471954,0.705882370471954,0.713725507259369);
#13754=CARTESIAN_POINT('',(0.546969384567349,-0.57500011500329,-5.20595999999284));
#13755=CARTESIAN_POINT('',(0.53658696863094,-0.543500115001305,-5.12845999998768));
#13756=AXIS2_PLACEMENT_3D('',#17263,#17264,#17265);
#13757=CARTESIAN_POINT('',(1.45303061543337,-0.575000115006035,-5.20595999998834));
#13758=CARTESIAN_POINT('',(0.550000000000038,-0.5750001150033,-5.20595999999252));
#13759=VECTOR('',#17266,1000.0);
#13760=CARTESIAN_POINT('',(1.46341303136857,-0.543500115005698,-5.12845999998768));
#13761=AXIS2_PLACEMENT_3D('',#17267,#17268,#17269);
#13762=CARTESIAN_POINT('',(1.68036695122756,-0.54500011500672,-5.13095999998768));
#13763=VECTOR('',#17270,1000.0);
#13764=COLOUR_RGB('',0.705882370471954,0.705882370471954,0.713725507259369);
#13765=CARTESIAN_POINT('',(-0.546969384565991,-0.57500011499999,-5.35595999999679));
#13766=CARTESIAN_POINT('',(-0.537477270847263,-0.545000115000009,-5.43095999999716));
#13767=AXIS2_PLACEMENT_3D('',#17271,#17272,#17273);
#13768=CARTESIAN_POINT('',(-1.45303061543187,-0.57500011499725,-5.35595999999946));
#13769=CARTESIAN_POINT('',(-0.549999999998679,-0.57500011499998,-5.35595999999722));
#13770=VECTOR('',#17274,1000.0);
#13771=CARTESIAN_POINT('',(-1.46252272914991,-0.545000114997212,-5.43096000000111));
#13772=AXIS2_PLACEMENT_3D('',#17275,#17276,#17277);
#13773=CARTESIAN_POINT('',(-1.4530306154316,-0.54500011499724,-5.43096000000107));
#13774=VECTOR('',#17278,1000.0);
#13775=COLOUR_RGB('',0.705882370471954,0.705882370471954,0.713725507259369);
#13776=CARTESIAN_POINT('',(1.45303061543401,-0.575000115006035,-5.35595999998866));
#13777=CARTESIAN_POINT('',(1.46252272915274,-0.545000115006061,-5.43095999998861));
#13778=AXIS2_PLACEMENT_3D('',#17279,#17280,#17281);
#13779=CARTESIAN_POINT('',(0.546969384568127,-0.5750001150033,-5.35595999999091));
#13780=CARTESIAN_POINT('',(1.45000000000132,-0.575000115006029,-5.35595999998867));
#13781=VECTOR('',#17282,1000.0);
#13782=CARTESIAN_POINT('',(0.537477270850086,-0.545000115003264,-5.43095999999256));
#13783=AXIS2_PLACEMENT_3D('',#17283,#17284,#17285);
#13784=CARTESIAN_POINT('',(0.546969384568402,-0.545000115003289,-5.43095999999253));
#13785=VECTOR('',#17286,1000.0);
#13786=COLOUR_RGB('',0.705882370471954,0.705882370471954,0.713725507259369);
#13787=CARTESIAN_POINT('',(-1.44999999999984,-0.60500011499725,-5.20596000000107));
#13788=CARTESIAN_POINT('',(-0.549999999999839,-0.605000114999975,-5.20595999999722));
#13789=CARTESIAN_POINT('',(-1.45000000000005,-0.60500011499725,-5.20596000000107));
#13790=VECTOR('',#17287,1000.0);
#13791=AXIS2_PLACEMENT_3D('',#17288,#17289,#17290);
#13792=AXIS2_PLACEMENT_3D('',#17291,#17292,#17293);
#13793=COLOUR_RGB('',0.705882370471954,0.705882370471954,0.713725507259369);
#13794=CARTESIAN_POINT('',(0.550000000000161,-0.6050001150033,-5.20595999999252));
#13795=CARTESIAN_POINT('',(1.45000000000016,-0.60500011500603,-5.20595999998867));
#13796=CARTESIAN_POINT('',(0.549999999999947,-0.6050001150033,-5.20595999999252));
#13797=VECTOR('',#17294,1000.0);
#13798=AXIS2_PLACEMENT_3D('',#17295,#17296,#17297);
#13799=AXIS2_PLACEMENT_3D('',#17298,#17299,#17300);
#13800=COLOUR_RGB('',0.705882370471954,0.705882370471954,0.713725507259369);
#13801=CARTESIAN_POINT('',(-0.549999999998984,-0.60500011499998,-5.35595999999722));
#13802=CARTESIAN_POINT('',(-1.4499999999992,-0.605000114997255,-5.35596000000107));
#13803=CARTESIAN_POINT('',(-0.54999999999877,-0.60500011499998,-5.35595999999722));
#13804=VECTOR('',#17301,1000.0);
#13805=AXIS2_PLACEMENT_3D('',#17302,#17303,#17304);
#13806=AXIS2_PLACEMENT_3D('',#17305,#17306,#17307);
#13807=COLOUR_RGB('',0.705882370471954,0.705882370471954,0.713725507259369);
#13808=CARTESIAN_POINT('',(1.45000000000102,-0.60500011500603,-5.35595999998867));
#13809=CARTESIAN_POINT('',(0.550000000000802,-0.6050001150033,-5.35595999999252));
#13810=CARTESIAN_POINT('',(1.45000000000123,-0.60500011500603,-5.35595999998867));
#13811=VECTOR('',#17308,1000.0);
#13812=AXIS2_PLACEMENT_3D('',#17309,#17310,#17311);
#13813=AXIS2_PLACEMENT_3D('',#17312,#17313,#17314);
#13814=COLOUR_RGB('',0.705882370471954,0.705882370471954,0.713725507259369);
#13815=CARTESIAN_POINT('',(1.75000000000102,-0.60500011500693,-5.43095999998738));
#13816=AXIS2_PLACEMENT_3D('',#17315,#17316,#17317);
#13817=CARTESIAN_POINT('',(1.74238926143584,-0.605000115000245,-5.12811852121967));
#13818=CARTESIAN_POINT('',(1.74999999999995,-0.60500011500693,-5.13095999998738));
#13819=VECTOR('',#17318,1000.0);
#13820=CARTESIAN_POINT('',(1.73490636839197,-0.538871997862859,-5.12820999999076));
#13821=CARTESIAN_POINT('',(1.73500000000515,-1.175,-5.12996));
#13822=VECTOR('',#17319,1000.0);
#13823=AXIS2_PLACEMENT_3D('',#17320,#17321,#17322);
#13824=CARTESIAN_POINT('',(1.44999999999995,-0.60500011500603,-5.13095999998867));
#13825=VECTOR('',#17323,1000.0);
#13826=COLOUR_RGB('',0.705882370471954,0.705882370471954,0.713725507259369);
#13827=CARTESIAN_POINT('',(0.25000000000123,-0.60500011500255,-5.4309599999938));
#13828=AXIS2_PLACEMENT_3D('',#17324,#17325,#17326);
#13829=CARTESIAN_POINT('',(0.549999999999947,-0.6050001150033,-5.13095999999251));
#13830=VECTOR('',#17327,1000.0);
#13831=CARTESIAN_POINT('',(0.249999999999926,-0.605000115000205,-5.12845999998768));
#13832=AXIS2_PLACEMENT_3D('',#17328,#17329,#17330);
#13833=CARTESIAN_POINT('',(0.249999999999947,-0.6050001150024,-5.1309599999938));
#13834=VECTOR('',#17331,1000.0);
#13835=COLOUR_RGB('',0.705882370471954,0.705882370471954,0.713725507259369);
#13836=CARTESIAN_POINT('',(-0.249999999998984,-0.60500011500088,-5.43095999999594));
#13837=AXIS2_PLACEMENT_3D('',#17332,#17333,#17334);
#13838=CARTESIAN_POINT('',(-0.250000000000074,-0.605000114999445,-5.12845999998768));
#13839=CARTESIAN_POINT('',(-0.250000000000053,-0.60500011500088,-5.13095999999593));
#13840=VECTOR('',#17335,1000.0);
#13841=AXIS2_PLACEMENT_3D('',#17336,#17337,#17338);
#13842=CARTESIAN_POINT('',(-0.550000000000053,-0.60500011499998,-5.13095999999722));
#13843=VECTOR('',#17339,1000.0);
#13844=COLOUR_RGB('',0.705882370471954,0.705882370471954,0.713725507259369);
#13845=CARTESIAN_POINT('',(-1.74999999999877,-0.6050001149965,-5.43096000000234));
#13846=AXIS2_PLACEMENT_3D('',#17340,#17341,#17342);
#13847=CARTESIAN_POINT('',(-1.45000000000005,-0.60500011499725,-5.13096000000106));
#13848=VECTOR('',#17343,1000.0);
#13849=CARTESIAN_POINT('',(-1.73502972781127,-0.539590948797577,-5.1281778720312));
#13850=CARTESIAN_POINT('',(-1.73511092588668,-0.539551008012643,-5.12595999998768));
#13851=CARTESIAN_POINT('',(-1.68569690082707,-0.439094200770717,-5.12595999998768));
#13852=CARTESIAN_POINT('',(-1.51237788365657,-0.435129780433861,-5.12595999998768));
#13853=CARTESIAN_POINT('',(-1.46341303137059,-0.54300011499183,-5.12595999998768));
#13854=CARTESIAN_POINT('',(-1.74226054342994,-0.605000114998376,-5.12828183696134));
#13855=CARTESIAN_POINT('',(-1.73499999999812,-0.605000114998009,-5.13095999998768));
#13856=CARTESIAN_POINT('',(-1.73499999999805,-0.583197300001467,-5.13095999998768));
#13857=CARTESIAN_POINT('',(-1.73499999999798,-0.561394485004924,-5.13095999998768));
#13858=CARTESIAN_POINT('',(-1.73499999999792,-0.539591670008382,-5.13095999998768));
#13859=CARTESIAN_POINT('',(-1.75000000000005,-0.60500011499635,-5.13096000000234));
#13860=VECTOR('',#17344,1000.0);
#13861=COLOUR_RGB('',0.705882370471954,0.705882370471954,0.713725507259369);
#13862=CARTESIAN_POINT('',(-3.24999999999908,-1.225,-3.03096));
#13863=CARTESIAN_POINT('',(-3.24999999999908,-1.225,-2.13096));
#13864=CARTESIAN_POINT('',(-3.24999999999908,-1.225,-3.93096));
#13865=VECTOR('',#17345,1000.0);
#13866=CARTESIAN_POINT('',(-3.34999999999908,-1.325,-2.13096));
#13867=AXIS2_PLACEMENT_3D('',#17346,#17347,#17348);
#13868=CARTESIAN_POINT('',(-3.34999999999908,-1.325,-3.03096));
#13869=CARTESIAN_POINT('',(-3.34999999999908,-1.325,-3.93096));
#13870=VECTOR('',#17349,1000.0);
#13871=AXIS2_PLACEMENT_3D('',#17350,#17351,#17352);
#13872=COLOUR_RGB('',0.705882370471954,0.705882370471954,0.713725507259369);
#13873=CARTESIAN_POINT('',(3.64999999999597,-1.62499981424611,-2.13096));
#13874=CARTESIAN_POINT('',(3.34999999993356,-1.62499981424611,-2.13096));
#13875=CARTESIAN_POINT('',(0.0,-1.62499981424611,-2.13096));
#13876=VECTOR('',#17353,1000.0);
#13877=CARTESIAN_POINT('',(3.34999999993356,-1.82499981424611,-2.33096));
#13878=AXIS2_PLACEMENT_3D('',#17354,#17355,#17356);
#13879=CARTESIAN_POINT('',(3.64999999999653,-1.82499981424611,-2.33096));
#13880=CARTESIAN_POINT('',(0.0,-1.82499981424611,-2.33096));
#13881=VECTOR('',#17357,1000.0);
#13882=AXIS2_PLACEMENT_3D('',#17358,#17359,#17360);
#13883=COLOUR_RGB('',0.705882370471954,0.705882370471954,0.713725507259369);
#13884=CARTESIAN_POINT('',(-3.3767766952711,-0.248223249465384,-1.78095999997956));
#13885=AXIS2_PLACEMENT_3D('',#17361,#17362,#17363);
#13886=CARTESIAN_POINT('',(-3.4121320343309,-0.283578588524588,-1.83095999997938));
#13887=CARTESIAN_POINT('',(-3.37677669527112,-0.24822324946541,-1.7809599999796));
#13888=VECTOR('',#17364,1000.0);
#13889=CARTESIAN_POINT('',(-3.49996512976855,-0.0779158311976516,-1.83095999997886));
#13890=AXIS2_PLACEMENT_3D('',#17365,#17366,#17367);
#13891=CARTESIAN_POINT('',(-3.49994769263199,-0.0779154539649844,-1.8309774411329));
#13892=CARTESIAN_POINT('',(-3.48249652166247,-0.0777249806393368,-1.81352622029974));
#13893=CARTESIAN_POINT('',(-3.47107895702143,-0.0741733982709607,-1.8020389570283));
#13894=CARTESIAN_POINT('',(-3.45001148332479,-0.0714465541695247,-1.78097148333166));
#13895=COLOUR_RGB('',0.705882370471954,0.705882370471954,0.713725507259369);
#13896=CARTESIAN_POINT('',(-3.49999999997494,0.422083228721627,-2.3309599999788));
#13897=AXIS2_PLACEMENT_3D('',#17368,#17369,#17370);
#13898=CARTESIAN_POINT('',(-3.44999999997473,0.472083228721412,-2.3309599999791));
#13899=VECTOR('',#17371,1000.0);
#13900=COLOUR_RGB('',0.705882370471954,0.705882370471954,0.713725507259369);
#13901=CARTESIAN_POINT('',(-3.49999999997797,0.422083228721624,-2.8309599999773));
#13902=CARTESIAN_POINT('',(-3.49999999998462,0.422083228721625,-3.93096));
#13903=VECTOR('',#17372,1000.0);
#13904=CARTESIAN_POINT('',(-3.44999999997775,0.472083228721411,-2.8309599999776));
#13905=VECTOR('',#17373,1000.0);
#13906=COLOUR_RGB('',0.705882370471954,0.705882370471954,0.713725507259369);
#13907=CARTESIAN_POINT('',(-3.49996511558583,-0.0779163951176495,-3.33096000200598));
#13908=AXIS2_PLACEMENT_3D('',#17374,#17375,#17376);
#13909=CARTESIAN_POINT('',(-3.49997418544606,-0.0779167712785896,-3.33098581451164));
#13910=CARTESIAN_POINT('',(-3.48456818562112,-0.0777506485669014,-3.34639181433658));
#13911=CARTESIAN_POINT('',(-3.46605253405545,-0.0735266625859472,-3.36489276180508));
#13912=CARTESIAN_POINT('',(-3.44999041423933,-0.0714482234857191,-3.3809315467836));
#13913=COLOUR_RGB('',0.705882370471954,0.705882370471954,0.713725507259369);
#13914=CARTESIAN_POINT('',(-3.41213203433996,-0.283578588524572,-3.33095999997782));
#13915=AXIS2_PLACEMENT_3D('',#17377,#17378,#17379);
#13916=CARTESIAN_POINT('',(-3.3767766952808,-0.24822324946541,-3.380959999978));
#13917=VECTOR('',#17380,1000.0);
#13918=COLOUR_RGB('',0.705882370471954,0.705882370471954,0.713725507259369);
#13919=CARTESIAN_POINT('',(-2.80857858857631,-0.887132034301465,-3.3309599999815));
#13920=CARTESIAN_POINT('',(-4.62071062285422,0.925,-3.3309599999705));
#13921=VECTOR('',#17381,1000.0);
#13922=CARTESIAN_POINT('',(-2.77322324951311,-0.85177669523826,-3.3809599999989));
#13923=VECTOR('',#17382,1000.0);
#13924=COLOUR_RGB('',0.705882370471954,0.705882370471954,0.713725507259369);
#13925=CARTESIAN_POINT('',(-2.59644655421681,-0.924999999942885,-3.38096));
#13926=AXIS2_PLACEMENT_3D('',#17383,#17384,#17385);
#13927=CARTESIAN_POINT('',(-2.43061531469607,-0.92499999994132,-3.3309599999838));
#13928=AXIS2_PLACEMENT_3D('',#17386,#17387,#17388);
#13929=CARTESIAN_POINT('',(-2.59644655421676,-0.92499999994237,-3.38096));
#13930=CARTESIAN_POINT('',(-2.58182597250561,-0.92499999994244,-3.38096));
#13931=CARTESIAN_POINT('',(-2.56716459284051,-0.92499999994233,-3.3796537728315));
#13932=CARTESIAN_POINT('',(-2.53825611560776,-0.92499999994245,-3.3746724715904));
#13933=CARTESIAN_POINT('',(-2.52410629963594,-0.92499999994227,-3.3710315247356));
#13934=CARTESIAN_POINT('',(-2.49647923521737,-0.92499999994239,-3.3620313116422));
#13935=CARTESIAN_POINT('',(-2.48292037691962,-0.92499999994286,-3.356646631181));
#13936=CARTESIAN_POINT('',(-2.45635097523098,-0.92499999994297,-3.3446273171236));
#13937=CARTESIAN_POINT('',(-2.44333654355529,-0.92499999994303,-3.3379919238177));
#13938=CARTESIAN_POINT('',(-2.43061531469871,-0.92499999994308,-3.3309599999838));
#13939=COLOUR_RGB('',0.705882370471954,0.705882370471954,0.713725507259369);
#13940=CARTESIAN_POINT('',(2.77322324943868,-0.851776695237515,-1.7809600000157));
#13941=CARTESIAN_POINT('',(3.3767766952696,-0.248223249446212,-1.78095999998796));
#13942=CARTESIAN_POINT('',(4.54999994466097,0.925,-1.7809600000275));
#13943=VECTOR('',#17389,1000.0);
#13944=CARTESIAN_POINT('',(3.41213203433068,-0.283578588504084,-1.830960000021));
#13945=CARTESIAN_POINT('',(3.41213203435353,-0.28357858852603,-1.830960000021));
#13946=VECTOR('',#17390,1000.0);
#13947=CARTESIAN_POINT('',(2.80857858849849,-0.88713203429703,-1.8309600000163));
#13948=CARTESIAN_POINT('',(3.11035531138153,-0.58535531141101,-1.8309600000188));
#13949=VECTOR('',#17391,1000.0);
#13950=CARTESIAN_POINT('',(2.77322324943942,-0.85177669523675,-1.7809600000146));
#13951=VECTOR('',#17392,1000.0);
#13952=COLOUR_RGB('',0.705882370471954,0.705882370471954,0.713725507259369);
#13953=CARTESIAN_POINT('',(3.49996512410478,-0.0779161377346098,-1.83096000018108));
#13954=AXIS2_PLACEMENT_3D('',#17393,#17394,#17395);
#13955=CARTESIAN_POINT('',(3.45000380600664,-0.0714466347578727,-1.7809790288123));
#13956=AXIS2_PLACEMENT_3D('',#17396,#17397,#17398);
#13957=CARTESIAN_POINT('',(3.45001148579595,-0.0714455777694154,-1.78097148582285));
#13958=CARTESIAN_POINT('',(3.469032748181,-0.0739074576597042,-1.79999273859321));
#13959=CARTESIAN_POINT('',(3.48200140043883,-0.0777199462385738,-1.81303110589026));
#13960=CARTESIAN_POINT('',(3.49994768547236,-0.0779158299583813,-1.83097744210073));
#13961=COLOUR_RGB('',0.705882370471954,0.705882370471954,0.713725507259369);
#13962=CARTESIAN_POINT('',(3.44999999990699,0.472083228691913,-2.33096000001644));
#13963=AXIS2_PLACEMENT_3D('',#17399,#17400,#17401);
#13964=CARTESIAN_POINT('',(3.49999999991156,0.422083228689802,-2.33096000001814));
#13965=CARTESIAN_POINT('',(3.44999999990589,0.472083228691914,-2.3309600000142));
#13966=VECTOR('',#17402,1000.0);
#13967=AXIS2_PLACEMENT_3D('',#17403,#17404,#17405);
#13968=COLOUR_RGB('',0.705882370471954,0.705882370471954,0.713725507259369);
#13969=CARTESIAN_POINT('',(3.44999999991413,0.472083228692576,-2.8309599999978));
#13970=CARTESIAN_POINT('',(3.44999999991072,0.472083228691913,-2.5809600000104));
#13971=VECTOR('',#17406,1000.0);
#13972=CARTESIAN_POINT('',(3.49999999991458,0.4220832286917,-2.83095999999926));
#13973=CARTESIAN_POINT('',(3.49999999991672,0.4220832286917,-2.830959999997));
#13974=VECTOR('',#17407,1000.0);
#13975=CARTESIAN_POINT('',(3.49999999991093,0.4220832286917,-2.5809600000101));
#13976=VECTOR('',#17408,1000.0);
#13977=COLOUR_RGB('',0.705882370471954,0.705882370471954,0.713725507259369);
#13978=CARTESIAN_POINT('',(3.49996511511308,-0.0779165080132297,-3.33096));
#13979=AXIS2_PLACEMENT_3D('',#17409,#17410,#17411);
#13980=CARTESIAN_POINT('',(3.4499999999136,-0.0714467780297144,-3.38094097301756));
#13981=AXIS2_PLACEMENT_3D('',#17412,#17413,#17414);
#13982=CARTESIAN_POINT('',(3.44999038979411,-0.0714482925381248,-3.38093157199548));
#13983=CARTESIAN_POINT('',(3.47853830760767,-0.0760393208809556,-3.35243567698084));
#13984=CARTESIAN_POINT('',(3.49520119982155,-0.07786502135002,-3.33575880006685));
#13985=CARTESIAN_POINT('',(3.49997906643575,-0.0779165456065638,-3.330980933476));
#13986=COLOUR_RGB('',0.705882370471954,0.705882370471954,0.713725507259369);
#13987=CARTESIAN_POINT('',(3.37677669521488,-0.248223249465771,-3.38095999999946));
#13988=AXIS2_PLACEMENT_3D('',#17415,#17416,#17417);
#13989=CARTESIAN_POINT('',(3.41213203427347,-0.283578588524816,-3.33096000000028));
#13990=CARTESIAN_POINT('',(3.37677669521452,-0.24822324946616,-3.3809599999989));
#13991=VECTOR('',#17418,1000.0);
#13992=AXIS2_PLACEMENT_3D('',#17419,#17420,#17421);
#13993=COLOUR_RGB('',0.705882370471954,0.705882370471954,0.713725507259369);
#13994=CARTESIAN_POINT('',(2.77322324944759,-0.85177669523826,-3.38095999999918));
#13995=CARTESIAN_POINT('',(3.07499997233128,-0.54999997235198,-3.38096));
#13996=VECTOR('',#17422,1000.0);
#13997=CARTESIAN_POINT('',(2.80857858850676,-0.887132034297435,-3.3309599999996));
#13998=CARTESIAN_POINT('',(2.80857858850676,-0.88713203429743,-3.3309599999994));
#13999=VECTOR('',#17423,1000.0);
#14000=CARTESIAN_POINT('',(3.11035531139061,-0.58535531141101,-3.33096));
#14001=VECTOR('',#17424,1000.0);
#14002=COLOUR_RGB('',0.705882370471954,0.705882370471954,0.713725507259369);
#14003=CARTESIAN_POINT('',(2.5964465541513,-0.924999999942885,-3.38096));
#14004=AXIS2_PLACEMENT_3D('',#17425,#17426,#17427);
#14005=CARTESIAN_POINT('',(2.43061531463053,-0.924999999941325,-3.33096000000114));
#14006=CARTESIAN_POINT('',(2.59644655415124,-0.92499999994237,-3.38096));
#14007=CARTESIAN_POINT('',(2.5818259724384,-0.92499999994244,-3.38096));
#14008=CARTESIAN_POINT('',(2.56716459277262,-0.92499999994233,-3.3796537728316));
#14009=CARTESIAN_POINT('',(2.53825611554684,-0.92499999994245,-3.3746724715934));
#14010=CARTESIAN_POINT('',(2.5241062995759,-0.92499999994227,-3.3710315247408));
#14011=CARTESIAN_POINT('',(2.49647923515483,-0.92499999994239,-3.3620313116501));
#14012=CARTESIAN_POINT('',(2.48292037685576,-0.92499999994286,-3.3566466311905));
#14013=CARTESIAN_POINT('',(2.45635097516517,-0.92499999994297,-3.3446273171365));
#14014=CARTESIAN_POINT('',(2.44333654348892,-0.92499999994303,-3.3379919238326));
#14015=CARTESIAN_POINT('',(2.43061531463319,-0.92499999994308,-3.3309600000017));
#14016=AXIS2_PLACEMENT_3D('',#17428,#17429,#17430);
#14017=COLOUR_RGB('',0.705882370471954,0.705882370471954,0.713725507259369);
#14018=CARTESIAN_POINT('',(3.64999999999468,-1.32499999998979,-2.13096));
#14019=CARTESIAN_POINT('',(3.64999999998506,0.925,-2.13096));
#14020=VECTOR('',#17431,1000.0);
#14021=CARTESIAN_POINT('',(3.24999999994105,-0.924999999939585,-2.13096));
#14022=AXIS2_PLACEMENT_3D('',#17432,#17433,#17434);
#14023=CARTESIAN_POINT('',(2.39999999993447,-0.92499999994322,-2.13096));
#14024=CARTESIAN_POINT('',(0.0,-0.92499999995348,-2.13096));
#14025=VECTOR('',#17435,1000.0);
#14026=CARTESIAN_POINT('',(2.39999999993447,-1.225,-2.13096));
#14027=CARTESIAN_POINT('',(2.39999999993447,0.925,-2.13096));
#14028=VECTOR('',#17436,1000.0);
#14029=CARTESIAN_POINT('',(3.24999999993356,-1.225,-2.13096));
#14030=CARTESIAN_POINT('',(0.0,-1.225,-2.13096));
#14031=VECTOR('',#17437,1000.0);
#14032=CARTESIAN_POINT('',(3.34999999993356,-1.325,-2.13096));
#14033=AXIS2_PLACEMENT_3D('',#17438,#17439,#17440);
#14034=CARTESIAN_POINT('',(3.34999999993356,0.925,-2.13096));
#14035=VECTOR('',#17441,1000.0);
#14036=COLOUR_RGB('',0.705882370471954,0.705882370471954,0.713725507259369);
#14037=CARTESIAN_POINT('',(-3.6500000000602,-1.32499999998979,-3.03096));
#14038=CARTESIAN_POINT('',(-3.6500000000602,-1.32499999998979,-2.13096));
#14039=CARTESIAN_POINT('',(-3.6500000000602,-1.32499999998979,-3.93096));
#14040=VECTOR('',#17442,1000.0);
#14041=CARTESIAN_POINT('',(-3.65000000006149,-1.62499981424611,-3.03096));
#14042=CARTESIAN_POINT('',(-3.65000000005058,0.925,-3.03096));
#14043=VECTOR('',#17443,1000.0);
#14044=CARTESIAN_POINT('',(-3.65000000006205,-1.82499981424611,-2.83096));
#14045=AXIS2_PLACEMENT_3D('',#17444,#17445,#17446);
#14046=CARTESIAN_POINT('',(-3.65000000006205,-1.82499981424611,-2.33096));
#14047=CARTESIAN_POINT('',(-3.65000000006234,-1.82499981424611,-3.93096));
#14048=VECTOR('',#17447,1000.0);
#14049=CARTESIAN_POINT('',(-3.65000000006149,-1.62499981424611,-2.13096));
#14050=AXIS2_PLACEMENT_3D('',#17448,#17449,#17450);
#14051=CARTESIAN_POINT('',(-3.65000000005058,0.925,-2.13096));
#14052=VECTOR('',#17451,1000.0);
#14053=COLOUR_RGB('',0.705882370471954,0.705882370471954,0.713725507259369);
#14054=CARTESIAN_POINT('',(-3.34999999999908,-1.62499981424611,-2.13096));
#14055=CARTESIAN_POINT('',(-3.34999999999908,0.925,-2.13096));
#14056=VECTOR('',#17452,1000.0);
#14057=CARTESIAN_POINT('',(-3.34999999999908,-1.82499981424611,-2.33096));
#14058=AXIS2_PLACEMENT_3D('',#17453,#17454,#17455);
#14059=CARTESIAN_POINT('',(-3.34999999999908,-1.82499981424611,-2.83096));
#14060=CARTESIAN_POINT('',(-3.34999999999908,-1.82499981424611,-3.93096));
#14061=VECTOR('',#17456,1000.0);
#14062=CARTESIAN_POINT('',(-3.34999999999908,-1.62499981424611,-3.03096));
#14063=AXIS2_PLACEMENT_3D('',#17457,#17458,#17459);
#14064=CARTESIAN_POINT('',(-3.34999999999908,0.925,-3.03096));
#14065=VECTOR('',#17460,1000.0);
#14066=COLOUR_RGB('',0.705882370471954,0.705882370471954,0.713725507259369);
#14067=CARTESIAN_POINT('',(3.64999999999597,-1.62499981424611,-3.03096));
#14068=CARTESIAN_POINT('',(3.34999999993356,-1.62499981424611,-3.03096));
#14069=CARTESIAN_POINT('',(0.0,-1.62499981424611,-3.03096));
#14070=VECTOR('',#17461,1000.0);
#14071=CARTESIAN_POINT('',(3.64999999999653,-1.82499981424611,-2.83096));
#14072=AXIS2_PLACEMENT_3D('',#17462,#17463,#17464);
#14073=CARTESIAN_POINT('',(3.34999999993356,-1.82499981424611,-2.83096));
#14074=CARTESIAN_POINT('',(0.0,-1.82499981424611,-2.83096));
#14075=VECTOR('',#17465,1000.0);
#14076=AXIS2_PLACEMENT_3D('',#17466,#17467,#17468);
#14077=COLOUR_RGB('',0.705882370471954,0.705882370471954,0.713725507259369);
#14078=CARTESIAN_POINT('',(3.24999999994105,-0.924999999939585,-3.03096));
#14079=CARTESIAN_POINT('',(3.24999999994105,-0.92499999993958,-3.93096));
#14080=VECTOR('',#17469,1000.0);
#14081=CARTESIAN_POINT('',(3.64999999999468,-1.32499999998979,-3.03096));
#14082=CARTESIAN_POINT('',(3.64999999999468,-1.32499999998979,-3.93096));
#14083=VECTOR('',#17470,1000.0);
#14084=AXIS2_PLACEMENT_3D('',#17471,#17472,#17473);
#14085=COLOUR_RGB('',0.705882370471954,0.705882370471954,0.713725507259369);
#14086=CARTESIAN_POINT('',(0.0,-1.62499981424611,-2.13096));
#14087=VECTOR('',#17474,1000.0);
#14088=CARTESIAN_POINT('',(0.0,-1.82499981424611,-2.33096));
#14089=VECTOR('',#17475,1000.0);
#14090=COLOUR_RGB('',0.705882370471954,0.705882370471954,0.713725507259369);
#14091=CARTESIAN_POINT('',(0.0,-1.62499981424611,-3.03096));
#14092=VECTOR('',#17476,1000.0);
#14093=CARTESIAN_POINT('',(0.0,-1.82499981424611,-2.83096));
#14094=VECTOR('',#17477,1000.0);
#14095=COLOUR_RGB('',0.705882370471954,0.705882370471954,0.713725507259369);
#14096=CARTESIAN_POINT('',(-3.74999999999711,0.422083228722694,-2.8309599999758));
#14097=CARTESIAN_POINT('',(2.13756504088132E-12,0.422083228706662,-2.8309599999985));
#14098=VECTOR('',#17478,1000.0);
#14099=CARTESIAN_POINT('',(-3.75000000000224,-0.0714465541671735,-3.3309181345136));
#14100=AXIS2_PLACEMENT_3D('',#17479,#17480,#17481);
#14101=CARTESIAN_POINT('',(-3.74996194623582,-0.0779164591310716,-3.3309599999758));
#14102=AXIS2_PLACEMENT_3D('',#17482,#17483,#17484);
#14103=CARTESIAN_POINT('',(-3.02494140847398E-12,-0.0779167712933395,-3.3309599999985));
#14104=VECTOR('',#17485,1000.0);
#14105=COLOUR_RGB('',0.705882370471954,0.705882370471954,0.713725507259369);
#14106=CARTESIAN_POINT('',(-3.74996194070081,-0.0779167712748095,-1.8309599999773));
#14107=CARTESIAN_POINT('',(3.02494140847398E-12,-0.0779167712933396,-1.83096));
#14108=VECTOR('',#17486,1000.0);
#14109=CARTESIAN_POINT('',(-3.74999999999317,-0.0714468603023347,-1.83100185958598));
#14110=AXIS2_PLACEMENT_3D('',#17487,#17488,#17489);
#14111=CARTESIAN_POINT('',(-3.74999999999408,0.422083228722693,-2.3309599999773));
#14112=AXIS2_PLACEMENT_3D('',#17490,#17491,#17492);
#14113=CARTESIAN_POINT('',(2.13756504088132E-12,0.422083228706662,-2.33096));
#14114=VECTOR('',#17493,1000.0);
#14115=COLOUR_RGB('',0.705882370471954,0.705882370471954,0.713725507259369);
#14116=CARTESIAN_POINT('',(-3.75000000000376,0.422083228722694,-3.93096));
#14117=VECTOR('',#17494,1000.0);
#14118=COLOUR_RGB('',0.705882370471954,0.705882370471954,0.713725507259369);
#14119=CARTESIAN_POINT('',(2.98535528388736,-1.06390872960737,-3.33096));
#14120=CARTESIAN_POINT('',(3.58890872966022,-0.460355283839678,-3.33096000000594));
#14121=CARTESIAN_POINT('',(0.0,-4.0492640134692,-3.33096));
#14122=VECTOR('',#17495,1000.0);
#14123=CARTESIAN_POINT('',(3.74996194624868,-0.0779164591339077,-3.33096));
#14124=AXIS2_PLACEMENT_3D('',#17496,#17497,#17498);
#14125=CARTESIAN_POINT('',(0.0,-0.0779167712933395,-3.33096));
#14126=VECTOR('',#17499,1000.0);
#14127=CARTESIAN_POINT('',(2.39999999993447,-0.924999999943215,-3.33096));
#14128=CARTESIAN_POINT('',(0.0,-0.92499999995348,-3.33096));
#14129=VECTOR('',#17500,1000.0);
#14130=CARTESIAN_POINT('',(2.39999999993447,-1.225,-3.33096));
#14131=CARTESIAN_POINT('',(2.39999999993447,0.925,-3.33096));
#14132=VECTOR('',#17501,1000.0);
#14133=CARTESIAN_POINT('',(2.5964465542221,-1.22499999998623,-3.33096));
#14134=CARTESIAN_POINT('',(0.0,-1.225,-3.33096));
#14135=VECTOR('',#17502,1000.0);
#14136=AXIS2_PLACEMENT_3D('',#17503,#17504,#17505);
#14137=COLOUR_RGB('',0.705882370471954,0.705882370471954,0.713725507259369);
#14138=CARTESIAN_POINT('',(-3.5889087296509,-0.460355283834,-3.33095793552358));
#14139=AXIS2_PLACEMENT_3D('',#17506,#17507,#17508);
#14140=CARTESIAN_POINT('',(-2.98535528388321,-1.06390872960685,-3.33095999999766));
#14141=CARTESIAN_POINT('',(-4.97426401347305,0.925,-3.3309599999684));
#14142=VECTOR('',#17509,1000.0);
#14143=CARTESIAN_POINT('',(-2.59644655421776,-1.22499999997434,-3.33095999999426));
#14144=AXIS2_PLACEMENT_3D('',#17510,#17511,#17512);
#14145=CARTESIAN_POINT('',(0.0,-1.225,-3.3309599999985));
#14146=VECTOR('',#17513,1000.0);
#14147=CARTESIAN_POINT('',(0.0,-0.92499999995348,-3.3309599999985));
#14148=VECTOR('',#17514,1000.0);
#14149=COLOUR_RGB('',0.705882370471954,0.705882370471954,0.713725507259369);
#14150=CARTESIAN_POINT('',(3.74996194624763,-0.0779164592297738,-1.8309600000216));
#14151=CARTESIAN_POINT('',(3.02494140847398E-12,-0.0779167712933396,-1.83096));
#14152=VECTOR('',#17515,1000.0);
#14153=CARTESIAN_POINT('',(3.58890872966022,-0.46035528383968,-1.83096000002056));
#14154=AXIS2_PLACEMENT_3D('',#17516,#17517,#17518);
#14155=CARTESIAN_POINT('',(2.98535528388736,-1.06390872960736,-1.8309600000165));
#14156=CARTESIAN_POINT('',(0.0,-4.0492640134692,-1.83096));
#14157=VECTOR('',#17519,1000.0);
#14158=CARTESIAN_POINT('',(2.5964465542221,-1.22499999997247,-1.8309600000157));
#14159=AXIS2_PLACEMENT_3D('',#17520,#17521,#17522);
#14160=CARTESIAN_POINT('',(2.39999999993541,-1.225,-1.8309600000145));
#14161=CARTESIAN_POINT('',(0.0,-1.225,-1.83096));
#14162=VECTOR('',#17523,1000.0);
#14163=CARTESIAN_POINT('',(2.3999999999354,-0.92499999994354,-1.8309600000145));
#14164=CARTESIAN_POINT('',(2.39999999993538,0.925,-1.8309600000145));
#14165=VECTOR('',#17524,1000.0);
#14166=CARTESIAN_POINT('',(2.43061531462507,-0.924999999943085,-1.8309600000167));
#14167=CARTESIAN_POINT('',(0.0,-0.92499999995348,-1.83096));
#14168=VECTOR('',#17525,1000.0);
#14169=AXIS2_PLACEMENT_3D('',#17526,#17527,#17528);
#14170=COLOUR_RGB('',0.705882370471954,0.705882370471954,0.713725507259369);
#14171=CARTESIAN_POINT('',(-2.025,1.22500000002245,-1.78096));
#14172=CARTESIAN_POINT('',(-2.025,0.925,-1.78096));
#14173=VECTOR('',#17529,1000.0);
#14174=CARTESIAN_POINT('',(-2.025,1.22500000002281,-2.78096));
#14175=CARTESIAN_POINT('',(-2.025,1.22500000002266,-3.93096));
#14176=VECTOR('',#17530,1000.0);
#14177=CARTESIAN_POINT('',(-2.025,0.925,-2.78096));
#14178=VECTOR('',#17531,1000.0);
#14179=COLOUR_RGB('',0.705882370471954,0.705882370471954,0.713725507259369);
#14180=CARTESIAN_POINT('',(-2.8249999999663,1.22500000002608,-1.6809599999829));
#14181=CARTESIAN_POINT('',(-2.82499999996886,0.925000000024156,-1.6809599999829));
#14182=VECTOR('',#17532,1000.0);
#14183=CARTESIAN_POINT('',(-2.8749999999663,1.2250000000263,-1.6809599999826));
#14184=CARTESIAN_POINT('',(0.0,1.22500000001401,-1.68096));
#14185=VECTOR('',#17533,1000.0);
#14186=CARTESIAN_POINT('',(-2.87499999996886,0.925000000024583,-1.6809599999826));
#14187=VECTOR('',#17534,1000.0);
#14188=COLOUR_RGB('',0.705882370471954,0.705882370471954,0.713725507259369);
#14189=CARTESIAN_POINT('',(-2.98535528387414,-1.06390872960685,-1.83095999998192));
#14190=CARTESIAN_POINT('',(-3.58890872964183,-0.460355283834,-1.83096206443146));
#14191=CARTESIAN_POINT('',(-4.97426401346398,0.925,-1.8309599999699));
#14192=VECTOR('',#17535,1000.0);
#14193=CARTESIAN_POINT('',(-2.98535528386567,-1.06390872960685,-0.430959999981921));
#14194=CARTESIAN_POINT('',(-2.98535528388684,-1.06390872960685,-3.9309599999819));
#14195=VECTOR('',#17536,1000.0);
#14196=CARTESIAN_POINT('',(-3.58890872963336,-0.460355283834,-0.430959999978261));
#14197=CARTESIAN_POINT('',(-4.97426401345551,0.925,-0.430959999969901));
#14198=VECTOR('',#17537,1000.0);
#14199=CARTESIAN_POINT('',(-3.58890872965453,-0.460355283834,-3.9309599999783));
#14200=VECTOR('',#17538,1000.0);
#14201=COLOUR_RGB('',0.705882370471954,0.705882370471954,0.713725507259369);
#14202=CARTESIAN_POINT('',(-2.72499999997295,1.22500000002594,-2.7809599999835));
#14203=CARTESIAN_POINT('',(-2.72499999997551,0.925000000023301,-2.7809599999835));
#14204=VECTOR('',#17539,1000.0);
#14205=CARTESIAN_POINT('',(-2.72499999996689,1.22500000002537,-1.7809599999835));
#14206=CARTESIAN_POINT('',(-2.7249999999799,1.22500000002566,-3.93096));
#14207=VECTOR('',#17540,1000.0);
#14208=CARTESIAN_POINT('',(-2.72499999996946,0.925000000023301,-1.7809599999835));
#14209=VECTOR('',#17541,1000.0);
#14210=COLOUR_RGB('',0.705882370471954,0.705882370471954,0.713725507259369);
#14211=CARTESIAN_POINT('',(-2.125,1.22500000002309,-2.88096));
#14212=AXIS2_PLACEMENT_3D('',#17542,#17543,#17544);
#14213=CARTESIAN_POINT('',(-2.125,0.925,-2.88096));
#14214=VECTOR('',#17545,1000.0);
#14215=COLOUR_RGB('',0.705882370471954,0.705882370471954,0.713725507259369);
#14216=CARTESIAN_POINT('',(-2.62499999997295,1.22500000002523,-2.88095999999208));
#14217=CARTESIAN_POINT('',(-2.62499999997295,1.22500000002523,-2.8809599999921));
#14218=VECTOR('',#17546,1000.0);
#14219=CARTESIAN_POINT('',(0.0,1.22500000001401,-2.88096));
#14220=VECTOR('',#17547,1000.0);
#14221=COLOUR_RGB('',0.705882370471954,0.705882370471954,0.713725507259369);
#14222=AXIS2_PLACEMENT_3D('',#17548,#17549,#17550);
#14223=COLOUR_RGB('',0.705882370471954,0.705882370471954,0.713725507259369);
#14224=AXIS2_PLACEMENT_3D('',#17551,#17552,#17553);
#14225=COLOUR_RGB('',0.705882370471954,0.705882370471954,0.713725507259369);
#14226=CARTESIAN_POINT('',(-2.97499999996568,1.22500000002701,-1.580959999982));
#14227=AXIS2_PLACEMENT_3D('',#17554,#17555,#17556);
#14228=CARTESIAN_POINT('',(-2.97499999996825,0.925000000025438,-1.580959999982));
#14229=VECTOR('',#17557,1000.0);
#14230=COLOUR_RGB('',0.705882370471954,0.705882370471954,0.713725507259369);
#14231=CARTESIAN_POINT('',(-1.925,1.22500000002224,-1.68096));
#14232=AXIS2_PLACEMENT_3D('',#17558,#17559,#17560);
#14233=CARTESIAN_POINT('',(-1.925,0.925,-1.68096));
#14234=VECTOR('',#17561,1000.0);
#14235=COLOUR_RGB('',0.705882370471954,0.705882370471954,0.713725507259369);
#14236=CARTESIAN_POINT('',(-3.74999999998151,0.675000000010901,-0.430959999977299));
#14237=CARTESIAN_POINT('',(-3.75000000000994,0.675000000010901,-5.13096000000044));
#14238=CARTESIAN_POINT('',(-3.75000000000268,0.675000000010901,-3.9309599999773));
#14239=VECTOR('',#17562,1000.0);
#14240=CARTESIAN_POINT('',(-3.19999999995938,1.22500000002769,-0.4309599999805));
#14241=AXIS2_PLACEMENT_3D('',#17563,#17564,#17565);
#14242=CARTESIAN_POINT('',(-3.19999999998845,1.22500000002769,-5.13096000000034));
#14243=CARTESIAN_POINT('',(-3.19999999998119,1.22500000002769,-3.9309599999806));
#14244=VECTOR('',#17566,1000.0);
#14245=AXIS2_PLACEMENT_3D('',#17567,#17568,#17569);
#14246=COLOUR_RGB('',0.705882370471954,0.705882370471954,0.713725507259369);
#14247=CARTESIAN_POINT('',(-2.59644655422556,-0.92499999994238,-4.83096));
#14248=CARTESIAN_POINT('',(-2.59644655422011,-0.92499999994238,-3.9309599999843));
#14249=VECTOR('',#17570,1000.0);
#14250=AXIS2_PLACEMENT_3D('',#17571,#17572,#17573);
#14251=COLOUR_RGB('',0.705882370471954,0.705882370471954,0.713725507259369);
#14252=CARTESIAN_POINT('',(-2.4,-1.225,-2.13096));
#14253=CARTESIAN_POINT('',(0.0,-1.225,-2.13096));
#14254=VECTOR('',#17574,1000.0);
#14255=CARTESIAN_POINT('',(-2.4,-0.92499999994354,-2.13096));
#14256=CARTESIAN_POINT('',(-2.4,0.925,-2.13096));
#14257=VECTOR('',#17575,1000.0);
#14258=CARTESIAN_POINT('',(-3.25000000000657,-0.924999999939585,-2.13096));
#14259=CARTESIAN_POINT('',(0.0,-0.92499999995348,-2.13096));
#14260=VECTOR('',#17576,1000.0);
#14261=AXIS2_PLACEMENT_3D('',#17577,#17578,#17579);
#14262=COLOUR_RGB('',0.705882370471954,0.705882370471954,0.713725507259369);
#14263=CARTESIAN_POINT('',(-3.75000000001313,-0.0714465541671734,-5.13096000000048));
#14264=CARTESIAN_POINT('',(-3.75000000000587,-0.0714465541671735,-3.9309599999773));
#14265=VECTOR('',#17580,1000.0);
#14266=CARTESIAN_POINT('',(-3.58890872966179,-0.460355283833998,-5.13096000000131));
#14267=AXIS2_PLACEMENT_3D('',#17581,#17582,#17583);
#14268=CARTESIAN_POINT('',(-3.58890872965453,-0.460355283834,-3.9309599999783));
#14269=VECTOR('',#17584,1000.0);
#14270=COLOUR_RGB('',0.705882370471954,0.705882370471954,0.713725507259369);
#14271=CARTESIAN_POINT('',(3.37677669525995,-0.248223249435574,-0.4309599999395));
#14272=CARTESIAN_POINT('',(3.37677669529163,-0.24822324946927,-3.2260245592516));
#14273=VECTOR('',#17585,1000.0);
#14274=CARTESIAN_POINT('',(3.44999999993195,-0.071446554171524,-0.4309599999395));
#14275=AXIS2_PLACEMENT_3D('',#17586,#17587,#17588);
#14276=CARTESIAN_POINT('',(3.44999999999575,-0.0714465541729484,-3.9309599999395));
#14277=VECTOR('',#17589,1000.0);
#14278=COLOUR_RGB('',0.705882370471954,0.705882370471954,0.713725507259369);
#14279=CARTESIAN_POINT('',(3.20000000000052,1.22500000003872,-0.430959999950999));
#14280=CARTESIAN_POINT('',(3.20000000000129,1.22500000000866,-5.13096));
#14281=CARTESIAN_POINT('',(3.20000000000129,1.22500000002533,-0.4309599999395));
#14282=VECTOR('',#17590,1000.0);
#14283=CARTESIAN_POINT('',(3.74999999995001,0.675000000006979,-0.4309599999395));
#14284=AXIS2_PLACEMENT_3D('',#17591,#17592,#17593);
#14285=CARTESIAN_POINT('',(3.74999999996897,0.675000000006979,-5.13096));
#14286=CARTESIAN_POINT('',(3.75000000001807,0.675000000003843,-3.9309599999395));
#14287=VECTOR('',#17594,1000.0);
#14288=AXIS2_PLACEMENT_3D('',#17595,#17596,#17597);
#14289=COLOUR_RGB('',0.705882370471954,0.705882370471954,0.713725507259369);
#14290=CARTESIAN_POINT('',(-3.30606601720805,-0.743197996289245,-4.98096000000172));
#14291=CARTESIAN_POINT('',(-3.41213203438572,-0.63713197911085,-5.13096000000186));
#14292=AXIS2_PLACEMENT_3D('',#17598,#17599,#17600);
#14293=CARTESIAN_POINT('',(-3.20000000003022,-0.849264013467375,-4.83096));
#14294=AXIS2_PLACEMENT_3D('',#17601,#17602,#17603);
#14295=CARTESIAN_POINT('',(-2.98535528389228,-1.06390872960685,-4.83095999999843));
#14296=CARTESIAN_POINT('',(-4.97426401348212,0.925,-4.83096));
#14297=VECTOR('',#17604,1000.0);
#14298=CARTESIAN_POINT('',(-2.98535528388684,-1.06390872960685,-3.9309599999819));
#14299=VECTOR('',#17605,1000.0);
#14300=CARTESIAN_POINT('',(-4.97426401348394,0.925,-5.13096000000088));
#14301=VECTOR('',#17606,1000.0);
#14302=COLOUR_RGB('',0.705882370471954,0.705882370471954,0.713725507259369);
#14303=CARTESIAN_POINT('',(2.725,1.22500000000236,-1.00395999995466));
#14304=CARTESIAN_POINT('',(2.725,1.22500000000236,-1.32424280905412));
#14305=CARTESIAN_POINT('',(2.725,1.22500000000236,-3.93096));
#14306=VECTOR('',#17607,1000.0);
#14307=CARTESIAN_POINT('',(2.725,1.36744815471021,-1.3775019917202));
#14308=CARTESIAN_POINT('',(2.725,0.989679548604751,-1.2362600975072));
#14309=VECTOR('',#17608,1000.0);
#14310=CARTESIAN_POINT('',(2.725,1.45500000001662,-1.14333394442866));
#14311=CARTESIAN_POINT('',(2.725,1.72134570392608,-0.4309599999395));
#14312=VECTOR('',#17609,1000.0);
#14313=CARTESIAN_POINT('',(2.725,1.42567675961717,-1.07898996590326));
#14314=CARTESIAN_POINT('',(2.725,1.13035248977304,-0.4309599999395));
#14315=VECTOR('',#17610,1000.0);
#14316=CARTESIAN_POINT('',(2.725,0.989679548604751,-0.915977288384401));
#14317=VECTOR('',#17611,1000.0);
#14318=COLOUR_RGB('',0.705882370471954,0.705882370471954,0.713725507259369);
#14319=CARTESIAN_POINT('',(3.44999999991924,0.674999999982256,-4.13258171247831));
#14320=CARTESIAN_POINT('',(3.44999999993996,0.545,-4.11095999993996));
#14321=CARTESIAN_POINT('',(3.44999999993996,0.674999999978405,-4.1325817124963));
#14322=CARTESIAN_POINT('',(3.44999999993996,0.633032311966771,-4.11899728896827));
#14323=CARTESIAN_POINT('',(3.44999999993996,0.589876730387745,-4.11095999993996));
#14324=CARTESIAN_POINT('',(3.44999999993996,0.545,-4.11095999993996));
#14325=CARTESIAN_POINT('',(3.4499999999223,-0.0714465541663939,-4.1109599999223));
#14326=CARTESIAN_POINT('',(3.44999999993996,2.74425468354852,-4.11095999993996));
#14327=VECTOR('',#17612,1000.0);
#14328=CARTESIAN_POINT('',(3.44999999995199,-0.0714465541515456,-9.01938943139325));
#14329=VECTOR('',#17613,1000.0);
#14330=CARTESIAN_POINT('',(3.44999999995286,-0.00499999998339792,-0.4309599999395));
#14331=CARTESIAN_POINT('',(3.44999999989578,0.925,-0.4309599999395));
#14332=VECTOR('',#17614,1000.0);
#14333=CARTESIAN_POINT('',(3.44999999995286,0.645000000016635,-0.4309599999395));
#14334=CARTESIAN_POINT('',(3.45000000001497,4.42462163476068,-0.4309599999395));
#14335=VECTOR('',#17615,1000.0);
#14336=CARTESIAN_POINT('',(3.44999999989685,0.674999999982256,-0.430959999938501));
#14337=CARTESIAN_POINT('',(3.44999999989578,0.925,-0.4309599999395));
#14338=VECTOR('',#17616,1000.0);
#14339=CARTESIAN_POINT('',(3.44999999991802,0.674999999982256,-3.9309599999985));
#14340=VECTOR('',#17617,1000.0);
#14341=COLOUR_RGB('',0.705882370471954,0.705882370471954,0.713725507259369);
#14342=CARTESIAN_POINT('',(3.74999999996722,0.645000000015352,-0.4309599999602));
#14343=CARTESIAN_POINT('',(0.0,0.645000000031384,-0.4309599999395));
#14344=VECTOR('',#17618,1000.0);
#14345=CARTESIAN_POINT('',(3.74999999991491,0.925,-0.4309599999395));
#14346=VECTOR('',#17619,1000.0);
#14347=CARTESIAN_POINT('',(3.2,0.925,-0.4309599999395));
#14348=VECTOR('',#17620,1000.0);
#14349=AXIS2_PLACEMENT_3D('',#17621,#17622,#17623);
#14350=COLOUR_RGB('',0.705882370471954,0.705882370471954,0.713725507259369);
#14351=CARTESIAN_POINT('',(3.83885599884185,0.645000000014972,-0.359005830838599));
#14352=CARTESIAN_POINT('',(3.65005988152774,0.64500000001578,-0.125862042401001));
#14353=CARTESIAN_POINT('',(3.89712333610116,0.645000000014723,-0.4309599999395));
#14354=VECTOR('',#17624,1000.0);
#14355=CARTESIAN_POINT('',(-3.50879405648742,0.645000000046387,-6.30901552714915));
#14356=VECTOR('',#17625,1000.0);
#14357=CARTESIAN_POINT('',(3.56120388270389,0.645000000016159,-0.19781621150202));
#14358=AXIS2_PLACEMENT_3D('',#17626,#17627,#17628);
#14359=CARTESIAN_POINT('',(-3.50879405648742,0.645000000046387,-5.92298765737369));
#14360=VECTOR('',#17629,1000.0);
#14361=COLOUR_RGB('',0.705882370471954,0.705882370471954,0.713725507259369);
#14362=CARTESIAN_POINT('',(3.56120388270112,-0.00499999998387293,-0.19781621150202));
#14363=CARTESIAN_POINT('',(3.65005988152496,-0.00499999998423191,-0.125862042401001));
#14364=CARTESIAN_POINT('',(-3.5087940564902,-0.00499999995364622,-5.92298765737369));
#14365=VECTOR('',#17630,1000.0);
#14366=CARTESIAN_POINT('',(3.80548907381728,0.195000000015114,2.0358089007652E-06));
#14367=AXIS2_PLACEMENT_3D('',#17631,#17632,#17633);
#14368=CARTESIAN_POINT('',(3.80548907381869,0.445000000015115,2.0358085000747E-06));
#14369=CARTESIAN_POINT('',(3.80548907382068,0.989679548594858,2.03580890086253E-06));
#14370=VECTOR('',#17634,1000.0);
#14371=AXIS2_PLACEMENT_3D('',#17635,#17636,#17637);
#14372=CARTESIAN_POINT('',(3.5612038826993,-0.42499999998384,-0.197816211502001));
#14373=VECTOR('',#17638,1000.0);
#14374=COLOUR_RGB('',0.705882370471954,0.705882370471954,0.713725507259369);
#14375=CARTESIAN_POINT('',(-0.325,-1.225,-3.0129364047841));
#14376=CARTESIAN_POINT('',(-0.325,-1.175,-3.0129364047841));
#14377=CARTESIAN_POINT('',(-0.325,-1.225,-3.0129364047841));
#14378=VECTOR('',#17639,1000.0);
#14379=CARTESIAN_POINT('',(0.0814930134705888,-1.175,-3.0129364047841));
#14380=CARTESIAN_POINT('',(-0.325,-1.175,-3.0129364047841));
#14381=VECTOR('',#17640,1000.0);
#14382=CARTESIAN_POINT('',(0.0814930134705888,-1.225,-3.0129364047841));
#14383=CARTESIAN_POINT('',(0.0814930134705888,-1.225,-3.0129364047841));
#14384=VECTOR('',#17641,1000.0);
#14385=CARTESIAN_POINT('',(0.0,-1.225,-3.0129364047841));
#14386=VECTOR('',#17642,1000.0);
#14387=COLOUR_RGB('',0.705882370471954,0.705882370471954,0.713725507259369);
#14388=CARTESIAN_POINT('',(-1.78609989193631,-1.225,-4.03096));
#14389=CARTESIAN_POINT('',(-1.78609989193631,-0.924999999945985,-4.03096));
#14390=CARTESIAN_POINT('',(-1.78609989193631,-1.225,-4.03096));
#14391=VECTOR('',#17643,1000.0);
#14392=AXIS2_PLACEMENT_3D('',#17644,#17645,#17646);
#14393=AXIS2_PLACEMENT_3D('',#17647,#17648,#17649);
#14394=COLOUR_RGB('',0.705882370471954,0.705882370471954,0.713725507259369);
#14395=CARTESIAN_POINT('',(-1.78609989193631,-0.92499999994584,-4.63096));
#14396=CARTESIAN_POINT('',(-1.78609989193631,-1.225,-4.63096));
#14397=CARTESIAN_POINT('',(-1.78609989193631,0.925,-4.63096));
#14398=VECTOR('',#17650,1000.0);
#14399=CARTESIAN_POINT('',(-1.78609989193631,-0.92499999994584,-3.93096));
#14400=VECTOR('',#17651,1000.0);
#14401=CARTESIAN_POINT('',(-1.78609989193631,-1.225,-3.93096));
#14402=VECTOR('',#17652,1000.0);
#14403=COLOUR_RGB('',0.705882370471954,0.705882370471954,0.713725507259369);
#14404=CARTESIAN_POINT('',(-2.5,-0.924999999971395,-0.43095999998868));
#14405=CARTESIAN_POINT('',(-0.0249999999999977,-0.924999999984455,-0.43096));
#14406=CARTESIAN_POINT('',(0.0,-0.925,-0.43096));
#14407=VECTOR('',#17653,1000.0);
#14408=CARTESIAN_POINT('',(-2.5,-1.03620388268521,-0.1978162115628));
#14409=AXIS2_PLACEMENT_3D('',#17654,#17655,#17656);
#14410=CARTESIAN_POINT('',(-0.0249999999999977,-1.03620388268521,-0.1978162115628));
#14411=CARTESIAN_POINT('',(2.65,-1.03620388268521,-0.1978162115628));
#14412=VECTOR('',#17657,1000.0);
#14413=AXIS2_PLACEMENT_3D('',#17658,#17659,#17660);
#14414=COLOUR_RGB('',0.705882370471954,0.705882370471954,0.713725507259369);
#14415=CARTESIAN_POINT('',(-0.325,-1.225,-1.0309599999997));
#14416=CARTESIAN_POINT('',(-0.325,-1.175,-1.0309599999997));
#14417=CARTESIAN_POINT('',(-0.325,-1.225,-1.0309599999997));
#14418=VECTOR('',#17661,1000.0);
#14419=CARTESIAN_POINT('',(-0.325,-1.175,-0.6809599999997));
#14420=CARTESIAN_POINT('',(-0.325,-1.175,0.36904));
#14421=VECTOR('',#17662,1000.0);
#14422=CARTESIAN_POINT('',(-0.325,-1.225,-0.6809599999997));
#14423=CARTESIAN_POINT('',(-0.325,-1.225,-0.6809599999997));
#14424=VECTOR('',#17663,1000.0);
#14425=CARTESIAN_POINT('',(-0.325,-1.225,-3.93096));
#14426=VECTOR('',#17664,1000.0);
#14427=COLOUR_RGB('',0.705882370471954,0.705882370471954,0.713725507259369);
#14428=CARTESIAN_POINT('',(2.975,1.22500000000157,-1.5309599999395));
#14429=CARTESIAN_POINT('',(2.975,0.925000000025008,-1.5309599999395));
#14430=VECTOR('',#17665,1000.0);
#14431=CARTESIAN_POINT('',(2.975,1.22500000000157,-1.5809599999395));
#14432=CARTESIAN_POINT('',(2.975,1.22500000000129,-3.93096));
#14433=VECTOR('',#17666,1000.0);
#14434=CARTESIAN_POINT('',(2.975,0.925000000025008,-1.5809599999395));
#14435=VECTOR('',#17667,1000.0);
#14436=COLOUR_RGB('',0.705882370471954,0.705882370471954,0.713725507259369);
#14437=CARTESIAN_POINT('',(2.875,1.22500000000172,-1.4309599999395));
#14438=CARTESIAN_POINT('',(2.875,0.925000000025008,-1.4309599999395));
#14439=VECTOR('',#17668,1000.0);
#14440=AXIS2_PLACEMENT_3D('',#17669,#17670,#17671);
#14441=COLOUR_RGB('',0.705882370471954,0.705882370471954,0.713725507259369);
#14442=CARTESIAN_POINT('',(2.725,1.22500000000236,-1.4309599999395));
#14443=CARTESIAN_POINT('',(2.725,0.989679548604751,-1.4309599999395));
#14444=VECTOR('',#17672,1000.0);
#14445=CARTESIAN_POINT('',(0.0,1.22500000001401,-1.4309599999395));
#14446=VECTOR('',#17673,1000.0);
#14447=COLOUR_RGB('',0.705882370471954,0.705882370471954,0.713725507259369);
#14448=CARTESIAN_POINT('',(2.725,1.11993778563894,-1.28496165673424));
#14449=AXIS2_PLACEMENT_3D('',#17674,#17675,#17676);
#14450=CARTESIAN_POINT('',(2.725,0.989679548604751,-1.2362600975072));
#14451=VECTOR('',#17677,1000.0);
#14452=CARTESIAN_POINT('',(2.725,1.22500000000236,-3.93096));
#14453=VECTOR('',#17678,1000.0);
#14454=COLOUR_RGB('',0.705882370471954,0.705882370471954,0.713725507259369);
#14455=CARTESIAN_POINT('',(3.34999999993356,-1.325,-3.03096));
#14456=CARTESIAN_POINT('',(3.34999999993356,-1.325,-3.93096));
#14457=VECTOR('',#17679,1000.0);
#14458=CARTESIAN_POINT('',(3.34999999993356,0.925,-3.03096));
#14459=VECTOR('',#17680,1000.0);
#14460=CARTESIAN_POINT('',(3.34999999993356,-1.82499981424611,-3.93096));
#14461=VECTOR('',#17681,1000.0);
#14462=COLOUR_RGB('',0.705882370471954,0.705882370471954,0.713725507259369);
#14463=CARTESIAN_POINT('',(2.5,-1.12505988150917,-0.1258620424616));
#14464=CARTESIAN_POINT('',(2.5,-1.3138559988237,-0.35900583089906));
#14465=CARTESIAN_POINT('',(2.5,-1.37212333608326,-0.43096));
#14466=VECTOR('',#17682,1000.0);
#14467=CARTESIAN_POINT('',(2.3,-1.28048907380075,2.03574812107808E-06));
#14468=AXIS2_PLACEMENT_3D('',#17683,#17684,#17685);
#14469=CARTESIAN_POINT('',(2.3,-1.46928519111524,-0.233141752689281));
#14470=CARTESIAN_POINT('',(2.3,-1.52755252837488,-0.3050959217903));
#14471=VECTOR('',#17686,1000.0);
#14472=AXIS2_PLACEMENT_3D('',#17687,#17688,#17689);
#14473=COLOUR_RGB('',0.705882370471954,0.705882370471954,0.713725507259369);
#14474=CARTESIAN_POINT('',(3.2,1.31385599886704,-0.359005830861199));
#14475=CARTESIAN_POINT('',(3.2,1.12505988155387,-0.1258620424254));
#14476=CARTESIAN_POINT('',(3.2,1.37212333610827,-0.4309599999395));
#14477=VECTOR('',#17690,1000.0);
#14478=CARTESIAN_POINT('',(3.00000000002228,1.46928519108954,-0.233141752707301));
#14479=AXIS2_PLACEMENT_3D('',#17691,#17692,#17693);
#14480=CARTESIAN_POINT('',(3.0,1.28048907377629,2.03572849993448E-06));
#14481=CARTESIAN_POINT('',(3.0,1.52755252839988,-0.305095921729799));
#14482=VECTOR('',#17694,1000.0);
#14483=AXIS2_PLACEMENT_3D('',#17695,#17696,#17697);
#14484=COLOUR_RGB('',0.705882370471954,0.705882370471954,0.713725507259369);
#14485=CARTESIAN_POINT('',(3.74999999996722,-0.00499999998468086,-0.43095999995908));
#14486=CARTESIAN_POINT('',(0.0,-0.00499999996864789,-0.4309599999395));
#14487=VECTOR('',#17698,1000.0);
#14488=CARTESIAN_POINT('',(3.83885599883907,-0.00499999998503887,-0.359005830838599));
#14489=CARTESIAN_POINT('',(-3.5087940564902,-0.00499999995364608,-6.30901552714915));
#14490=VECTOR('',#17699,1000.0);
#14491=CARTESIAN_POINT('',(3.89712333609838,-0.00499999998527684,-0.4309599999395));
#14492=VECTOR('',#17700,1000.0);
#14493=AXIS2_PLACEMENT_3D('',#17701,#17702,#17703);
#14494=COLOUR_RGB('',0.705882370471954,0.705882370471954,0.713725507259369);
#14495=COLOUR_RGB('',0.705882370471954,0.705882370471954,0.713725507259369);
#14496=CARTESIAN_POINT('',(3.74999999991491,0.925,-0.430960000024199));
#14497=VECTOR('',#17704,1000.0);
#14498=CARTESIAN_POINT('',(3.99428519113239,0.445000000014308,-0.233141752628701));
#14499=AXIS2_PLACEMENT_3D('',#17705,#17706,#17707);
#14500=CARTESIAN_POINT('',(3.99428519113132,0.195000000014308,-0.233141752628701));
#14501=CARTESIAN_POINT('',(3.99428519113471,0.989679548594051,-0.233141752628701));
#14502=VECTOR('',#17708,1000.0);
#14503=AXIS2_PLACEMENT_3D('',#17709,#17710,#17711);
#14504=COLOUR_RGB('',0.705882370471954,0.705882370471954,0.713725507259369);
#14505=CARTESIAN_POINT('',(3.2,1.03620388271021,-0.197816211502299));
#14506=CARTESIAN_POINT('',(3.2,0.925,-0.2878673401904));
#14507=VECTOR('',#17712,1000.0);
#14508=AXIS2_PLACEMENT_3D('',#17713,#17714,#17715);
#14509=CARTESIAN_POINT('',(3.2,0.925,-0.6738952099554));
#14510=VECTOR('',#17716,1000.0);
#14511=COLOUR_RGB('',0.705882370471954,0.705882370471954,0.713725507259369);
#14512=CARTESIAN_POINT('',(4.05255252839105,0.195000000014058,-0.3050959217301));
#14513=VECTOR('',#17717,1000.0);
#14514=COLOUR_RGB('',0.705882370471954,0.705882370471954,0.713725507259369);
#14515=CARTESIAN_POINT('',(-3.37677669526295,-0.248223249465406,-0.43095999997956));
#14516=AXIS2_PLACEMENT_3D('',#17718,#17719,#17720);
#14517=CARTESIAN_POINT('',(-3.37677669528413,-0.24822324946541,-3.9309599999796));
#14518=VECTOR('',#17721,1000.0);
#14519=COLOUR_RGB('',0.705882370471954,0.705882370471954,0.713725507259369);
#14520=CARTESIAN_POINT('',(-3.09393398283765,-0.531065961920654,-4.98096000000129));
#14521=CARTESIAN_POINT('',(0.106066017177529,2.66893403806716,-4.98095999999838));
#14522=VECTOR('',#17722,1000.0);
#14523=CARTESIAN_POINT('',(-3.18930391792777,-0.435696047534078,-5.13008520850756));
#14524=CARTESIAN_POINT('',(4.34742282288415E-14,2.77500005524573,-5.13095999999774));
#14525=VECTOR('',#17723,1000.0);
#14526=AXIS2_PLACEMENT_3D('',#17724,#17725,#17726);
#14527=COLOUR_RGB('',0.705882370471954,0.705882370471954,0.713725507259369);
#14528=CARTESIAN_POINT('',(-2.77322324950344,-0.85177669523827,-1.78095999998324));
#14529=CARTESIAN_POINT('',(-4.54999994472649,0.925,-1.7809599999725));
#14530=VECTOR('',#17727,1000.0);
#14531=CARTESIAN_POINT('',(-2.77322324949526,-0.85177669523826,-0.43095999998322));
#14532=CARTESIAN_POINT('',(-4.54999994471832,0.925,-0.430959999972499));
#14533=VECTOR('',#17728,1000.0);
#14534=CARTESIAN_POINT('',(-2.77322324951643,-0.85177669523826,-3.9309599999832));
#14535=VECTOR('',#17729,1000.0);
#14536=COLOUR_RGB('',0.705882370471954,0.705882370471954,0.713725507259369);
#14537=CARTESIAN_POINT('',(0.0250000000000021,-1.175,-0.8721886759732));
#14538=CARTESIAN_POINT('',(0.0250000000000018,-0.924999999952945,-0.8721886759732));
#14539=CARTESIAN_POINT('',(0.0250000000000021,-1.225,-0.8721886759732));
#14540=VECTOR('',#17730,1000.0);
#14541=CARTESIAN_POINT('',(0.250000000000155,-0.924999999952625,-1.0020924865408));
#14542=AXIS2_PLACEMENT_3D('',#17731,#17732,#17733);
#14543=CARTESIAN_POINT('',(0.25000000000016,-1.175,-1.0020924865408));
#14544=CARTESIAN_POINT('',(0.250000000000156,-1.225,-1.0020924865408));
#14545=VECTOR('',#17734,1000.0);
#14546=AXIS2_PLACEMENT_3D('',#17735,#17736,#17737);
#14547=COLOUR_RGB('',0.705882370471954,0.705882370471954,0.713725507259369);
#14548=CARTESIAN_POINT('',(0.825,-1.175,-3.0453937567298));
#14549=CARTESIAN_POINT('',(0.825,-0.924999999950235,-3.0453937567298));
#14550=CARTESIAN_POINT('',(0.825,-1.225,-3.0453937567298));
#14551=VECTOR('',#17738,1000.0);
#14552=CARTESIAN_POINT('',(0.525000000000027,-0.924999999950945,-3.2185988374867));
#14553=AXIS2_PLACEMENT_3D('',#17739,#17740,#17741);
#14554=CARTESIAN_POINT('',(0.525000000000023,-1.175,-3.2185988374867));
#14555=CARTESIAN_POINT('',(0.525000000000023,-1.225,-3.2185988374867));
#14556=VECTOR('',#17742,1000.0);
#14557=AXIS2_PLACEMENT_3D('',#17743,#17744,#17745);
#14558=COLOUR_RGB('',0.705882370471954,0.705882370471954,0.713725507259369);
#14559=CARTESIAN_POINT('',(0.249999999999973,-0.92499999995257,-3.05982751345954));
#14560=CARTESIAN_POINT('',(0.0,-0.92499999995348,-2.9154899461622));
#14561=VECTOR('',#17746,1000.0);
#14562=CARTESIAN_POINT('',(0.249999999999986,-1.175,-3.0598275134595));
#14563=CARTESIAN_POINT('',(0.249999999999986,-1.225,-3.0598275134595));
#14564=VECTOR('',#17747,1000.0);
#14565=CARTESIAN_POINT('',(0.0,-1.175,-2.9154899461622));
#14566=VECTOR('',#17748,1000.0);
#14567=COLOUR_RGB('',0.705882370471954,0.705882370471954,0.713725507259369);
#14568=CARTESIAN_POINT('',(0.0250000000000018,-0.924999999952945,-3.1897313240272));
#14569=AXIS2_PLACEMENT_3D('',#17749,#17750,#17751);
#14570=CARTESIAN_POINT('',(0.0250000000000018,-1.175,-3.1897313240272));
#14571=CARTESIAN_POINT('',(0.0250000000000021,-1.225,-3.1897313240272));
#14572=VECTOR('',#17752,1000.0);
#14573=AXIS2_PLACEMENT_3D('',#17753,#17754,#17755);
#14574=COLOUR_RGB('',0.705882370471954,0.705882370471954,0.713725507259369);
#14575=CARTESIAN_POINT('',(3.24999999993356,-1.225,-3.03096));
#14576=CARTESIAN_POINT('',(3.24999999993356,-1.225,-3.93096));
#14577=VECTOR('',#17756,1000.0);
#14578=AXIS2_PLACEMENT_3D('',#17757,#17758,#17759);
#14579=CARTESIAN_POINT('',(2.5964465542221,-1.22499999998623,-0.4309599999395));
#14580=CARTESIAN_POINT('',(2.59644655422054,-1.22499999995871,-0.4309599999395));
#14581=VECTOR('',#17760,1000.0);
#14582=CARTESIAN_POINT('',(2.5,-1.22500000003732,-0.430959999954641));
#14583=CARTESIAN_POINT('',(0.0,-1.225,-0.4309599999395));
#14584=VECTOR('',#17761,1000.0);
#14585=CARTESIAN_POINT('',(0.0250000000000021,-1.225,-0.43096));
#14586=CARTESIAN_POINT('',(0.0,-1.225,-0.43096));
#14587=VECTOR('',#17762,1000.0);
#14588=CARTESIAN_POINT('',(0.0250000000000021,-1.225,-0.6809599999997));
#14589=CARTESIAN_POINT('',(0.0250000000000021,-1.225,-3.93096));
#14590=VECTOR('',#17763,1000.0);
#14591=CARTESIAN_POINT('',(1.4,-1.225,-0.6809599999997));
#14592=CARTESIAN_POINT('',(0.0,-1.225,-0.6809599999997));
#14593=VECTOR('',#17764,1000.0);
#14594=CARTESIAN_POINT('',(1.4,-1.225,-1.0309599999997));
#14595=CARTESIAN_POINT('',(1.4,-1.225,-3.93096));
#14596=VECTOR('',#17765,1000.0);
#14597=CARTESIAN_POINT('',(0.825,-1.225,-1.0309599999997));
#14598=CARTESIAN_POINT('',(0.0,-1.225,-1.0309599999997));
#14599=VECTOR('',#17766,1000.0);
#14600=CARTESIAN_POINT('',(0.825,-1.225,-3.0129364047841));
#14601=CARTESIAN_POINT('',(0.825,-1.225,-3.93096));
#14602=VECTOR('',#17767,1000.0);
#14603=CARTESIAN_POINT('',(1.4,-1.225,-3.0129364047841));
#14604=CARTESIAN_POINT('',(0.0,-1.225,-3.0129364047841));
#14605=VECTOR('',#17768,1000.0);
#14606=CARTESIAN_POINT('',(1.4,-1.225,-3.3629364047841));
#14607=CARTESIAN_POINT('',(1.4,-1.225,-3.93096));
#14608=VECTOR('',#17769,1000.0);
#14609=CARTESIAN_POINT('',(0.0250000000000021,-1.225,-3.3629364047841));
#14610=CARTESIAN_POINT('',(0.0,-1.225,-3.3629364047841));
#14611=VECTOR('',#17770,1000.0);
#14612=CARTESIAN_POINT('',(0.0250000000000022,-1.225,-3.88096));
#14613=CARTESIAN_POINT('',(0.0250000000000021,-1.225,-3.93096));
#14614=VECTOR('',#17771,1000.0);
#14615=CARTESIAN_POINT('',(0.0750000000000028,-1.225,-3.93096));
#14616=CARTESIAN_POINT('',(0.0750000000000031,-1.225,-3.93096));
#14617=VECTOR('',#17772,1000.0);
#14618=CARTESIAN_POINT('',(1.68609989194661,-1.225,-3.93096));
#14619=CARTESIAN_POINT('',(0.0,-1.225,-3.93096));
#14620=VECTOR('',#17773,1000.0);
#14621=CARTESIAN_POINT('',(1.78609989194661,-1.225,-4.03096));
#14622=AXIS2_PLACEMENT_3D('',#17774,#17775,#17776);
#14623=CARTESIAN_POINT('',(1.78609989194661,-1.225,-4.6309599999395));
#14624=CARTESIAN_POINT('',(1.78609989194661,-1.225,-3.93096));
#14625=VECTOR('',#17777,1000.0);
#14626=CARTESIAN_POINT('',(1.98609989194661,-1.225,-4.8309599999395));
#14627=CARTESIAN_POINT('',(1.08609989200711,-1.225,-3.93096));
#14628=VECTOR('',#17778,1000.0);
#14629=CARTESIAN_POINT('',(2.5964465542221,-1.22499999998623,-4.8309599999395));
#14630=CARTESIAN_POINT('',(0.0,-1.225,-4.8309599999395));
#14631=VECTOR('',#17779,1000.0);
#14632=CARTESIAN_POINT('',(2.59644655422054,-1.22499999995871,-0.4309599999395));
#14633=VECTOR('',#17780,1000.0);
#14634=AXIS2_PLACEMENT_3D('',#17781,#17782,#17783);
#14635=CARTESIAN_POINT('',(0.0,-1.225,-3.03096));
#14636=VECTOR('',#17784,1000.0);
#14637=COLOUR_RGB('',0.705882370471954,0.705882370471954,0.713725507259369);
#14638=CARTESIAN_POINT('',(1.78609989194661,-0.92499999994584,-4.6309599999395));
#14639=CARTESIAN_POINT('',(1.78609989194661,0.925,-4.6309599999395));
#14640=VECTOR('',#17785,1000.0);
#14641=CARTESIAN_POINT('',(1.78609989194661,-0.924999999946125,-4.03096));
#14642=CARTESIAN_POINT('',(1.78609989194661,-1.225,-4.03096));
#14643=VECTOR('',#17786,1000.0);
#14644=CARTESIAN_POINT('',(1.78609989194661,-0.92499999994584,-3.93096));
#14645=VECTOR('',#17787,1000.0);
#14646=COLOUR_RGB('',0.705882370471954,0.705882370471954,0.713725507259369);
#14647=CARTESIAN_POINT('',(1.68609989194661,-0.92499999994627,-3.93096));
#14648=CARTESIAN_POINT('',(1.68609989194661,-1.225,-3.93096));
#14649=VECTOR('',#17788,1000.0);
#14650=AXIS2_PLACEMENT_3D('',#17789,#17790,#17791);
#14651=COLOUR_RGB('',0.705882370471954,0.705882370471954,0.713725507259369);
#14652=CARTESIAN_POINT('',(0.0750000000000022,-1.175,-3.93096));
#14653=CARTESIAN_POINT('',(1.58500000000515,-1.175,-3.93096));
#14654=CARTESIAN_POINT('',(5.15143483426073E-12,-1.175,-3.93096));
#14655=VECTOR('',#17792,1000.0);
#14656=CARTESIAN_POINT('',(1.58500000000515,-0.92499999992434,-3.93096));
#14657=CARTESIAN_POINT('',(1.58500000000515,-0.50459165091185,-3.93096));
#14658=VECTOR('',#17793,1000.0);
#14659=CARTESIAN_POINT('',(0.0,-0.92499999995348,-3.93096));
#14660=VECTOR('',#17794,1000.0);
#14661=CARTESIAN_POINT('',(0.0750000000000022,0.925,-3.93096));
#14662=VECTOR('',#17795,1000.0);
#14663=COLOUR_RGB('',0.705882370471954,0.705882370471954,0.713725507259369);
#14664=CARTESIAN_POINT('',(-0.0249999999999977,-1.175,-0.6809599999997));
#14665=CARTESIAN_POINT('',(1.4,-1.175,-0.6809599999997));
#14666=VECTOR('',#17796,1000.0);
#14667=CARTESIAN_POINT('',(-0.0249999999999977,-1.225,-0.6809599999997));
#14668=CARTESIAN_POINT('',(-0.0249999999999977,0.925,-0.6809599999997));
#14669=VECTOR('',#17797,1000.0);
#14670=CARTESIAN_POINT('',(0.0,-1.225,-0.6809599999997));
#14671=VECTOR('',#17798,1000.0);
#14672=COLOUR_RGB('',0.705882370471954,0.705882370471954,0.713725507259369);
#14673=CARTESIAN_POINT('',(0.268506986529416,-1.225,-3.0129364047841));
#14674=CARTESIAN_POINT('',(0.268506986529416,-1.175,-3.0129364047841));
#14675=CARTESIAN_POINT('',(0.268506986529416,-1.225,-3.0129364047841));
#14676=VECTOR('',#17799,1000.0);
#14677=CARTESIAN_POINT('',(0.775,-1.175,-3.0129364047841));
#14678=CARTESIAN_POINT('',(-0.325,-1.175,-3.0129364047841));
#14679=VECTOR('',#17800,1000.0);
#14680=CARTESIAN_POINT('',(0.775,-1.225,-3.0129364047841));
#14681=CARTESIAN_POINT('',(0.775,0.925,-3.0129364047841));
#14682=VECTOR('',#17801,1000.0);
#14683=CARTESIAN_POINT('',(0.0,-1.225,-3.0129364047841));
#14684=VECTOR('',#17802,1000.0);
#14685=COLOUR_RGB('',0.705882370471954,0.705882370471954,0.713725507259369);
#14686=CARTESIAN_POINT('',(0.0250000000000023,-0.924999999953365,-3.88096));
#14687=CARTESIAN_POINT('',(0.0250000000000021,0.925,-3.88096));
#14688=VECTOR('',#17803,1000.0);
#14689=CARTESIAN_POINT('',(0.0250000000000021,-1.175,-3.3629364047841));
#14690=CARTESIAN_POINT('',(0.0250000000000021,0.925,-3.3629364047841));
#14691=VECTOR('',#17804,1000.0);
#14692=CARTESIAN_POINT('',(0.0250000000000021,-1.175,-3.93096));
#14693=VECTOR('',#17805,1000.0);
#14694=CARTESIAN_POINT('',(0.0250000000000021,-0.92499999995337,-3.93096));
#14695=VECTOR('',#17806,1000.0);
#14696=COLOUR_RGB('',0.705882370471954,0.705882370471954,0.713725507259369);
#14697=CARTESIAN_POINT('',(1.4,-1.175,-3.3629364047841));
#14698=CARTESIAN_POINT('',(1.4,-1.225,-3.3629364047841));
#14699=VECTOR('',#17807,1000.0);
#14700=CARTESIAN_POINT('',(1.4,-1.175,-3.3629364047841));
#14701=VECTOR('',#17808,1000.0);
#14702=COLOUR_RGB('',0.705882370471954,0.705882370471954,0.713725507259369);
#14703=CARTESIAN_POINT('',(1.4,-1.175,-3.0129364047841));
#14704=CARTESIAN_POINT('',(1.4,-1.225,-3.0129364047841));
#14705=VECTOR('',#17809,1000.0);
#14706=CARTESIAN_POINT('',(1.4,-1.175,-0.43096));
#14707=VECTOR('',#17810,1000.0);
#14708=COLOUR_RGB('',0.705882370471954,0.705882370471954,0.713725507259369);
#14709=CARTESIAN_POINT('',(0.825,-1.175,-3.0129364047841));
#14710=CARTESIAN_POINT('',(0.825,0.925,-3.0129364047841));
#14711=VECTOR('',#17811,1000.0);
#14712=CARTESIAN_POINT('',(-0.325,-1.175,-3.0129364047841));
#14713=VECTOR('',#17812,1000.0);
#14714=COLOUR_RGB('',0.705882370471954,0.705882370471954,0.713725507259369);
#14715=CARTESIAN_POINT('',(0.825,-1.175,-3.93096));
#14716=VECTOR('',#17813,1000.0);
#14717=COLOUR_RGB('',0.705882370471954,0.705882370471954,0.713725507259369);
#14718=CARTESIAN_POINT('',(0.825,-1.175,-1.0165262432702));
#14719=CARTESIAN_POINT('',(0.825,-0.924999999950235,-1.0165262432702));
#14720=CARTESIAN_POINT('',(0.825,-1.225,-1.0165262432702));
#14721=VECTOR('',#17814,1000.0);
#14722=CARTESIAN_POINT('',(0.825,-0.92499999994995,-3.93096));
#14723=VECTOR('',#17815,1000.0);
#14724=CARTESIAN_POINT('',(0.825,-1.175,-1.0309599999997));
#14725=CARTESIAN_POINT('',(0.825,0.925,-1.0309599999997));
#14726=VECTOR('',#17816,1000.0);
#14727=CARTESIAN_POINT('',(0.825,-1.175,-3.93096));
#14728=VECTOR('',#17817,1000.0);
#14729=COLOUR_RGB('',0.705882370471954,0.705882370471954,0.713725507259369);
#14730=CARTESIAN_POINT('',(1.4,-1.175,-1.0309599999997));
#14731=CARTESIAN_POINT('',(1.4,-1.225,-1.0309599999997));
#14732=VECTOR('',#17818,1000.0);
#14733=CARTESIAN_POINT('',(-0.325,-1.175,-1.0309599999997));
#14734=VECTOR('',#17819,1000.0);
#14735=COLOUR_RGB('',0.705882370471954,0.705882370471954,0.713725507259369);
#14736=CARTESIAN_POINT('',(1.4,-1.175,-0.6809599999997));
#14737=CARTESIAN_POINT('',(1.4,-1.225,-0.6809599999997));
#14738=VECTOR('',#17820,1000.0);
#14739=CARTESIAN_POINT('',(1.4,-1.175,-0.43096));
#14740=VECTOR('',#17821,1000.0);
#14741=COLOUR_RGB('',0.705882370471954,0.705882370471954,0.713725507259369);
#14742=CARTESIAN_POINT('',(0.0250000000000021,-1.175,-0.6809599999997));
#14743=CARTESIAN_POINT('',(0.0250000000000021,0.925,-0.6809599999997));
#14744=VECTOR('',#17822,1000.0);
#14745=CARTESIAN_POINT('',(1.4,-1.175,-0.6809599999997));
#14746=VECTOR('',#17823,1000.0);
#14747=COLOUR_RGB('',0.705882370471954,0.705882370471954,0.713725507259369);
#14748=CARTESIAN_POINT('',(0.0250000000000021,-1.175,-3.93096));
#14749=VECTOR('',#17824,1000.0);
#14750=CARTESIAN_POINT('',(0.524999999999793,-1.175,-0.843321162513401));
#14751=CARTESIAN_POINT('',(0.0,-1.175,-1.1464300538387));
#14752=VECTOR('',#17825,1000.0);
#14753=AXIS2_PLACEMENT_3D('',#17826,#17827,#17828);
#14754=COLOUR_RGB('',0.705882370471954,0.705882370471954,0.713725507259369);
#14755=CARTESIAN_POINT('',(0.0250000000000021,-0.924999999984455,-0.43096));
#14756=CARTESIAN_POINT('',(0.0250000000000021,-0.92499999995337,-3.93096));
#14757=VECTOR('',#17829,1000.0);
#14758=CARTESIAN_POINT('',(0.0250000000000018,-1.31385599882371,-0.359005830899081));
#14759=CARTESIAN_POINT('',(0.0250000000000021,0.989679548579743,-2.2243721370809));
#14760=VECTOR('',#17830,1000.0);
#14761=CARTESIAN_POINT('',(0.0250000000000018,-1.12505988150919,-0.12586204246164));
#14762=CARTESIAN_POINT('',(0.0250000000000021,-1.37212333608326,-0.43096));
#14763=VECTOR('',#17831,1000.0);
#14764=CARTESIAN_POINT('',(0.0250000000000021,-1.0362038826852,-0.1978162115628));
#14765=CARTESIAN_POINT('',(0.0250000000000021,0.989679548579743,-1.8383442673132));
#14766=VECTOR('',#17832,1000.0);
#14767=AXIS2_PLACEMENT_3D('',#17833,#17834,#17835);
#14768=COLOUR_RGB('',0.705882370471954,0.705882370471954,0.713725507259369);
#14769=CARTESIAN_POINT('',(0.524999999999794,-0.92499999995102,-0.84332116251342));
#14770=CARTESIAN_POINT('',(0.524999999999793,-1.225,-0.843321162513401));
#14771=VECTOR('',#17836,1000.0);
#14772=AXIS2_PLACEMENT_3D('',#17837,#17838,#17839);
#14773=COLOUR_RGB('',0.705882370471954,0.705882370471954,0.713725507259369);
#14774=CARTESIAN_POINT('',(0.0,-0.92499999995348,-1.1464300538387));
#14775=VECTOR('',#17840,1000.0);
#14776=COLOUR_RGB('',0.705882370471954,0.705882370471954,0.713725507259369);
#14777=CARTESIAN_POINT('',(2.59644655416004,-0.92499999994238,-4.8309599999395));
#14778=CARTESIAN_POINT('',(2.77322324945636,-0.85177669523826,-4.83095999993879));
#14779=AXIS2_PLACEMENT_3D('',#17841,#17842,#17843);
#14780=CARTESIAN_POINT('',(2.86644658175364,-0.758553362940183,-4.8309599999395));
#14781=CARTESIAN_POINT('',(4.54999994467942,0.925,-4.8309599999395));
#14782=VECTOR('',#17844,1000.0);
#14783=CARTESIAN_POINT('',(2.98786796562578,-0.63713197906746,-4.8309599999395));
#14784=CARTESIAN_POINT('',(4.54999994467942,0.925,-4.8309599999395));
#14785=VECTOR('',#17845,1000.0);
#14786=CARTESIAN_POINT('',(3.20000000002653,-0.849264013470035,-4.8309599999395));
#14787=CARTESIAN_POINT('',(1.42573598657167,0.925,-4.8309599999395));
#14788=VECTOR('',#17846,1000.0);
#14789=CARTESIAN_POINT('',(2.98535528388736,-1.06390872960736,-4.8309599999395));
#14790=CARTESIAN_POINT('',(0.0,-4.0492640134692,-4.8309599999395));
#14791=VECTOR('',#17847,1000.0);
#14792=AXIS2_PLACEMENT_3D('',#17848,#17849,#17850);
#14793=CARTESIAN_POINT('',(1.98609989194661,-0.924999999944985,-4.8309599999395));
#14794=CARTESIAN_POINT('',(1.98609989194661,0.925,-4.8309599999395));
#14795=VECTOR('',#17851,1000.0);
#14796=CARTESIAN_POINT('',(0.0,-0.92499999995348,-4.8309599999395));
#14797=VECTOR('',#17852,1000.0);
#14798=COLOUR_RGB('',0.705882370471954,0.705882370471954,0.713725507259369);
#14799=CARTESIAN_POINT('',(2.59644655413342,-0.92499999994238,-0.4309599999395));
#14800=CARTESIAN_POINT('',(2.77322324942974,-0.85177669523826,-0.430959999938801));
#14801=AXIS2_PLACEMENT_3D('',#17853,#17854,#17855);
#14802=CARTESIAN_POINT('',(2.77322324942974,-0.85177669523826,-0.4309599999832));
#14803=VECTOR('',#17856,1000.0);
#14804=CARTESIAN_POINT('',(2.59644655414228,-0.92499999994207,-1.7809600000157));
#14805=AXIS2_PLACEMENT_3D('',#17857,#17858,#17859);
#14806=CARTESIAN_POINT('',(2.59644655413342,-0.92499999994238,-0.430959999984301));
#14807=VECTOR('',#17860,1000.0);
#14808=COLOUR_RGB('',0.705882370471954,0.705882370471954,0.713725507259369);
#14809=CARTESIAN_POINT('',(-0.0249999999999977,-1.225,-0.43096));
#14810=CARTESIAN_POINT('',(-2.5,-1.22500000000929,-0.43095999998868));
#14811=CARTESIAN_POINT('',(0.0,-1.225,-0.43096));
#14812=VECTOR('',#17861,1000.0);
#14813=CARTESIAN_POINT('',(-0.0249999999999972,-1.31385599882371,-0.359005830899099));
#14814=CARTESIAN_POINT('',(-0.0249999999999972,0.989679548579743,-2.2243721370809));
#14815=VECTOR('',#17862,1000.0);
#14816=CARTESIAN_POINT('',(-0.225,-1.46928519111519,-0.233141752689201));
#14817=AXIS2_PLACEMENT_3D('',#17863,#17864,#17865);
#14818=CARTESIAN_POINT('',(-2.3,-1.46928519111519,-0.233141752689201));
#14819=CARTESIAN_POINT('',(-3.5087940565061,-1.46928519111519,-0.233141752689201));
#14820=VECTOR('',#17866,1000.0);
#14821=CARTESIAN_POINT('',(-2.5,-1.31385599882371,-0.359005830899099));
#14822=AXIS2_PLACEMENT_3D('',#17867,#17868,#17869);
#14823=CARTESIAN_POINT('',(-2.5,0.925,-2.1719956713668));
#14824=VECTOR('',#17870,1000.0);
#14825=COLOUR_RGB('',0.705882370471954,0.705882370471954,0.713725507259369);
#14826=CARTESIAN_POINT('',(2.77322324942974,-0.85177669523826,-0.4309599999832));
#14827=VECTOR('',#17871,1000.0);
#14828=CARTESIAN_POINT('',(2.59644655413342,-0.92499999994238,-0.430959999984301));
#14829=VECTOR('',#17872,1000.0);
#14830=COLOUR_RGB('',0.705882370471954,0.705882370471954,0.713725507259369);
#14831=CARTESIAN_POINT('',(0.225,-1.28048907380074,2.03574812107808E-06));
#14832=CARTESIAN_POINT('',(-3.5087940565061,-1.28048907380066,2.03574820087536E-06));
#14833=VECTOR('',#17873,1000.0);
#14834=CARTESIAN_POINT('',(0.225,-1.46928519111524,-0.233141752689281));
#14835=CARTESIAN_POINT('',(0.225,-1.52755252837488,-0.3050959217903));
#14836=VECTOR('',#17874,1000.0);
#14837=CARTESIAN_POINT('',(-3.5087940565061,-1.46928519111519,-0.233141752689201));
#14838=VECTOR('',#17875,1000.0);
#14839=COLOUR_RGB('',0.705882370471954,0.705882370471954,0.713725507259369);
#14840=CARTESIAN_POINT('',(2.5,-0.924999999971395,-0.430959999954641));
#14841=CARTESIAN_POINT('',(2.5,0.925,-0.4309599999395));
#14842=VECTOR('',#17876,1000.0);
#14843=CARTESIAN_POINT('',(2.5,-1.0362038826852,-0.1978162115628));
#14844=AXIS2_PLACEMENT_3D('',#17877,#17878,#17879);
#14845=CARTESIAN_POINT('',(2.5,0.925,-1.7859678015991));
#14846=VECTOR('',#17880,1000.0);
#14847=CARTESIAN_POINT('',(2.5,0.925,-2.1719956713668));
#14848=VECTOR('',#17881,1000.0);
#14849=COLOUR_RGB('',0.705882370471954,0.705882370471954,0.713725507259369);
#14850=CARTESIAN_POINT('',(-0.325,-1.225,-3.3629364047841));
#14851=CARTESIAN_POINT('',(-0.325,-1.175,-3.3629364047841));
#14852=CARTESIAN_POINT('',(-0.325,-1.225,-3.3629364047841));
#14853=VECTOR('',#17882,1000.0);
#14854=CARTESIAN_POINT('',(-0.325,-1.175,-0.43096));
#14855=VECTOR('',#17883,1000.0);
#14856=CARTESIAN_POINT('',(-0.325,-1.225,-3.93096));
#14857=VECTOR('',#17884,1000.0);
#14858=COLOUR_RGB('',0.705882370471954,0.705882370471954,0.713725507259369);
#14859=CARTESIAN_POINT('',(3.64999999999682,-1.82499981424611,-3.93096));
#14860=VECTOR('',#17885,1000.0);
#14861=CARTESIAN_POINT('',(3.64999999998506,0.925,-3.03096));
#14862=VECTOR('',#17886,1000.0);
#14863=COLOUR_RGB('',0.705882370471954,0.705882370471954,0.713725507259369);
#14864=CARTESIAN_POINT('',(0.0,-0.92499999995348,-3.03096));
#14865=VECTOR('',#17887,1000.0);
#14866=AXIS2_PLACEMENT_3D('',#17888,#17889,#17890);
#14867=CARTESIAN_POINT('',(1.08609989200711,-0.92499999994883,-3.93096));
#14868=VECTOR('',#17891,1000.0);
#14869=CARTESIAN_POINT('',(0.0750000000000024,-0.924999999953155,-3.93096));
#14870=CARTESIAN_POINT('',(0.0,-0.92499999995348,-3.93096));
#14871=VECTOR('',#17892,1000.0);
#14872=CARTESIAN_POINT('',(0.0750000000000031,-0.92499999995315,-3.93096));
#14873=VECTOR('',#17893,1000.0);
#14874=CARTESIAN_POINT('',(2.65,-0.925,-0.43096));
#14875=VECTOR('',#17894,1000.0);
#14876=CARTESIAN_POINT('',(0.0,-0.92499999995348,-0.4309599999395));
#14877=VECTOR('',#17895,1000.0);
#14878=CARTESIAN_POINT('',(2.43061531462555,-0.92499999994308,-1.8309600000173));
#14879=CARTESIAN_POINT('',(2.44333654348251,-0.92499999994303,-1.8239280761853));
#14880=CARTESIAN_POINT('',(2.45635097515847,-0.92499999994297,-1.8172926828812));
#14881=CARTESIAN_POINT('',(2.48292037684738,-0.92499999994286,-1.8052733688272));
#14882=CARTESIAN_POINT('',(2.49647923514512,-0.92499999994239,-1.7998886883677));
#14883=CARTESIAN_POINT('',(2.52410629956326,-0.92499999994227,-1.7908884752772));
#14884=CARTESIAN_POINT('',(2.5382561155406,-0.92499999994245,-1.7872475284225));
#14885=CARTESIAN_POINT('',(2.56716459276661,-0.92499999994233,-1.782266227184));
#14886=CARTESIAN_POINT('',(2.58182597243106,-0.92499999994244,-1.7809600000158));
#14887=CARTESIAN_POINT('',(2.59644655414157,-0.92499999994237,-1.7809600000157));
#14888=AXIS2_PLACEMENT_3D('',#17896,#17897,#17898);
#14889=COLOUR_RGB('',0.705882370471954,0.705882370471954,0.713725507259369);
#14890=CARTESIAN_POINT('',(-2.5964465542078,-0.924999999942075,-1.7809599999843));
#14891=AXIS2_PLACEMENT_3D('',#17899,#17900,#17901);
#14892=CARTESIAN_POINT('',(-2.43061531468947,-0.92499999994298,-1.8309599999853));
#14893=CARTESIAN_POINT('',(-2.43061531468963,-0.92499999994308,-1.8309599999853));
#14894=CARTESIAN_POINT('',(-2.44333654354525,-0.92499999994303,-1.8239280761541));
#14895=CARTESIAN_POINT('',(-2.45635097522141,-0.92499999994297,-1.81729268285));
#14896=CARTESIAN_POINT('',(-2.48292037691183,-0.92499999994286,-1.8052733687955));
#14897=CARTESIAN_POINT('',(-2.49647923521082,-0.92499999994239,-1.7998886883356));
#14898=CARTESIAN_POINT('',(-2.52410629962964,-0.92499999994227,-1.7908884752453));
#14899=CARTESIAN_POINT('',(-2.53825611559838,-0.92499999994245,-1.7872475283924));
#14900=CARTESIAN_POINT('',(-2.56716459282845,-0.92499999994233,-1.782266227153));
#14901=CARTESIAN_POINT('',(-2.58182597249423,-0.92499999994244,-1.7809599999844));
#14902=CARTESIAN_POINT('',(-2.59644655420709,-0.92499999994237,-1.7809599999843));
#14903=CARTESIAN_POINT('',(-2.80857858856323,-0.88713203429745,-1.830959999983));
#14904=AXIS2_PLACEMENT_3D('',#17902,#17903,#17904);
#14905=CARTESIAN_POINT('',(-2.77322324950343,-0.85177669523826,-1.7809599999832));
#14906=VECTOR('',#17905,1000.0);
#14907=COLOUR_RGB('',0.705882370471954,0.705882370471954,0.713725507259369);
#14908=CARTESIAN_POINT('',(-2.59644655422527,-1.22499999998717,-4.83096));
#14909=AXIS2_PLACEMENT_3D('',#17906,#17907,#17908);
#14910=CARTESIAN_POINT('',(-2.59644655422139,-1.22499999996151,-3.9309599999843));
#14911=VECTOR('',#17909,1000.0);
#14912=COLOUR_RGB('',0.705882370471954,0.705882370471954,0.713725507259369);
#14913=CARTESIAN_POINT('',(3.30606601720496,-0.74319799629251,-4.98095999995462));
#14914=AXIS2_PLACEMENT_3D('',#17910,#17911,#17912);
#14915=CARTESIAN_POINT('',(3.4121320343834,-0.63713197911498,-5.13096));
#14916=AXIS2_PLACEMENT_3D('',#17913,#17914,#17915);
#14917=CARTESIAN_POINT('',(3.58890872966022,-0.460355283839676,-5.13096));
#14918=CARTESIAN_POINT('',(0.0,-4.0492640134692,-5.13096));
#14919=VECTOR('',#17916,1000.0);
#14920=CARTESIAN_POINT('',(3.58890872966022,-0.46035528383968,-0.4309599999395));
#14921=VECTOR('',#17917,1000.0);
#14922=CARTESIAN_POINT('',(2.98535528388737,-1.06390872960737,-0.4309599999395));
#14923=VECTOR('',#17918,1000.0);
#14924=COLOUR_RGB('',0.705882370471954,0.705882370471954,0.713725507259369);
#14925=CARTESIAN_POINT('',(2.65,-1.03620388268521,-0.1978162115628));
#14926=VECTOR('',#17919,1000.0);
#14927=AXIS2_PLACEMENT_3D('',#17920,#17921,#17922);
#14928=COLOUR_RGB('',0.705882370471954,0.705882370471954,0.713725507259369);
#14929=COLOUR_RGB('',0.705882370471954,0.705882370471954,0.713725507259369);
#14930=CARTESIAN_POINT('',(0.0533790040047826,-1.175,-1.0309599999997));
#14931=CARTESIAN_POINT('',(0.0533790040047826,-1.225,-1.0309599999997));
#14932=CARTESIAN_POINT('',(0.0533790040047826,-1.225,-1.0309599999997));
#14933=VECTOR('',#17923,1000.0);
#14934=CARTESIAN_POINT('',(-0.325,-1.175,-1.0309599999997));
#14935=VECTOR('',#17924,1000.0);
#14936=CARTESIAN_POINT('',(0.0,-1.225,-1.0309599999997));
#14937=VECTOR('',#17925,1000.0);
#14938=COLOUR_RGB('',0.705882370471954,0.705882370471954,0.713725507259369);
#14939=CARTESIAN_POINT('',(-2.39999999999905,-1.225,-1.8309599999855));
#14940=AXIS2_PLACEMENT_3D('',#17926,#17927,#17928);
#14941=CARTESIAN_POINT('',(-2.39999999999905,-0.92499999994322,-1.8309599999855));
#14942=CARTESIAN_POINT('',(-2.39999999999909,0.925,-1.8309599999855));
#14943=VECTOR('',#17929,1000.0);
#14944=AXIS2_PLACEMENT_3D('',#17930,#17931,#17932);
#14945=COLOUR_RGB('',0.705882370471954,0.705882370471954,0.713725507259369);
#14946=CARTESIAN_POINT('',(-2.5,-1.12505988150918,-0.1258620424616));
#14947=CARTESIAN_POINT('',(-2.5,0.925,-1.7859678015991));
#14948=VECTOR('',#17933,1000.0);
#14949=CARTESIAN_POINT('',(-2.3,-1.28048907380066,2.03574820087536E-06));
#14950=AXIS2_PLACEMENT_3D('',#17934,#17935,#17936);
#14951=CARTESIAN_POINT('',(-0.225,-1.2804890738008,2.03574810026139E-06));
#14952=CARTESIAN_POINT('',(-3.5087940565061,-1.28048907380066,2.03574820087536E-06));
#14953=VECTOR('',#17937,1000.0);
#14954=CARTESIAN_POINT('',(-0.0249999999999977,-1.12505988150918,-0.1258620424616));
#14955=AXIS2_PLACEMENT_3D('',#17938,#17939,#17940);
#14956=CARTESIAN_POINT('',(-0.0249999999999977,0.989679548579743,-1.8383442673132));
#14957=VECTOR('',#17941,1000.0);
#14958=COLOUR_RGB('',0.705882370471954,0.705882370471954,0.713725507259369);
#14959=CARTESIAN_POINT('',(0.549999999999846,-1.175,-0.886622432702599));
#14960=CARTESIAN_POINT('',(0.549999999999845,-0.92499999995599,-0.886622432702599));
#14961=CARTESIAN_POINT('',(0.549999999999846,-1.225,-0.886622432702599));
#14962=VECTOR('',#17942,1000.0);
#14963=CARTESIAN_POINT('',(0.275000000000209,-0.92499999995451,-1.04539375673));
#14964=CARTESIAN_POINT('',(0.0,-0.92499999995348,-1.2041650807577));
#14965=VECTOR('',#17943,1000.0);
#14966=CARTESIAN_POINT('',(0.275000000000215,-1.225,-1.04539375673));
#14967=CARTESIAN_POINT('',(0.275000000000215,-1.225,-1.04539375673));
#14968=VECTOR('',#17944,1000.0);
#14969=CARTESIAN_POINT('',(0.300000000001036,-1.225,-1.0309599999997));
#14970=CARTESIAN_POINT('',(0.0,-1.225,-1.2041650807577));
#14971=VECTOR('',#17945,1000.0);
#14972=CARTESIAN_POINT('',(0.300000000001036,-1.175,-1.0309599999997));
#14973=CARTESIAN_POINT('',(0.300000000001036,0.925,-1.0309599999997));
#14974=VECTOR('',#17946,1000.0);
#14975=CARTESIAN_POINT('',(0.0,-1.175,-1.2041650807577));
#14976=VECTOR('',#17947,1000.0);
#14977=COLOUR_RGB('',0.705882370471954,0.705882370471954,0.713725507259369);
#14978=CARTESIAN_POINT('',(2.98535528388736,-1.06390872960737,-0.4309599999395));
#14979=CARTESIAN_POINT('',(2.98535528388737,-1.06390872960737,-0.4309599999395));
#14980=VECTOR('',#17948,1000.0);
#14981=AXIS2_PLACEMENT_3D('',#17949,#17950,#17951);
#14982=COLOUR_RGB('',0.705882370471954,0.705882370471954,0.713725507259369);
#14983=CARTESIAN_POINT('',(2.87499999990077,1.22500000000172,-1.6809599999826));
#14984=AXIS2_PLACEMENT_3D('',#17952,#17953,#17954);
#14985=CARTESIAN_POINT('',(2.87499999990333,0.925000000024583,-1.6809599999826));
#14986=VECTOR('',#17955,1000.0);
#14987=COLOUR_RGB('',0.705882370471954,0.705882370471954,0.713725507259369);
#14988=CARTESIAN_POINT('',(3.74999999993443,0.42208322869063,-2.83096));
#14989=CARTESIAN_POINT('',(2.13756504088132E-12,0.422083228706662,-2.83096));
#14990=VECTOR('',#17956,1000.0);
#14991=CARTESIAN_POINT('',(3.7499999999307,0.422083228690631,-2.3309600000227));
#14992=CARTESIAN_POINT('',(3.74999999993824,0.422083228690631,-3.93096));
#14993=VECTOR('',#17957,1000.0);
#14994=CARTESIAN_POINT('',(2.13756504088132E-12,0.422083228706662,-2.33096));
#14995=VECTOR('',#17958,1000.0);
#14996=COLOUR_RGB('',0.705882370471954,0.705882370471954,0.713725507259369);
#14997=CARTESIAN_POINT('',(0.775,-1.175,-1.0165262432702));
#14998=CARTESIAN_POINT('',(0.775,-0.924999999956365,-1.0165262432702));
#14999=CARTESIAN_POINT('',(0.775,-1.225,-1.0165262432702));
#15000=VECTOR('',#17959,1000.0);
#15001=AXIS2_PLACEMENT_3D('',#17960,#17961,#17962);
#15002=AXIS2_PLACEMENT_3D('',#17963,#17964,#17965);
#15003=COLOUR_RGB('',0.705882370471954,0.705882370471954,0.713725507259369);
#15004=CARTESIAN_POINT('',(-2.98786796565997,-0.63713197909894,-4.83096));
#15005=CARTESIAN_POINT('',(0.0,2.35073598653548,-4.83096));
#15006=VECTOR('',#17966,1000.0);
#15007=CARTESIAN_POINT('',(-4.54999994474494,0.925,-4.83096));
#15008=VECTOR('',#17967,1000.0);
#15009=CARTESIAN_POINT('',(-1.98609989193631,-0.924999999944985,-4.83096));
#15010=CARTESIAN_POINT('',(0.0,-0.92499999995348,-4.83096));
#15011=VECTOR('',#17968,1000.0);
#15012=CARTESIAN_POINT('',(-1.98609989193631,-1.225,-4.83096));
#15013=CARTESIAN_POINT('',(-1.98609989193631,0.925,-4.83096));
#15014=VECTOR('',#17969,1000.0);
#15015=CARTESIAN_POINT('',(0.0,-1.225,-4.83096));
#15016=VECTOR('',#17970,1000.0);
#15017=COLOUR_RGB('',0.705882370471954,0.705882370471954,0.713725507259369);
#15018=CARTESIAN_POINT('',(3.74999999997281,-0.0714465541742307,-1.8310018654852));
#15019=AXIS2_PLACEMENT_3D('',#17971,#17972,#17973);
#15020=CARTESIAN_POINT('',(3.74999999995108,-0.0714465541710959,-0.4309599999395));
#15021=CARTESIAN_POINT('',(3.75000000001488,-0.0714465541742306,-3.9309599999395));
#15022=VECTOR('',#17974,1000.0);
#15023=CARTESIAN_POINT('',(3.58890872966022,-0.460355283839676,-0.4309599999395));
#15024=AXIS2_PLACEMENT_3D('',#17975,#17976,#17977);
#15025=CARTESIAN_POINT('',(3.58890872966022,-0.46035528383968,-0.4309599999395));
#15026=VECTOR('',#17978,1000.0);
#15027=COLOUR_RGB('',0.705882370471954,0.705882370471954,0.713725507259369);
#15028=CARTESIAN_POINT('',(-0.0249999999999978,-1.225,-3.88096));
#15029=CARTESIAN_POINT('',(-0.024999999999998,-0.92499999995337,-3.88096));
#15030=CARTESIAN_POINT('',(-0.0249999999999977,0.925,-3.88096));
#15031=VECTOR('',#17979,1000.0);
#15032=CARTESIAN_POINT('',(-0.0749999999999977,-1.225,-3.93096));
#15033=VECTOR('',#17980,1000.0);
#15034=CARTESIAN_POINT('',(-0.0749999999999978,-0.92499999993875,-3.93096));
#15035=CARTESIAN_POINT('',(-0.0749999999999977,0.925,-3.93096));
#15036=VECTOR('',#17981,1000.0);
#15037=CARTESIAN_POINT('',(-0.0749999999999977,-0.92499999995316,-3.93096));
#15038=VECTOR('',#17982,1000.0);
#15039=COLOUR_RGB('',0.705882370471954,0.705882370471954,0.713725507259369);
#15040=CARTESIAN_POINT('',(0.0750000000000022,0.925,-3.93096));
#15041=VECTOR('',#17983,1000.0);
#15042=COLOUR_RGB('',0.705882370471954,0.705882370471954,0.713725507259369);
#15043=CARTESIAN_POINT('',(3.27,-0.35499994469611,-3.93096));
#15044=CARTESIAN_POINT('',(2.86644659558075,-0.758553376767302,-3.93096));
#15045=CARTESIAN_POINT('',(3.27,-0.355,-3.93096));
#15046=VECTOR('',#17984,1000.0);
#15047=CARTESIAN_POINT('',(2.86644660940672,-0.75855339059327,-3.93096));
#15048=VECTOR('',#17985,1000.0);
#15049=CARTESIAN_POINT('',(3.37677669521925,-0.24822324946541,-4.03773669521925));
#15050=CARTESIAN_POINT('',(3.37677669521434,-0.24822324946541,-3.2260245592917));
#15051=VECTOR('',#17986,1000.0);
#15052=CARTESIAN_POINT('',(6.49420896161486,2.86920901691876,-7.15516896161486));
#15053=VECTOR('',#17987,1000.0);
#15054=COLOUR_RGB('',0.705882370471954,0.705882370471954,0.713725507259369);
#15055=AXIS2_PLACEMENT_3D('',#17988,#17989,#17990);
#15056=COLOUR_RGB('',0.705882370471954,0.705882370471954,0.713725507259369);
#15057=CARTESIAN_POINT('',(3.74999999997004,-0.0714465541710954,-5.13096));
#15058=AXIS2_PLACEMENT_3D('',#17991,#17992,#17993);
#15059=CARTESIAN_POINT('',(3.74999999997432,-0.0714465541742306,-3.3309181345375));
#15060=CARTESIAN_POINT('',(3.75000000001488,-0.0714465541742306,-3.9309599999395));
#15061=VECTOR('',#17994,1000.0);
#15062=AXIS2_PLACEMENT_3D('',#17995,#17996,#17997);
#15063=COLOUR_RGB('',0.705882370471954,0.705882370471954,0.713725507259369);
#15064=AXIS2_PLACEMENT_3D('',#17998,#17999,#18000);
#15065=COLOUR_RGB('',0.705882370471954,0.705882370471954,0.713725507259369);
#15066=CARTESIAN_POINT('',(-0.0249999999999977,-1.175,-0.8721886759732));
#15067=CARTESIAN_POINT('',(-0.0249999999999978,-0.924999999953935,-0.8721886759732));
#15068=CARTESIAN_POINT('',(-0.0249999999999977,-1.225,-0.8721886759732));
#15069=VECTOR('',#18001,1000.0);
#15070=CARTESIAN_POINT('',(-0.0249999999999977,-0.92499999995337,-3.93096));
#15071=VECTOR('',#18002,1000.0);
#15072=CARTESIAN_POINT('',(-0.0249999999999977,-1.37212333608326,-0.43096));
#15073=VECTOR('',#18003,1000.0);
#15074=CARTESIAN_POINT('',(-0.0249999999999977,-1.225,-3.93096));
#15075=VECTOR('',#18004,1000.0);
#15076=CARTESIAN_POINT('',(-0.0249999999999977,-1.175,-3.93096));
#15077=VECTOR('',#18005,1000.0);
#15078=COLOUR_RGB('',0.705882370471954,0.705882370471954,0.713725507259369);
#15079=CARTESIAN_POINT('',(-3.99428519109659,0.445000000023454,-0.233141752665));
#15080=CARTESIAN_POINT('',(-3.83885599880511,0.645000000022789,-0.3590058308759));
#15081=AXIS2_PLACEMENT_3D('',#18006,#18007,#18008);
#15082=CARTESIAN_POINT('',(-3.80548907378148,0.445000000022647,2.03577100055732E-06));
#15083=CARTESIAN_POINT('',(-4.05255252835675,0.445000000023703,-0.305095921766));
#15084=VECTOR('',#18009,1000.0);
#15085=CARTESIAN_POINT('',(-3.65005988148958,0.645000000021982,-0.125862042439401));
#15086=AXIS2_PLACEMENT_3D('',#18010,#18011,#18012);
#15087=CARTESIAN_POINT('',(-3.89712333606485,0.645000000023038,-0.430959999976401));
#15088=VECTOR('',#18013,1000.0);
#15089=COLOUR_RGB('',0.705882370471954,0.705882370471954,0.713725507259369);
#15090=CARTESIAN_POINT('',(-3.56120388266892,-0.00499999997842991,-0.197816211540999));
#15091=CARTESIAN_POINT('',(-3.56120388266614,0.645000000021602,-0.197816211540999));
#15092=CARTESIAN_POINT('',(-3.56120388267073,-0.4249999999784,-0.197816211540999));
#15093=VECTOR('',#18014,1000.0);
#15094=CARTESIAN_POINT('',(3.5087940564905,0.644999999991376,-5.92298765745541));
#15095=VECTOR('',#18015,1000.0);
#15096=CARTESIAN_POINT('',(-3.80548907378221,0.195000000022646,2.03577140124783E-06));
#15097=CARTESIAN_POINT('',(-3.80548907377881,0.989679548602389,2.03577140134515E-06));
#15098=VECTOR('',#18016,1000.0);
#15099=CARTESIAN_POINT('',(-3.65005988149236,-0.00499999997802886,-0.125862042439401));
#15100=AXIS2_PLACEMENT_3D('',#18017,#18018,#18019);
#15101=CARTESIAN_POINT('',(3.50879405648772,-0.00500000000865636,-5.92298765745541));
#15102=VECTOR('',#18020,1000.0);
#15103=COLOUR_RGB('',0.705882370471954,0.705882370471954,0.713725507259369);
#15104=AXIS2_PLACEMENT_3D('',#18021,#18022,#18023);
#15105=CARTESIAN_POINT('',(-3.83885599880788,-0.00499999997722188,-0.3590058308759));
#15106=CARTESIAN_POINT('',(-3.89712333606763,-0.00499999997696188,-0.430959999976401));
#15107=VECTOR('',#18024,1000.0);
#15108=CARTESIAN_POINT('',(-3.74999999998463,-0.00499999997762292,-0.430959999977461));
#15109=CARTESIAN_POINT('',(3.50879405648539,-0.00500000000865622,-6.30901552723088));
#15110=VECTOR('',#18025,1000.0);
#15111=CARTESIAN_POINT('',(-3.44999999998934,-0.00499999997890585,-0.4309599999791));
#15112=VECTOR('',#18026,1000.0);
#15113=COLOUR_RGB('',0.705882370471954,0.705882370471954,0.713725507259369);
#15114=CARTESIAN_POINT('',(-3.99428519109766,0.195000000023454,-0.233141752665));
#15115=AXIS2_PLACEMENT_3D('',#18027,#18028,#18029);
#15116=CARTESIAN_POINT('',(-3.99428519109426,0.989679548603197,-0.233141752665));
#15117=VECTOR('',#18030,1000.0);
#15118=CARTESIAN_POINT('',(-3.74999999998185,0.645000000022409,-0.430959999977379));
#15119=CARTESIAN_POINT('',(3.50879405648817,0.644999999991376,-6.30901552723088));
#15120=VECTOR('',#18031,1000.0);
#15121=CARTESIAN_POINT('',(-3.74999999998044,0.925,-0.430959999977599));
#15122=VECTOR('',#18032,1000.0);
#15123=COLOUR_RGB('',0.705882370471954,0.705882370471954,0.713725507259369);
#15124=CARTESIAN_POINT('',(-4.05255252835782,0.195000000023702,-0.305095921766));
#15125=VECTOR('',#18033,1000.0);
#15126=COLOUR_RGB('',0.705882370471954,0.705882370471954,0.713725507259369);
#15127=COLOUR_RGB('',0.705882370471954,0.705882370471954,0.713725507259369);
#15128=AXIS2_PLACEMENT_3D('',#18034,#18035,#18036);
#15129=COLOUR_RGB('',0.705882370471954,0.705882370471954,0.713725507259369);
#15130=CARTESIAN_POINT('',(-0.0249999999999978,-0.924999999953655,-3.1897313240272));
#15131=CARTESIAN_POINT('',(-0.0249999999999977,-0.92499999995337,-3.93096));
#15132=VECTOR('',#18037,1000.0);
#15133=CARTESIAN_POINT('',(-0.0249999999999978,-1.175,-3.1897313240272));
#15134=CARTESIAN_POINT('',(-0.0249999999999976,-1.225,-3.1897313240272));
#15135=VECTOR('',#18038,1000.0);
#15136=CARTESIAN_POINT('',(-0.0249999999999977,-1.175,-3.3629364047841));
#15137=CARTESIAN_POINT('',(-0.0249999999999977,-1.175,-3.93096));
#15138=VECTOR('',#18039,1000.0);
#15139=CARTESIAN_POINT('',(-0.0249999999999977,-1.225,-3.3629364047841));
#15140=CARTESIAN_POINT('',(-0.0249999999999977,0.925,-3.3629364047841));
#15141=VECTOR('',#18040,1000.0);
#15142=CARTESIAN_POINT('',(-0.0249999999999977,-1.225,-3.93096));
#15143=VECTOR('',#18041,1000.0);
#15144=COLOUR_RGB('',0.705882370471954,0.705882370471954,0.713725507259369);
#15145=CARTESIAN_POINT('',(-3.44999999998379,0.645000000021127,-0.4309599999791));
#15146=VECTOR('',#18042,1000.0);
#15147=COLOUR_RGB('',0.705882370471954,0.705882370471954,0.713725507259369);
#15148=CARTESIAN_POINT('',(-3.7499999999847,-0.0714465541671739,-0.430959999977299));
#15149=CARTESIAN_POINT('',(-3.75000000000587,-0.0714465541671735,-3.9309599999773));
#15150=VECTOR('',#18043,1000.0);
#15151=CARTESIAN_POINT('',(-3.74999999998044,0.925,-0.430959999977299));
#15152=VECTOR('',#18044,1000.0);
#15153=CARTESIAN_POINT('',(-3.74999999998044,0.925,-0.430959999977299));
#15154=VECTOR('',#18045,1000.0);
#15155=CARTESIAN_POINT('',(-3.75000000000887,0.925,-5.13096000000346));
#15156=VECTOR('',#18046,1000.0);
#15157=COLOUR_RGB('',0.705882370471954,0.705882370471954,0.713725507259369);
#15158=CARTESIAN_POINT('',(0.775,-1.175,-1.0309599999997));
#15159=CARTESIAN_POINT('',(-0.325,-1.175,-1.0309599999997));
#15160=VECTOR('',#18047,1000.0);
#15161=CARTESIAN_POINT('',(0.775,-1.175,-3.93096));
#15162=VECTOR('',#18048,1000.0);
#15163=COLOUR_RGB('',0.705882370471954,0.705882370471954,0.713725507259369);
#15164=CARTESIAN_POINT('',(4.05255252839212,0.445000000014058,-0.3050959217301));
#15165=VECTOR('',#18049,1000.0);
#15166=COLOUR_RGB('',0.705882370471954,0.705882370471954,0.713725507259369);
#15167=COLOUR_RGB('',0.705882370471954,0.705882370471954,0.713725507259369);
#15168=AXIS2_PLACEMENT_3D('',#18050,#18051,#18052);
#15169=COLOUR_RGB('',0.705882370471954,0.705882370471954,0.713725507259369);
#15170=CARTESIAN_POINT('',(-2.59644655419894,-0.92499999994238,-0.430959999984301));
#15171=AXIS2_PLACEMENT_3D('',#18053,#18054,#18055);
#15172=AXIS2_PLACEMENT_3D('',#18056,#18057,#18058);
#15173=CARTESIAN_POINT('',(-2.59644655419865,-1.22499999998717,-0.430959999984301));
#15174=AXIS2_PLACEMENT_3D('',#18059,#18060,#18061);
#15175=CARTESIAN_POINT('',(0.0,-1.225,-0.43096));
#15176=VECTOR('',#18062,1000.0);
#15177=CARTESIAN_POINT('',(-2.5,0.925,-0.430959999984899));
#15178=VECTOR('',#18063,1000.0);
#15179=CARTESIAN_POINT('',(0.0,-0.92499999995348,-0.43096));
#15180=VECTOR('',#18064,1000.0);
#15181=COLOUR_RGB('',0.705882370471954,0.705882370471954,0.713725507259369);
#15182=CARTESIAN_POINT('',(0.0,-4.0492640134692,-0.4309599999395));
#15183=VECTOR('',#18065,1000.0);
#15184=COLOUR_RGB('',0.705882370471954,0.705882370471954,0.713725507259369);
#15185=AXIS2_PLACEMENT_3D('',#18066,#18067,#18068);
#15186=CARTESIAN_POINT('',(1.4,-1.175,-3.3629364047841));
#15187=VECTOR('',#18069,1000.0);
#15188=COLOUR_RGB('',0.705882370471954,0.705882370471954,0.713725507259369);
#15189=CARTESIAN_POINT('',(2.20000000000077,-0.805000115008285,-5.43095999998546));
#15190=CARTESIAN_POINT('',(2.19999999999866,-0.80500011500829,-5.12795999999384));
#15191=CARTESIAN_POINT('',(2.19999999999421,-0.80500011500829,-3.9309599999991));
#15192=VECTOR('',#18070,1000.0);
#15193=CARTESIAN_POINT('',(1.99999999999993,-0.605000115002845,-5.12795999999384));
#15194=AXIS2_PLACEMENT_3D('',#18071,#18072,#18073);
#15195=CARTESIAN_POINT('',(2.00000000000123,-0.605000115007685,-5.43095999998632));
#15196=CARTESIAN_POINT('',(1.99999999999482,-0.60500011500768,-3.93096));
#15197=VECTOR('',#18074,1000.0);
#15198=AXIS2_PLACEMENT_3D('',#18075,#18076,#18077);
#15199=COLOUR_RGB('',0.705882370471954,0.705882370471954,0.713725507259369);
#15200=CARTESIAN_POINT('',(-3.25000000000657,-0.924999999939585,-3.03096));
#15201=CARTESIAN_POINT('',(-3.25000000000657,-0.92499999993958,-3.93096));
#15202=VECTOR('',#18078,1000.0);
#15203=AXIS2_PLACEMENT_3D('',#18079,#18080,#18081);
#15204=COLOUR_RGB('',0.705882370471954,0.705882370471954,0.713725507259369);
#15205=COLOUR_RGB('',0.705882370471954,0.705882370471954,0.713725507259369);
#15206=CARTESIAN_POINT('',(0.550000000000016,-1.175,-3.1752975672974));
#15207=CARTESIAN_POINT('',(0.55000000000003,-0.92499999995599,-3.1752975672974));
#15208=CARTESIAN_POINT('',(0.550000000000016,-1.225,-3.1752975672974));
#15209=VECTOR('',#18082,1000.0);
#15210=CARTESIAN_POINT('',(0.775,-0.924999999956575,-3.0453937567298));
#15211=AXIS2_PLACEMENT_3D('',#18083,#18084,#18085);
#15212=CARTESIAN_POINT('',(0.775,-1.175,-3.0453937567298));
#15213=CARTESIAN_POINT('',(0.775,-1.225,-3.0453937567298));
#15214=VECTOR('',#18086,1000.0);
#15215=AXIS2_PLACEMENT_3D('',#18087,#18088,#18089);
#15216=COLOUR_RGB('',0.705882370471954,0.705882370471954,0.713725507259369);
#15217=CARTESIAN_POINT('',(-2.99999999997772,1.46928519114098,-0.2331417526712));
#15218=CARTESIAN_POINT('',(0.0,1.46928519111519,-0.233141752689201));
#15219=VECTOR('',#18090,1000.0);
#15220=CARTESIAN_POINT('',(0.0,1.22500000001401,-0.4309599999887));
#15221=VECTOR('',#18091,1000.0);
#15222=CARTESIAN_POINT('',(-3.19999999995754,1.3138559988511,-0.3590058308797));
#15223=CARTESIAN_POINT('',(-3.19999999996277,0.925,-0.673895209961));
#15224=VECTOR('',#18092,1000.0);
#15225=AXIS2_PLACEMENT_3D('',#18093,#18094,#18095);
#15226=COLOUR_RGB('',0.705882370471954,0.705882370471954,0.713725507259369);
#15227=CARTESIAN_POINT('',(-2.99999999995565,1.28048907382645,2.03576620067978E-06));
#15228=CARTESIAN_POINT('',(0.0,1.28048907380066,2.035748201189E-06));
#15229=VECTOR('',#18096,1000.0);
#15230=CARTESIAN_POINT('',(-2.99999999995538,1.52755252840053,-0.3050959217722));
#15231=VECTOR('',#18097,1000.0);
#15232=COLOUR_RGB('',0.705882370471954,0.705882370471954,0.713725507259369);
#15233=CARTESIAN_POINT('',(-3.19999999995774,1.1250598815352,-0.125862042440601));
#15234=AXIS2_PLACEMENT_3D('',#18098,#18099,#18100);
#15235=CARTESIAN_POINT('',(-3.19999999995747,1.37212333611062,-0.430959999980601));
#15236=VECTOR('',#18101,1000.0);
#15237=COLOUR_RGB('',0.705882370471954,0.705882370471954,0.713725507259369);
#15238=CARTESIAN_POINT('',(-3.1999999999613,0.925000000027362,-0.430959999980601));
#15239=VECTOR('',#18102,1000.0);
#15240=CARTESIAN_POINT('',(-3.19999999995894,1.03620388271211,-0.19781621154284));
#15241=AXIS2_PLACEMENT_3D('',#18103,#18104,#18105);
#15242=CARTESIAN_POINT('',(-3.19999999996043,0.925,-0.2878673401904));
#15243=VECTOR('',#18106,1000.0);
#15244=COLOUR_RGB('',0.705882370471954,0.705882370471954,0.713725507259369);
#15245=AXIS2_PLACEMENT_3D('',#18107,#18108,#18109);
#15246=COLOUR_RGB('',0.705882370471954,0.705882370471954,0.713725507259369);
#15247=CARTESIAN_POINT('',(-2.5,1.03620388269233,-0.197816211557739));
#15248=CARTESIAN_POINT('',(-3.19999999995893,1.03620388271257,-0.1978162115434));
#15249=VECTOR('',#18110,1000.0);
#15250=CARTESIAN_POINT('',(3.2,1.03620388268521,-0.1978162115628));
#15251=VECTOR('',#18111,1000.0);
#15252=COLOUR_RGB('',0.705882370471954,0.705882370471954,0.713725507259369);
#15253=CARTESIAN_POINT('',(-2.72499999996393,1.11993778562226,-1.28496165677458));
#15254=AXIS2_PLACEMENT_3D('',#18112,#18113,#18114);
#15255=CARTESIAN_POINT('',(-2.72499999996478,1.22500000002566,-1.4309599999835));
#15256=CARTESIAN_POINT('',(-2.72499999996734,0.925,-1.4309599999835));
#15257=VECTOR('',#18115,1000.0);
#15258=CARTESIAN_POINT('',(-2.72499999996413,1.22500000002566,-1.32424280913272));
#15259=CARTESIAN_POINT('',(-2.7249999999799,1.22500000002566,-3.93096));
#15260=VECTOR('',#18116,1000.0);
#15261=CARTESIAN_POINT('',(-2.72499999996602,0.925,-1.2120774052778));
#15262=VECTOR('',#18117,1000.0);
#15263=COLOUR_RGB('',0.705882370471954,0.705882370471954,0.713725507259369);
#15264=CARTESIAN_POINT('',(-2.87499999996478,1.2250000000263,-1.4309599999826));
#15265=CARTESIAN_POINT('',(-2.87499999996734,0.925000000024583,-1.4309599999826));
#15266=VECTOR('',#18118,1000.0);
#15267=CARTESIAN_POINT('',(0.0,1.22500000001401,-1.43096));
#15268=VECTOR('',#18119,1000.0);
#15269=COLOUR_RGB('',0.705882370471954,0.705882370471954,0.713725507259369);
#15270=CARTESIAN_POINT('',(-0.225,-1.52755252837488,-0.3050959217903));
#15271=VECTOR('',#18120,1000.0);
#15272=COLOUR_RGB('',0.705882370471954,0.705882370471954,0.713725507259369);
#15273=CARTESIAN_POINT('',(-2.5,-1.37212333608326,-0.43096));
#15274=VECTOR('',#18121,1000.0);
#15275=COLOUR_RGB('',0.705882370471954,0.705882370471954,0.713725507259369);
#15276=AXIS2_PLACEMENT_3D('',#18122,#18123,#18124);
#15277=AXIS2_PLACEMENT_3D('',#18125,#18126,#18127);
#15278=AXIS2_PLACEMENT_3D('',#18128,#18129,#18130);
#15279=COLOUR_RGB('',0.705882370471954,0.705882370471954,0.713725507259369);
#15280=CARTESIAN_POINT('',(-2.025,1.45499999999994,-1.143333944469));
#15281=CARTESIAN_POINT('',(-2.72499999996107,1.45499999999994,-1.143333944469));
#15282=CARTESIAN_POINT('',(0.0,1.45499999999994,-1.143333944469));
#15283=VECTOR('',#18131,1000.0);
#15284=CARTESIAN_POINT('',(-2.025,1.3674481546852,-1.37750199178074));
#15285=CARTESIAN_POINT('',(-2.025,0.412749325704157,-3.93096));
#15286=VECTOR('',#18132,1000.0);
#15287=CARTESIAN_POINT('',(-2.72499999996324,1.3674481546852,-1.37750199178074));
#15288=CARTESIAN_POINT('',(0.0,1.3674481546852,-1.3775019917807));
#15289=VECTOR('',#18133,1000.0);
#15290=CARTESIAN_POINT('',(-2.72499999998685,0.412749325704157,-3.93096));
#15291=VECTOR('',#18134,1000.0);
#15292=COLOUR_RGB('',0.705882370471954,0.705882370471954,0.713725507259369);
#15293=COLOUR_RGB('',0.705882370471954,0.705882370471954,0.713725507259369);
#15294=CARTESIAN_POINT('',(3.09393398280383,-0.53106596188956,-4.98095999995967));
#15295=CARTESIAN_POINT('',(1.5318020037501,1.03106601717753,-4.9809599999395));
#15296=VECTOR('',#18135,1000.0);
#15297=AXIS2_PLACEMENT_3D('',#18136,#18137,#18138);
#15298=COLOUR_RGB('',0.705882370471954,0.705882370471954,0.713725507259369);
#15299=CARTESIAN_POINT('',(-2.3,-1.52755252837488,-0.3050959217903));
#15300=VECTOR('',#18139,1000.0);
#15301=COLOUR_RGB('',0.705882370471954,0.705882370471954,0.713725507259369);
#15302=CARTESIAN_POINT('',(4.5499999446528,0.925,-0.4309599999395));
#15303=VECTOR('',#18140,1000.0);
#15304=COLOUR_RGB('',0.705882370471954,0.705882370471954,0.713725507259369);
#15305=CARTESIAN_POINT('',(-4.62071062284515,0.925,-1.830959999972));
#15306=VECTOR('',#18141,1000.0);
#15307=CARTESIAN_POINT('',(0.0,-0.92499999995348,-1.83096));
#15308=VECTOR('',#18142,1000.0);
#15309=CARTESIAN_POINT('',(-2.59644655420712,-1.22499999998717,-1.8309599999843));
#15310=CARTESIAN_POINT('',(0.0,-1.225,-1.83096));
#15311=VECTOR('',#18143,1000.0);
#15312=AXIS2_PLACEMENT_3D('',#18144,#18145,#18146);
#15313=AXIS2_PLACEMENT_3D('',#18147,#18148,#18149);
#15314=COLOUR_RGB('',0.705882370471954,0.705882370471954,0.713725507259369);
#15315=CARTESIAN_POINT('',(-2.59644655422011,-0.92499999994238,-3.9309599999843));
#15316=VECTOR('',#18150,1000.0);
#15317=CARTESIAN_POINT('',(0.775,-0.92499999995679,-3.93096));
#15318=VECTOR('',#18151,1000.0);
#15319=CARTESIAN_POINT('',(0.274999999999983,-0.924999999954365,-3.0165262432703));
#15320=CARTESIAN_POINT('',(0.0,-0.92499999995348,-2.8577549192432));
#15321=VECTOR('',#18152,1000.0);
#15322=AXIS2_PLACEMENT_3D('',#18153,#18154,#18155);
#15323=CARTESIAN_POINT('',(0.0,-0.92499999995348,-3.93096));
#15324=VECTOR('',#18156,1000.0);
#15325=CARTESIAN_POINT('',(-1.08609989193631,-0.92499999994883,-3.93096));
#15326=VECTOR('',#18157,1000.0);
#15327=CARTESIAN_POINT('',(-2.4,-0.92499999994322,-3.03096));
#15328=AXIS2_PLACEMENT_3D('',#18158,#18159,#18160);
#15329=CARTESIAN_POINT('',(0.0,-0.92499999995348,-3.03096));
#15330=VECTOR('',#18161,1000.0);
#15331=COLOUR_RGB('',0.705882370471954,0.705882370471954,0.713725507259369);
#15332=CARTESIAN_POINT('',(-2.59644655422139,-1.22499999996151,-3.9309599999843));
#15333=VECTOR('',#18162,1000.0);
#15334=COLOUR_RGB('',0.705882370471954,0.705882370471954,0.713725507259369);
#15335=CARTESIAN_POINT('',(-2.97499999996538,1.22500000002694,-1.530959999982));
#15336=CARTESIAN_POINT('',(-2.9749999999799,1.22500000002673,-3.93096));
#15337=VECTOR('',#18163,1000.0);
#15338=CARTESIAN_POINT('',(-2.97499999996795,0.925000000025438,-1.530959999982));
#15339=VECTOR('',#18164,1000.0);
#15340=COLOUR_RGB('',0.705882370471954,0.705882370471954,0.713725507259369);
#15341=AXIS2_PLACEMENT_3D('',#18165,#18166,#18167);
#15342=COLOUR_RGB('',0.705882370471954,0.705882370471954,0.713725507259369);
#15343=CARTESIAN_POINT('',(-2.4,-1.225,-3.03096));
#15344=CARTESIAN_POINT('',(-2.4,0.925,-3.03096));
#15345=VECTOR('',#18168,1000.0);
#15346=CARTESIAN_POINT('',(0.0,-1.225,-3.03096));
#15347=VECTOR('',#18169,1000.0);
#15348=COLOUR_RGB('',0.705882370471954,0.705882370471954,0.713725507259369);
#15349=CARTESIAN_POINT('',(-0.199999999995012,1.22500000001486,-4.53096));
#15350=CARTESIAN_POINT('',(0.200000000004987,1.22500000001315,-4.53096));
#15351=CARTESIAN_POINT('',(0.0,1.22500000001401,-4.53096));
#15352=VECTOR('',#18170,1000.0);
#15353=CARTESIAN_POINT('',(0.400000000004987,1.22500000001287,-4.33096));
#15354=AXIS2_PLACEMENT_3D('',#18171,#18172,#18173);
#15355=CARTESIAN_POINT('',(0.400000000004987,1.2250000000041,-4.03096));
#15356=CARTESIAN_POINT('',(0.400000000004987,1.2250000000123,-3.93096));
#15357=VECTOR('',#18174,1000.0);
#15358=CARTESIAN_POINT('',(-0.399999999995012,1.22500000000524,-4.03096));
#15359=CARTESIAN_POINT('',(-3.5087940565061,1.225,-4.03096));
#15360=VECTOR('',#18175,1000.0);
#15361=CARTESIAN_POINT('',(-0.399999999995012,1.22500000001515,-4.33096));
#15362=CARTESIAN_POINT('',(-0.399999999995012,1.22500000001572,-3.93096));
#15363=VECTOR('',#18176,1000.0);
#15364=AXIS2_PLACEMENT_3D('',#18177,#18178,#18179);
#15365=CARTESIAN_POINT('',(-1.875,1.22500000002202,-1.68096));
#15366=CARTESIAN_POINT('',(0.0,1.22500000001401,-1.68096));
#15367=VECTOR('',#18180,1000.0);
#15368=CARTESIAN_POINT('',(-1.775,1.22500000002174,-1.58096));
#15369=AXIS2_PLACEMENT_3D('',#18181,#18182,#18183);
#15370=CARTESIAN_POINT('',(-1.775,1.22500000002174,-1.53096));
#15371=CARTESIAN_POINT('',(-1.775,1.2250000000216,-3.93096));
#15372=VECTOR('',#18184,1000.0);
#15373=CARTESIAN_POINT('',(-1.875,1.22500000002202,-1.43096));
#15374=AXIS2_PLACEMENT_3D('',#18185,#18186,#18187);
#15375=CARTESIAN_POINT('',(-2.025,1.22500000002266,-1.43096));
#15376=CARTESIAN_POINT('',(0.0,1.22500000001401,-1.43096));
#15377=VECTOR('',#18188,1000.0);
#15378=CARTESIAN_POINT('',(-2.025,1.22500000002266,-1.3242428091316));
#15379=CARTESIAN_POINT('',(-2.025,1.22500000002266,-3.93096));
#15380=VECTOR('',#18189,1000.0);
#15381=CARTESIAN_POINT('',(-2.025,1.22500000002266,-1.00396000000882));
#15382=CARTESIAN_POINT('',(-2.025,1.22500000002266,-3.93096));
#15383=VECTOR('',#18190,1000.0);
#15384=CARTESIAN_POINT('',(-2.72499999996219,1.22500000002566,-1.00396000000998));
#15385=CARTESIAN_POINT('',(0.0,1.22500000001401,-1.0039600000056));
#15386=VECTOR('',#18191,1000.0);
#15387=CARTESIAN_POINT('',(-2.7249999999799,1.22500000002566,-3.93096));
#15388=VECTOR('',#18192,1000.0);
#15389=CARTESIAN_POINT('',(2.02499999997816,1.22500000000536,-1.00396000000236));
#15390=CARTESIAN_POINT('',(0.0,1.22500000001401,-1.0039600000056));
#15391=VECTOR('',#18193,1000.0);
#15392=CARTESIAN_POINT('',(2.025,1.22500000000535,-1.3242428091251));
#15393=CARTESIAN_POINT('',(2.025,1.22500000000535,-3.93096));
#15394=VECTOR('',#18194,1000.0);
#15395=CARTESIAN_POINT('',(2.02499999997816,1.22500000000535,-1.43096));
#15396=CARTESIAN_POINT('',(2.025,1.22500000000535,-3.93096));
#15397=VECTOR('',#18195,1000.0);
#15398=CARTESIAN_POINT('',(1.875,1.22500000000599,-1.43096));
#15399=CARTESIAN_POINT('',(0.0,1.22500000001401,-1.43096));
#15400=VECTOR('',#18196,1000.0);
#15401=CARTESIAN_POINT('',(1.775,1.22500000000613,-1.53096));
#15402=AXIS2_PLACEMENT_3D('',#18197,#18198,#18199);
#15403=CARTESIAN_POINT('',(1.775,1.22500000000628,-1.58096));
#15404=CARTESIAN_POINT('',(1.775,1.22500000000642,-3.93096));
#15405=VECTOR('',#18200,1000.0);
#15406=CARTESIAN_POINT('',(1.875,1.22500000000599,-1.68096));
#15407=AXIS2_PLACEMENT_3D('',#18201,#18202,#18203);
#15408=CARTESIAN_POINT('',(1.92499999996724,1.22500000000578,-1.68096));
#15409=CARTESIAN_POINT('',(0.0,1.22500000001401,-1.68096));
#15410=VECTOR('',#18204,1000.0);
#15411=CARTESIAN_POINT('',(2.02499999993448,1.22500000000564,-1.78096));
#15412=AXIS2_PLACEMENT_3D('',#18205,#18206,#18207);
#15413=CARTESIAN_POINT('',(2.02499999993448,1.22500000000521,-2.78096));
#15414=CARTESIAN_POINT('',(2.02499999993448,1.22500000000535,-3.93096));
#15415=VECTOR('',#18208,1000.0);
#15416=CARTESIAN_POINT('',(2.12499999993448,1.22500000000492,-2.88096));
#15417=AXIS2_PLACEMENT_3D('',#18209,#18210,#18211);
#15418=CARTESIAN_POINT('',(2.62499999990742,1.22500000000278,-2.8809599999894));
#15419=CARTESIAN_POINT('',(0.0,1.22500000001401,-2.88096));
#15420=VECTOR('',#18212,1000.0);
#15421=CARTESIAN_POINT('',(2.72499999990743,1.225000000003,-2.7809599999835));
#15422=AXIS2_PLACEMENT_3D('',#18213,#18214,#18215);
#15423=CARTESIAN_POINT('',(2.72499999990137,1.22500000000107,-1.7809599999835));
#15424=CARTESIAN_POINT('',(2.72499999991438,1.22500000000236,-3.93096));
#15425=VECTOR('',#18216,1000.0);
#15426=CARTESIAN_POINT('',(2.82499999990076,1.22500000000193,-1.6809599999829));
#15427=AXIS2_PLACEMENT_3D('',#18217,#18218,#18219);
#15428=CARTESIAN_POINT('',(0.0,1.22500000001401,-1.68096));
#15429=VECTOR('',#18220,1000.0);
#15430=CARTESIAN_POINT('',(2.36000000000086,1.22499999999352,-5.13096));
#15431=CARTESIAN_POINT('',(0.0,1.22500000001401,-5.13096));
#15432=VECTOR('',#18221,1000.0);
#15433=CARTESIAN_POINT('',(2.35999999999808,1.22499999999593,-3.93096));
#15434=VECTOR('',#18222,1000.0);
#15435=CARTESIAN_POINT('',(0.0,1.22499999999593,-5.03096));
#15436=VECTOR('',#18223,1000.0);
#15437=CARTESIAN_POINT('',(-2.35999999999909,1.22500000001471,-5.13096000000028));
#15438=CARTESIAN_POINT('',(-2.36000000000192,1.22499999999593,-3.93096));
#15439=VECTOR('',#18224,1000.0);
#15440=CARTESIAN_POINT('',(0.0,1.22500000001401,-5.13095999999916));
#15441=VECTOR('',#18225,1000.0);
#15442=COLOUR_RGB('',0.705882370471954,0.705882370471954,0.713725507259369);
#15443=CARTESIAN_POINT('',(2.82499999990333,0.925000000024156,-1.6809599999829));
#15444=VECTOR('',#18226,1000.0);
#15445=COLOUR_RGB('',0.705882370471954,0.705882370471954,0.713725507259369);
#15446=CARTESIAN_POINT('',(0.775,-1.225,-1.0309599999997));
#15447=CARTESIAN_POINT('',(0.775,0.925,-1.0309599999997));
#15448=VECTOR('',#18227,1000.0);
#15449=CARTESIAN_POINT('',(0.0,-1.225,-1.0309599999997));
#15450=VECTOR('',#18228,1000.0);
#15451=COLOUR_RGB('',0.705882370471954,0.705882370471954,0.713725507259369);
#15452=COLOUR_RGB('',0.705882370471954,0.705882370471954,0.713725507259369);
#15453=AXIS2_PLACEMENT_3D('',#18229,#18230,#18231);
#15454=COLOUR_RGB('',0.705882370471954,0.705882370471954,0.713725507259369);
#15455=COLOUR_RGB('',0.705882370471954,0.705882370471954,0.713725507259369);
#15456=CARTESIAN_POINT('',(0.775,-1.225,-3.93096));
#15457=VECTOR('',#18232,1000.0);
#15458=CARTESIAN_POINT('',(0.775,-1.175,-3.93096));
#15459=VECTOR('',#18233,1000.0);
#15460=COLOUR_RGB('',0.705882370471954,0.705882370471954,0.713725507259369);
#15461=COLOUR_RGB('',0.705882370471954,0.705882370471954,0.713725507259369);
#15462=COLOUR_RGB('',0.705882370471954,0.705882370471954,0.713725507259369);
#15463=AXIS2_PLACEMENT_3D('',#18234,#18235,#18236);
#15464=COLOUR_RGB('',0.705882370471954,0.705882370471954,0.713725507259369);
#15465=COLOUR_RGB('',0.705882370471954,0.705882370471954,0.713725507259369);
#15466=CARTESIAN_POINT('',(3.74999999991491,0.925,-0.4309599999395));
#15467=VECTOR('',#18237,1000.0);
#15468=COLOUR_RGB('',0.705882370471954,0.705882370471954,0.713725507259369);
#15469=CARTESIAN_POINT('',(2.19999999999836,-1.62499981424551,-5.43095999998546));
#15470=CARTESIAN_POINT('',(2.19999999998355,-1.62499981424551,-1.9669576992532));
#15471=VECTOR('',#18238,1000.0);
#15472=CARTESIAN_POINT('',(2.39999999999836,-1.82499981424611,-5.43095999998461));
#15473=AXIS2_PLACEMENT_3D('',#18239,#18240,#18241);
#15474=CARTESIAN_POINT('',(2.39999999998355,-1.82499981424611,-1.9669576992524));
#15475=VECTOR('',#18242,1000.0);
#15476=COLOUR_RGB('',0.705882370471954,0.705882370471954,0.713725507259369);
#15477=CARTESIAN_POINT('',(-2.80000000000295,-1.62499981424551,-5.12595999998768));
#15478=CARTESIAN_POINT('',(-2.80000000000164,-1.62499981424551,-5.43096000000684));
#15479=CARTESIAN_POINT('',(-2.80000000001111,-1.62499981424551,-3.2162804514271));
#15480=VECTOR('',#18243,1000.0);
#15481=CARTESIAN_POINT('',(-2.80000000000232,-0.814352777192687,-5.12795999999384));
#15482=CARTESIAN_POINT('',(-2.80000000000232,-2.84942736067515,-5.12595999998768));
#15483=VECTOR('',#18244,1000.0);
#15484=CARTESIAN_POINT('',(-2.80000000000127,-0.30500011499316,-5.12795999999384));
#15485=CARTESIAN_POINT('',(-2.80000000000232,-1.84854641571668,-5.12996));
#15486=VECTOR('',#18245,1000.0);
#15487=CARTESIAN_POINT('',(-2.79999999999757,-0.305000114993164,-5.43096000000684));
#15488=CARTESIAN_POINT('',(-2.80000000000382,-0.30500011499316,-3.93096000000214));
#15489=VECTOR('',#18246,1000.0);
#15490=CARTESIAN_POINT('',(-2.79999999999393,0.925,-5.43096000000684));
#15491=VECTOR('',#18247,1000.0);
#15492=COLOUR_RGB('',0.705882370471954,0.705882370471954,0.713725507259369);
#15493=CARTESIAN_POINT('',(3.19999999992016,0.92499999998215,-4.13258171251734));
#15494=CARTESIAN_POINT('',(3.3260807781469,0.924999999981072,-4.17339250697427));
#15495=CARTESIAN_POINT('',(3.4499999999177,0.8015216743702,-4.17353521961347));
#15496=CARTESIAN_POINT('',(3.44999999991839,0.674999999982552,-4.13258171247747));
#15497=COLOUR_RGB('',0.705882370471954,0.705882370471954,0.713725507259369);
#15498=CARTESIAN_POINT('',(2.72499999990999,0.925000000023301,-2.7809599999835));
#15499=VECTOR('',#18248,1000.0);
#15500=CARTESIAN_POINT('',(2.62499999990999,0.925000000022446,-2.8809599999841));
#15501=VECTOR('',#18249,1000.0);
#15502=COLOUR_RGB('',0.705882370471954,0.705882370471954,0.713725507259369);
#15503=CARTESIAN_POINT('',(-2.20000000000295,-1.62499981424672,-5.12595999998768));
#15504=CARTESIAN_POINT('',(-2.20000000000324,-0.864397002855068,-5.12619781399612));
#15505=CARTESIAN_POINT('',(-2.20000000000564,-0.82500011499498,-5.12595999998768));
#15506=VECTOR('',#18250,1000.0);
#15507=CARTESIAN_POINT('',(-2.68458819217146,-0.874596460935974,-5.12595999998768));
#15508=CARTESIAN_POINT('',(5.15143483426073E-12,-0.874595917971185,-5.12595999998768));
#15509=VECTOR('',#18251,1000.0);
#15510=AXIS2_PLACEMENT_3D('',#18252,#18253,#18254);
#15511=CARTESIAN_POINT('',(-2.60000000000295,-1.82499981424611,-5.12595999998768));
#15512=AXIS2_PLACEMENT_3D('',#18255,#18256,#18257);
#15513=CARTESIAN_POINT('',(-2.40000000000294,-1.82499981424611,-5.12595999998768));
#15514=CARTESIAN_POINT('',(1.68036695121665,-1.82499981424611,-5.12595999998768));
#15515=VECTOR('',#18258,1000.0);
#15516=AXIS2_PLACEMENT_3D('',#18259,#18260,#18261);
#15517=COLOUR_RGB('',0.705882370471954,0.705882370471954,0.713725507259369);
#15518=CARTESIAN_POINT('',(0.0,-1.225,-3.3629364047841));
#15519=VECTOR('',#18262,1000.0);
#15520=COLOUR_RGB('',0.705882370471954,0.705882370471954,0.713725507259369);
#15521=AXIS2_PLACEMENT_3D('',#18263,#18264,#18265);
#15522=COLOUR_RGB('',0.705882370471954,0.705882370471954,0.713725507259369);
#15523=CARTESIAN_POINT('',(0.274999999999981,-1.175,-3.0165262432703));
#15524=AXIS2_PLACEMENT_3D('',#18266,#18267,#18268);
#15525=CARTESIAN_POINT('',(0.0,-1.175,-2.8577549192432));
#15526=VECTOR('',#18269,1000.0);
#15527=COLOUR_RGB('',0.705882370471954,0.705882370471954,0.713725507259369);
#15528=CARTESIAN_POINT('',(2.025,1.11993778562227,-1.28496165677458));
#15529=AXIS2_PLACEMENT_3D('',#18270,#18271,#18272);
#15530=CARTESIAN_POINT('',(2.725,1.11993778562226,-1.2849616567746));
#15531=VECTOR('',#18273,1000.0);
#15532=COLOUR_RGB('',0.705882370471954,0.705882370471954,0.713725507259369);
#15533=CARTESIAN_POINT('',(2.025,1.36744815469354,-1.37750199176054));
#15534=CARTESIAN_POINT('',(2.025,0.989679548579743,-1.2362600975677));
#15535=VECTOR('',#18274,1000.0);
#15536=CARTESIAN_POINT('',(-3.5087940565061,1.36744815471021,-1.3775019917202));
#15537=VECTOR('',#18275,1000.0);
#15538=CARTESIAN_POINT('',(2.025,0.989679548579743,-1.2362600975677));
#15539=VECTOR('',#18276,1000.0);
#15540=COLOUR_RGB('',0.705882370471954,0.705882370471954,0.713725507259369);
#15541=CARTESIAN_POINT('',(2.025,1.45499999999994,-1.14333394446898));
#15542=CARTESIAN_POINT('',(-3.5087940565061,1.45499999999994,-1.143333944469));
#15543=VECTOR('',#18277,1000.0);
#15544=CARTESIAN_POINT('',(2.025,1.42567675960048,-1.07898996594358));
#15545=CARTESIAN_POINT('',(2.025,1.13035248974803,-0.43096));
#15546=VECTOR('',#18278,1000.0);
#15547=CARTESIAN_POINT('',(-3.5087940565061,1.42567675960049,-1.0789899659436));
#15548=VECTOR('',#18279,1000.0);
#15549=COLOUR_RGB('',0.705882370471954,0.705882370471954,0.713725507259369);
#15550=CARTESIAN_POINT('',(2.025,0.989679548579743,-0.915977288444901));
#15551=VECTOR('',#18280,1000.0);
#15552=CARTESIAN_POINT('',(2.025,1.72134570390108,-0.43096));
#15553=VECTOR('',#18281,1000.0);
#15554=COLOUR_RGB('',0.705882370471954,0.705882370471954,0.713725507259369);
#15555=COLOUR_RGB('',0.705882370471954,0.705882370471954,0.713725507259369);
#15556=COLOUR_RGB('',0.705882370471954,0.705882370471954,0.713725507259369);
#15557=CARTESIAN_POINT('',(2.025,0.989679548579743,-1.43096));
#15558=VECTOR('',#18282,1000.0);
#15559=COLOUR_RGB('',0.705882370471954,0.705882370471954,0.713725507259369);
#15560=CARTESIAN_POINT('',(1.875,0.925,-1.43096));
#15561=VECTOR('',#18283,1000.0);
#15562=COLOUR_RGB('',0.705882370471954,0.705882370471954,0.713725507259369);
#15563=CARTESIAN_POINT('',(1.775,0.925,-1.53096));
#15564=VECTOR('',#18284,1000.0);
#15565=COLOUR_RGB('',0.705882370471954,0.705882370471954,0.713725507259369);
#15566=CARTESIAN_POINT('',(1.775,0.925,-1.58096));
#15567=VECTOR('',#18285,1000.0);
#15568=COLOUR_RGB('',0.705882370471954,0.705882370471954,0.713725507259369);
#15569=CARTESIAN_POINT('',(1.875,0.925,-1.68096));
#15570=VECTOR('',#18286,1000.0);
#15571=COLOUR_RGB('',0.705882370471954,0.705882370471954,0.713725507259369);
#15572=CARTESIAN_POINT('',(1.925,0.925,-1.68096));
#15573=VECTOR('',#18287,1000.0);
#15574=COLOUR_RGB('',0.705882370471954,0.705882370471954,0.713725507259369);
#15575=COLOUR_RGB('',0.705882370471954,0.705882370471954,0.713725507259369);
#15576=COLOUR_RGB('',0.705882370471954,0.705882370471954,0.713725507259369);
#15577=AXIS2_PLACEMENT_3D('',#18288,#18289,#18290);
#15578=CARTESIAN_POINT('',(3.74999999994335,0.925,-5.13096));
#15579=VECTOR('',#18291,1000.0);
#15580=COLOUR_RGB('',0.705882370471954,0.705882370471954,0.713725507259369);
#15581=CARTESIAN_POINT('',(1.82376888982246,0.974951326767914,-5.13096000000057));
#15582=AXIS2_PLACEMENT_3D('',#18292,#18293,#18294);
#15583=CARTESIAN_POINT('',(1.82376888981548,0.974951326772839,-4.43096000000069));
#15584=CARTESIAN_POINT('',(1.82376888982538,0.97495132677368,-3.93096000000016));
#15585=VECTOR('',#18295,1000.0);
#15586=CARTESIAN_POINT('',(2.21000019948095,1.20873930407397,-4.43085249316259));
#15587=AXIS2_PLACEMENT_3D('',#18296,#18297,#18298);
#15588=CARTESIAN_POINT('',(2.36030055112514,1.22499991025714,-4.28096068215489));
#15589=CARTESIAN_POINT('',(2.36017612238428,1.22499996368171,-4.36059173719834));
#15590=CARTESIAN_POINT('',(2.28777464735757,1.22580202425343,-4.43086426137992));
#15591=CARTESIAN_POINT('',(2.21000024122049,1.20873976945931,-4.43075119378063));
#15592=COLOUR_RGB('',0.705882370471954,0.705882370471954,0.713725507259369);
#15593=COLOUR_RGB('',0.705882370471954,0.705882370471954,0.713725507259369);
#15594=CARTESIAN_POINT('',(2.0000001662393,0.194999884992316,-5.43095999998632));
#15595=CARTESIAN_POINT('',(0.0,1.19499996811953,-5.43095999999487));
#15596=VECTOR('',#18299,1000.0);
#15597=CARTESIAN_POINT('',(1.30000000000117,0.544999968113381,-5.12920999999373));
#15598=CARTESIAN_POINT('',(1.64190883324749,0.374045551488936,-5.13095999998768));
#15599=VECTOR('',#18300,1000.0);
#15600=CARTESIAN_POINT('',(1.43999993622687,0.475,-5.12920999999358));
#15601=CARTESIAN_POINT('',(1.64190883324749,0.374045551488934,-5.12996));
#15602=VECTOR('',#18301,1000.0);
#15603=CARTESIAN_POINT('',(1.73500000000838,0.327499968107592,-5.12820999998962));
#15604=CARTESIAN_POINT('',(1.64190883324749,0.374045551488936,-5.13095999998768));
#15605=VECTOR('',#18302,1000.0);
#15606=CARTESIAN_POINT('',(2.00000016623705,0.194999884992799,-5.12996));
#15607=CARTESIAN_POINT('',(0.679836647619502,0.855081644306567,-5.12996));
#15608=VECTOR('',#18303,1000.0);
#15609=CARTESIAN_POINT('',(2.00000016623289,0.194999884992316,-3.93096));
#15610=VECTOR('',#18304,1000.0);
#15611=COLOUR_RGB('',0.705882370471954,0.705882370471954,0.713725507259369);
#15612=CARTESIAN_POINT('',(-2.25111552927812,0.909895014302558,-4.42535947821763));
#15613=CARTESIAN_POINT('',(-2.32176380399044,0.990930793988168,-4.38096));
#15614=CARTESIAN_POINT('',(-2.29424471530337,0.982830846622708,-4.41178326238153));
#15615=CARTESIAN_POINT('',(-2.25736724959178,0.951398704176732,-4.4235264639419));
#15616=CARTESIAN_POINT('',(-2.25111552927812,0.909895014302564,-4.42535947821768));
#15617=CARTESIAN_POINT('',(-2.210000703435,0.89581030741409,-4.43114375033113));
#15618=CARTESIAN_POINT('',(-2.21000087274606,0.895810294494982,-4.43120569598016));
#15619=CARTESIAN_POINT('',(-2.22373089794553,0.901364325296477,-4.43116931047931));
#15620=CARTESIAN_POINT('',(-2.2374558748252,0.906030780706062,-4.42928542131888));
#15621=CARTESIAN_POINT('',(-2.25111552927813,0.909895014302559,-4.42535947821763));
#15622=CARTESIAN_POINT('',(-2.21000030992523,1.20873949022673,-4.43085810981482));
#15623=CARTESIAN_POINT('',(-2.21000034849176,1.20873920436827,-4.43096));
#15624=CARTESIAN_POINT('',(-2.21000039985888,1.10442964347668,-4.43096));
#15625=CARTESIAN_POINT('',(-2.21000045122601,1.00012008258509,-4.43096));
#15626=CARTESIAN_POINT('',(-2.21000050259313,0.8958105216935,-4.43096));
#15627=CARTESIAN_POINT('',(-2.36024461760007,1.22500028475354,-4.28405067015146));
#15628=CARTESIAN_POINT('',(-2.35828892775518,1.22501773850245,-4.36239848534429));
#15629=CARTESIAN_POINT('',(-2.28676498034893,1.22558050613359,-4.43086476482924));
#15630=CARTESIAN_POINT('',(-2.21000038048129,1.20873980002471,-4.43075826424273));
#15631=AXIS2_PLACEMENT_3D('',#18305,#18306,#18307);
#15632=COLOUR_RGB('',0.705882370471954,0.705882370471954,0.713725507259369);
#15633=CARTESIAN_POINT('',(-2.72499999996093,1.42567675960049,-1.0789899659436));
#15634=CARTESIAN_POINT('',(-2.72499999996408,0.925,-0.891794596154999));
#15635=VECTOR('',#18308,1000.0);
#15636=CARTESIAN_POINT('',(-2.025,1.4256767596005,-1.0789899659436));
#15637=CARTESIAN_POINT('',(-2.025,0.925,-0.891794596154999));
#15638=VECTOR('',#18309,1000.0);
#15639=CARTESIAN_POINT('',(0.0,1.42567675960049,-1.0789899659436));
#15640=VECTOR('',#18310,1000.0);
#15641=COLOUR_RGB('',0.705882370471954,0.705882370471954,0.713725507259369);
#15642=CARTESIAN_POINT('',(-2.72499999996707,2.72539438411253,-3.93096));
#15643=VECTOR('',#18311,1000.0);
#15644=CARTESIAN_POINT('',(-2.025,2.72539438411253,-3.93096));
#15645=VECTOR('',#18312,1000.0);
#15646=COLOUR_RGB('',0.705882370471954,0.705882370471954,0.713725507259369);
#15647=CARTESIAN_POINT('',(-2.025,1.11993778562226,-1.28496165677458));
#15648=CARTESIAN_POINT('',(-2.025,1.11993778562226,-1.2849616567746));
#15649=VECTOR('',#18313,1000.0);
#15650=AXIS2_PLACEMENT_3D('',#18314,#18315,#18316);
#15651=COLOUR_RGB('',0.705882370471954,0.705882370471954,0.713725507259369);
#15652=CARTESIAN_POINT('',(-2.025,0.925,-1.2120774052778));
#15653=VECTOR('',#18317,1000.0);
#15654=CARTESIAN_POINT('',(-2.025,0.925,-1.43096));
#15655=VECTOR('',#18318,1000.0);
#15656=COLOUR_RGB('',0.705882370471954,0.705882370471954,0.713725507259369);
#15657=CARTESIAN_POINT('',(-3.44999999996333,0.67500000001569,-4.13258171253046));
#15658=CARTESIAN_POINT('',(-3.44999999995973,0.80108077822707,-4.17339250700868));
#15659=CARTESIAN_POINT('',(-3.32652167436957,0.92499999999817,-4.17353521968097));
#15660=CARTESIAN_POINT('',(-3.19999999998362,0.925000000008924,-4.13258171256347));
#15661=COLOUR_RGB('',0.705882370471954,0.705882370471954,0.713725507259369);
#15662=CARTESIAN_POINT('',(-1.08609989193631,-1.225,-3.93096));
#15663=VECTOR('',#18319,1000.0);
#15664=AXIS2_PLACEMENT_3D('',#18320,#18321,#18322);
#15665=COLOUR_RGB('',0.705882370471954,0.705882370471954,0.713725507259369);
#15666=CARTESIAN_POINT('',(3.19083485511588,-0.434165131034104,-5.13021041701447));
#15667=CARTESIAN_POINT('',(1.85000005528178,0.925,-5.13096));
#15668=VECTOR('',#18323,1000.0);
#15669=AXIS2_PLACEMENT_3D('',#18324,#18325,#18326);
#15670=COLOUR_RGB('',0.705882370471954,0.705882370471954,0.713725507259369);
#15671=COLOUR_RGB('',0.705882370471954,0.705882370471954,0.713725507259369);
#15672=CARTESIAN_POINT('',(-1.875,0.925,-1.68096));
#15673=VECTOR('',#18327,1000.0);
#15674=COLOUR_RGB('',0.705882370471954,0.705882370471954,0.713725507259369);
#15675=CARTESIAN_POINT('',(-1.775,0.925,-1.58096));
#15676=VECTOR('',#18328,1000.0);
#15677=COLOUR_RGB('',0.705882370471954,0.705882370471954,0.713725507259369);
#15678=CARTESIAN_POINT('',(-1.775,0.925,-1.53096));
#15679=VECTOR('',#18329,1000.0);
#15680=COLOUR_RGB('',0.705882370471954,0.705882370471954,0.713725507259369);
#15681=CARTESIAN_POINT('',(-1.875,0.925,-1.43096));
#15682=VECTOR('',#18330,1000.0);
#15683=COLOUR_RGB('',0.705882370471954,0.705882370471954,0.713725507259369);
#15684=COLOUR_RGB('',0.705882370471954,0.705882370471954,0.713725507259369);
#15685=CARTESIAN_POINT('',(-2.72499999996602,0.925,-1.2120774052778));
#15686=VECTOR('',#18331,1000.0);
#15687=CARTESIAN_POINT('',(-2.025,0.925,-1.2120774052778));
#15688=VECTOR('',#18332,1000.0);
#15689=COLOUR_RGB('',0.705882370471954,0.705882370471954,0.713725507259369);
#15690=COLOUR_RGB('',0.705882370471954,0.705882370471954,0.713725507259369);
#15691=COLOUR_RGB('',0.705882370471954,0.705882370471954,0.713725507259369);
#15692=CARTESIAN_POINT('',(-0.199999999995012,1.025,-4.53096));
#15693=CARTESIAN_POINT('',(0.200000000004987,1.025,-4.53096));
#15694=CARTESIAN_POINT('',(-3.5087940565061,1.025,-4.53096));
#15695=VECTOR('',#18333,1000.0);
#15696=CARTESIAN_POINT('',(0.200000000004987,0.989679548579743,-4.53096));
#15697=VECTOR('',#18334,1000.0);
#15698=CARTESIAN_POINT('',(-0.199999999995012,0.989679548579743,-4.53096));
#15699=VECTOR('',#18335,1000.0);
#15700=COLOUR_RGB('',0.705882370471954,0.705882370471954,0.713725507259369);
#15701=CARTESIAN_POINT('',(-0.399999999995012,1.025,-4.23096));
#15702=CARTESIAN_POINT('',(0.400000000004987,1.025,-4.23096));
#15703=CARTESIAN_POINT('',(-3.5087940565061,1.025,-4.23096));
#15704=VECTOR('',#18336,1000.0);
#15705=AXIS2_PLACEMENT_3D('',#18337,#18338,#18339);
#15706=AXIS2_PLACEMENT_3D('',#18340,#18341,#18342);
#15707=COLOUR_RGB('',0.705882370471954,0.705882370471954,0.713725507259369);
#15708=CARTESIAN_POINT('',(0.400000000004987,1.025,-4.33096));
#15709=CARTESIAN_POINT('',(0.400000000004987,1.025,-0.43096));
#15710=VECTOR('',#18343,1000.0);
#15711=CARTESIAN_POINT('',(0.400000000004987,0.989679548579743,-4.33096));
#15712=VECTOR('',#18344,1000.0);
#15713=COLOUR_RGB('',0.705882370471954,0.705882370471954,0.713725507259369);
#15714=AXIS2_PLACEMENT_3D('',#18345,#18346,#18347);
#15715=COLOUR_RGB('',0.705882370471954,0.705882370471954,0.713725507259369);
#15716=CARTESIAN_POINT('',(-0.399999999995012,1.025,-4.33096));
#15717=AXIS2_PLACEMENT_3D('',#18348,#18349,#18350);
#15718=CARTESIAN_POINT('',(-0.399999999995012,0.989679548579743,-4.33096));
#15719=VECTOR('',#18351,1000.0);
#15720=COLOUR_RGB('',0.705882370471954,0.705882370471954,0.713725507259369);
#15721=CARTESIAN_POINT('',(-0.399999999995012,1.025,-0.43096));
#15722=VECTOR('',#18352,1000.0);
#15723=COLOUR_RGB('',0.705882370471954,0.705882370471954,0.713725507259369);
#15724=COLOUR_RGB('',0.705882370471954,0.705882370471954,0.713725507259369);
#15725=COLOUR_RGB('',0.705882370471954,0.705882370471954,0.713725507259369);
#15726=CARTESIAN_POINT('',(-1.8753256442435,0.56967712602997,-4.43096000000015));
#15727=CARTESIAN_POINT('',(-2.05358222275388,0.782115043874423,-4.43096));
#15728=CARTESIAN_POINT('',(-2.13770609596266,0.882369971994922,-4.43096000000013));
#15729=VECTOR('',#18353,1000.0);
#15730=CARTESIAN_POINT('',(-1.64551231130928,0.762513408931351,-4.43095999999978));
#15731=CARTESIAN_POINT('',(-1.87532564424378,0.569677126029735,-4.43096000000037));
#15732=VECTOR('',#18354,1000.0);
#15733=CARTESIAN_POINT('',(-1.82376888982101,0.974951326777431,-4.43095999999963));
#15734=CARTESIAN_POINT('',(-1.90789276302972,1.07520625489783,-4.43095999999977));
#15735=VECTOR('',#18355,1000.0);
#15736=AXIS2_PLACEMENT_3D('',#18356,#18357,#18358);
#15737=AXIS2_PLACEMENT_3D('',#18359,#18360,#18361);
#15738=COLOUR_RGB('',0.705882370471954,0.705882370471954,0.713725507259369);
#15739=CARTESIAN_POINT('',(-2.00388316618264,0.722886014652433,-5.13046));
#15740=CARTESIAN_POINT('',(-1.98815127592967,0.704137477930448,-5.12996));
#15741=AXIS2_PLACEMENT_3D('',#18362,#18363,#18364);
#15742=CARTESIAN_POINT('',(-1.77406983324559,0.915722297556499,-5.1309599999998));
#15743=CARTESIAN_POINT('',(-2.00388316618003,0.72288601465494,-5.13096000000025));
#15744=VECTOR('',#18365,1000.0);
#15745=CARTESIAN_POINT('',(-1.581233550341,0.685908964619435,-4.83096));
#15746=AXIS2_PLACEMENT_3D('',#18366,#18367,#18368);
#15747=CARTESIAN_POINT('',(-1.81104688327522,0.493072681718054,-4.83096000000042));
#15748=CARTESIAN_POINT('',(-1.81104688327621,0.493072681717229,-4.83096000000042));
#15749=VECTOR('',#18369,1000.0);
#15750=AXIS2_PLACEMENT_3D('',#18370,#18371,#18372);
#15751=COLOUR_RGB('',0.705882370471954,0.705882370471954,0.713725507259369);
#15752=CARTESIAN_POINT('',(-1.81104688327572,0.49307268171741,-4.53096000000042));
#15753=AXIS2_PLACEMENT_3D('',#18373,#18374,#18375);
#15754=CARTESIAN_POINT('',(-1.5812335503415,0.685908964618792,-4.53096));
#15755=CARTESIAN_POINT('',(-1.81104688327572,0.49307268171741,-4.53096000000042));
#15756=VECTOR('',#18376,1000.0);
#15757=AXIS2_PLACEMENT_3D('',#18377,#18378,#18379);
#15758=COLOUR_RGB('',0.705882370471954,0.705882370471954,0.713725507259369);
#15759=CARTESIAN_POINT('',(-1.82376888981989,0.974951326777431,-5.13095999999963));
#15760=CARTESIAN_POINT('',(-1.8237688898221,0.974951326776436,-3.9309599999998));
#15761=VECTOR('',#18380,1000.0);
#15762=CARTESIAN_POINT('',(-1.58123355034151,0.68590896461833,-3.93096));
#15763=VECTOR('',#18381,1000.0);
#15764=CARTESIAN_POINT('',(-1.9078927630286,1.07520625489783,-5.13095999999976));
#15765=VECTOR('',#18382,1000.0);
#15766=COLOUR_RGB('',0.705882370471954,0.705882370471954,0.713725507259369);
#15767=AXIS2_PLACEMENT_3D('',#18383,#18384,#18385);
#15768=COLOUR_RGB('',0.705882370471954,0.705882370471954,0.713725507259369);
#15769=CARTESIAN_POINT('',(-3.37677669529259,-0.248223249466618,-5.13046000000138));
#15770=CARTESIAN_POINT('',(-4.54999994474676,0.925,-5.13096000000531));
#15771=VECTOR('',#18386,1000.0);
#15772=CARTESIAN_POINT('',(-2.05358222275228,0.782115043867563,-5.13046));
#15773=CARTESIAN_POINT('',(-2.13770609596154,0.882369971994923,-5.13096000000013));
#15774=VECTOR('',#18387,1000.0);
#15775=CARTESIAN_POINT('',(-2.35999999999995,0.925000000001653,-5.13046000000019));
#15776=AXIS2_PLACEMENT_3D('',#18388,#18389,#18390);
#15777=CARTESIAN_POINT('',(-3.19999999998973,0.925000000008549,-5.13046000000026));
#15778=CARTESIAN_POINT('',(0.0,0.924999999994869,-5.13095999999944));
#15779=VECTOR('',#18391,1000.0);
#15780=CARTESIAN_POINT('',(-3.44999999997659,0.675000000009618,-5.13046000000018));
#15781=AXIS2_PLACEMENT_3D('',#18392,#18393,#18394);
#15782=CARTESIAN_POINT('',(-3.44999999998823,-0.0714465541684565,-5.13046000000116));
#15783=CARTESIAN_POINT('',(-3.44999999998973,0.925,-5.13096000000277));
#15784=VECTOR('',#18395,1000.0);
#15785=AXIS2_PLACEMENT_3D('',#18396,#18397,#18398);
#15786=COLOUR_RGB('',0.705882370471954,0.705882370471954,0.713725507259369);
#15787=CARTESIAN_POINT('',(1.77406983325662,0.915722297566472,-5.13096));
#15788=CARTESIAN_POINT('',(1.78185474995433,0.925,-5.13096));
#15789=VECTOR('',#18399,1000.0);
#15790=CARTESIAN_POINT('',(1.58123355034406,0.685908964636423,-4.83096000000012));
#15791=AXIS2_PLACEMENT_3D('',#18400,#18401,#18402);
#15792=CARTESIAN_POINT('',(1.58123355034406,0.685908964636423,-4.53096));
#15793=CARTESIAN_POINT('',(1.58123355034453,0.685908964636702,-3.93096));
#15794=VECTOR('',#18403,1000.0);
#15795=CARTESIAN_POINT('',(1.6455123113138,0.762513408947711,-4.43096));
#15796=AXIS2_PLACEMENT_3D('',#18404,#18405,#18406);
#15797=CARTESIAN_POINT('',(0.371062953343437,-0.75631619197966,-4.43095999999887));
#15798=VECTOR('',#18407,1000.0);
#15799=COLOUR_RGB('',0.705882370471954,0.705882370471954,0.713725507259369);
#15800=AXIS2_PLACEMENT_3D('',#18408,#18409,#18410);
#15801=CARTESIAN_POINT('',(-0.399999999995012,0.725,-4.23096));
#15802=VECTOR('',#18411,1000.0);
#15803=AXIS2_PLACEMENT_3D('',#18412,#18413,#18414);
#15804=COLOUR_RGB('',0.705882370471954,0.705882370471954,0.713725507259369);
#15805=CARTESIAN_POINT('',(0.400000000004988,0.845,-4.03096));
#15806=CARTESIAN_POINT('',(0.400000000004988,0.695,-4.03096));
#15807=VECTOR('',#18415,1000.0);
#15808=CARTESIAN_POINT('',(0.400000000004988,0.745,-3.93096));
#15809=VECTOR('',#18416,1000.0);
#15810=COLOUR_RGB('',0.705882370471954,0.705882370471954,0.713725507259369);
#15811=CARTESIAN_POINT('',(-0.399999999995012,0.845,-4.03096));
#15812=CARTESIAN_POINT('',(-0.399999999995012,0.745,-3.93096));
#15813=VECTOR('',#18417,1000.0);
#15814=CARTESIAN_POINT('',(-0.399999999995012,0.961543034477802,-4.03096));
#15815=VECTOR('',#18418,1000.0);
#15816=COLOUR_RGB('',0.705882370471954,0.705882370471954,0.713725507259369);
#15817=CARTESIAN_POINT('',(0.274999999999981,-1.225,-3.0165262432703));
#15818=VECTOR('',#18419,1000.0);
#15819=COLOUR_RGB('',0.705882370471954,0.705882370471954,0.713725507259369);
#15820=CARTESIAN_POINT('',(2.21000515259422,0.895812091222809,-4.4311556506403));
#15821=CARTESIAN_POINT('',(2.21000534502582,0.895812106652243,-4.43122294517343));
#15822=CARTESIAN_POINT('',(2.22373431706764,0.90136551909516,-4.43118241329159));
#15823=CARTESIAN_POINT('',(2.2374578339782,0.90603133492521,-4.42929493197644));
#15824=CARTESIAN_POINT('',(2.2511155292867,0.909895014291091,-4.42536593325215));
#15825=AXIS2_PLACEMENT_3D('',#18420,#18421,#18422);
#15826=CARTESIAN_POINT('',(2.21000057573109,0.895810526313592,-4.43096));
#15827=CARTESIAN_POINT('',(2.2100005168085,1.00012006472873,-4.43096));
#15828=CARTESIAN_POINT('',(2.21000045788592,1.10442960314387,-4.43096));
#15829=CARTESIAN_POINT('',(2.21000039896333,1.20873914155901,-4.43096));
#15830=COLOUR_RGB('',0.705882370471954,0.705882370471954,0.713725507259369);
#15831=CARTESIAN_POINT('',(1.87532564425418,0.569677126034462,-4.43095999999963));
#15832=CARTESIAN_POINT('',(1.87532564424473,0.569677126042399,-4.43095999999963));
#15833=VECTOR('',#18423,1000.0);
#15834=CARTESIAN_POINT('',(2.0535822227518,0.782115043860702,-4.43095999999979));
#15835=CARTESIAN_POINT('',(0.465850867345237,-1.1100695029839,-4.43095999999838));
#15836=VECTOR('',#18424,1000.0);
#15837=AXIS2_PLACEMENT_3D('',#18425,#18426,#18427);
#15838=COLOUR_RGB('',0.705882370471954,0.705882370471954,0.713725507259369);
#15839=CARTESIAN_POINT('',(1.81104688327499,0.493072681731109,-4.53095999999958));
#15840=CARTESIAN_POINT('',(1.81104688327548,0.493072681730929,-4.53095999999958));
#15841=VECTOR('',#18428,1000.0);
#15842=AXIS2_PLACEMENT_3D('',#18429,#18430,#18431);
#15843=COLOUR_RGB('',0.705882370471954,0.705882370471954,0.713725507259369);
#15844=CARTESIAN_POINT('',(1.81104688327499,0.493072681731109,-4.83095999999958));
#15845=CARTESIAN_POINT('',(1.98815127594545,0.704137477938068,-5.12996));
#15846=AXIS2_PLACEMENT_3D('',#18432,#18433,#18434);
#15847=CARTESIAN_POINT('',(1.81104688327499,0.493072681731109,-4.83095999999958));
#15848=VECTOR('',#18435,1000.0);
#15849=CARTESIAN_POINT('',(2.00388316618974,0.722886014659312,-5.13046));
#15850=CARTESIAN_POINT('',(2.00388316618309,0.722886014664786,-5.13095999999975));
#15851=VECTOR('',#18436,1000.0);
#15852=CARTESIAN_POINT('',(2.02873269447188,0.752500529259084,-5.12996));
#15853=VECTOR('',#18437,1000.0);
#15854=COLOUR_RGB('',0.705882370471954,0.705882370471954,0.713725507259369);
#15855=CARTESIAN_POINT('',(2.0535822227518,0.782115043860703,-5.13046000000008));
#15856=CARTESIAN_POINT('',(2.36,0.924999999987315,-5.13046));
#15857=AXIS2_PLACEMENT_3D('',#18438,#18439,#18440);
#15858=CARTESIAN_POINT('',(2.17347693675011,0.925,-5.13096));
#15859=VECTOR('',#18441,1000.0);
#15860=CARTESIAN_POINT('',(3.27355337676681,-0.351446595580263,-5.1304599999997));
#15861=CARTESIAN_POINT('',(4.54999994468124,0.925,-5.13096));
#15862=VECTOR('',#18442,1000.0);
#15863=CARTESIAN_POINT('',(3.37677669522298,-0.248223249462528,-5.13045999999973));
#15864=CARTESIAN_POINT('',(5.56209872673632,1.93709878204021,-5.12996));
#15865=VECTOR('',#18443,1000.0);
#15866=CARTESIAN_POINT('',(3.44999999992271,-0.0714465541650244,-5.1304599999995));
#15867=AXIS2_PLACEMENT_3D('',#18444,#18445,#18446);
#15868=CARTESIAN_POINT('',(3.44999999992165,0.674999999982256,-5.1304599999995));
#15869=CARTESIAN_POINT('',(3.44999999992421,0.925,-5.13096));
#15870=VECTOR('',#18447,1000.0);
#15871=CARTESIAN_POINT('',(3.19999999992635,0.924999999981187,-5.13046));
#15872=AXIS2_PLACEMENT_3D('',#18448,#18449,#18450);
#15873=CARTESIAN_POINT('',(0.0,0.924999999994869,-5.13096));
#15874=VECTOR('',#18451,1000.0);
#15875=COLOUR_RGB('',0.705882370471954,0.705882370471954,0.713725507259369);
#15876=CARTESIAN_POINT('',(0.0,0.825,-5.43095999999593));
#15877=VECTOR('',#18452,1000.0);
#15878=COLOUR_RGB('',0.705882370471954,0.705882370471954,0.713725507259369);
#15879=COLOUR_RGB('',0.705882370471954,0.705882370471954,0.713725507259369);
#15880=COLOUR_RGB('',0.705882370471954,0.705882370471954,0.713725507259369);
#15881=COLOUR_RGB('',0.705882370471954,0.705882370471954,0.713725507259369);
#15882=COLOUR_RGB('',0.705882370471954,0.705882370471954,0.713725507259369);
#15883=COLOUR_RGB('',0.705882370471954,0.705882370471954,0.713725507259369);
#15884=CARTESIAN_POINT('',(-2.00000016622246,0.194999885004415,-5.43096000000342));
#15885=CARTESIAN_POINT('',(0.0,1.19499996810777,-5.43095999999487));
#15886=VECTOR('',#18453,1000.0);
#15887=CARTESIAN_POINT('',(-2.00000016623379,0.194999884998849,-5.12996));
#15888=CARTESIAN_POINT('',(-2.0000001662234,0.194999885004415,-3.93096));
#15889=VECTOR('',#18454,1000.0);
#15890=CARTESIAN_POINT('',(-1.73499999999519,0.327499968117051,-5.12820999999068));
#15891=CARTESIAN_POINT('',(-0.679836647600554,0.855081644310268,-5.12996));
#15892=VECTOR('',#18455,1000.0);
#15893=CARTESIAN_POINT('',(-1.43999993622708,0.475,-5.1292099999938));
#15894=CARTESIAN_POINT('',(-1.64190883323033,0.374045551499169,-5.13095999998768));
#15895=VECTOR('',#18456,1000.0);
#15896=CARTESIAN_POINT('',(-1.29999999999048,0.54499996811775,-5.12920999999379));
#15897=CARTESIAN_POINT('',(-1.64190883323033,0.374045551499169,-5.12996));
#15898=VECTOR('',#18457,1000.0);
#15899=CARTESIAN_POINT('',(-1.64190883323033,0.374045551499169,-5.13095999998768));
#15900=VECTOR('',#18458,1000.0);
#15901=COLOUR_RGB('',0.705882370471954,0.705882370471954,0.713725507259369);
#15902=CARTESIAN_POINT('',(-2.2999999999972,0.194999885005322,-5.12795999999384));
#15903=CARTESIAN_POINT('',(-2.2999999999959,0.194999885005323,-5.4309600000047));
#15904=CARTESIAN_POINT('',(-2.30000000000231,0.194999885005323,-3.93096));
#15905=VECTOR('',#18459,1000.0);
#15906=CARTESIAN_POINT('',(5.15143483426073E-12,0.194999884993282,-5.12996));
#15907=VECTOR('',#18460,1000.0);
#15908=CARTESIAN_POINT('',(0.0,0.194999884998366,-5.43095999999487));
#15909=VECTOR('',#18461,1000.0);
#15910=COLOUR_RGB('',0.705882370471954,0.705882370471954,0.713725507259369);
#15911=CARTESIAN_POINT('',(2.72499999990394,0.925000000023301,-1.7809599999835));
#15912=VECTOR('',#18462,1000.0);
#15913=COLOUR_RGB('',0.705882370471954,0.705882370471954,0.713725507259369);
#15914=CARTESIAN_POINT('',(-2.40000000000164,-1.82499981424611,-5.43096000000513));
#15915=CARTESIAN_POINT('',(-2.40000000001111,-1.82499981424611,-3.2162804514254));
#15916=VECTOR('',#18463,1000.0);
#15917=CARTESIAN_POINT('',(-2.20000000000165,-1.62499981424671,-5.43096000000427));
#15918=AXIS2_PLACEMENT_3D('',#18464,#18465,#18466);
#15919=CARTESIAN_POINT('',(-2.20000000001111,-1.62499981424672,-3.2162804514245));
#15920=VECTOR('',#18467,1000.0);
#15921=COLOUR_RGB('',0.705882370471954,0.705882370471954,0.713725507259369);
#15922=CARTESIAN_POINT('',(0.0,-0.60500011500164,-5.43095999999487));
#15923=VECTOR('',#18468,1000.0);
#15924=CARTESIAN_POINT('',(5.15143483426073E-12,-0.605000114998388,-5.12996));
#15925=VECTOR('',#18469,1000.0);
#15926=COLOUR_RGB('',0.705882370471954,0.705882370471954,0.713725507259369);
#15927=CARTESIAN_POINT('',(-2.20000000000323,-0.805000114994979,-5.12795999999384));
#15928=CARTESIAN_POINT('',(-2.19999999999924,-0.805000114994984,-5.43096000000427));
#15929=CARTESIAN_POINT('',(-2.20000000000579,-0.80500011499498,-3.93096000000085));
#15930=VECTOR('',#18470,1000.0);
#15931=CARTESIAN_POINT('',(-2.20000000000564,-0.82500011499498,-5.12996));
#15932=VECTOR('',#18471,1000.0);
#15933=CARTESIAN_POINT('',(-2.19999999999393,0.925,-5.43096000000427));
#15934=VECTOR('',#18472,1000.0);
#15935=COLOUR_RGB('',0.705882370471954,0.705882370471954,0.713725507259369);
#15936=CARTESIAN_POINT('',(2.59999999999836,-1.82499981424611,-5.43095999998375));
#15937=CARTESIAN_POINT('',(0.0,-1.82499981424611,-5.43095999999487));
#15938=VECTOR('',#18473,1000.0);
#15939=CARTESIAN_POINT('',(2.59999999998355,-1.82499981424611,-1.9669576992495));
#15940=VECTOR('',#18474,1000.0);
#15941=COLOUR_RGB('',0.705882370471954,0.705882370471954,0.713725507259369);
#15942=CARTESIAN_POINT('',(2.02499999993448,0.925,-2.78096));
#15943=VECTOR('',#18475,1000.0);
#15944=CARTESIAN_POINT('',(2.02499999993448,0.925,-1.78096));
#15945=VECTOR('',#18476,1000.0);
#15946=COLOUR_RGB('',0.705882370471954,0.705882370471954,0.713725507259369);
#15947=COLOUR_RGB('',0.705882370471954,0.705882370471954,0.713725507259369);
#15948=CARTESIAN_POINT('',(2.3000000000041,0.194999884991409,-5.43095999998503));
#15949=CARTESIAN_POINT('',(2.3000000000028,0.194999884991409,-5.12795999999384));
#15950=CARTESIAN_POINT('',(2.29999999999769,0.194999884991408,-3.93096));
#15951=VECTOR('',#18477,1000.0);
#15952=CARTESIAN_POINT('',(0.0,0.194999884998366,-5.43095999999487));
#15953=VECTOR('',#18478,1000.0);
#15954=CARTESIAN_POINT('',(5.15143483426073E-12,0.194999884993282,-5.12996));
#15955=VECTOR('',#18479,1000.0);
#15956=COLOUR_RGB('',0.705882370471954,0.705882370471954,0.713725507259369);
#15957=CARTESIAN_POINT('',(2.79999999999963,-0.3050001150101,-5.12795999999384));
#15958=AXIS2_PLACEMENT_3D('',#18480,#18481,#18482);
#15959=CARTESIAN_POINT('',(2.80000000000243,-0.305000115010102,-5.43095999998289));
#15960=CARTESIAN_POINT('',(2.79999999999618,-0.3050001150101,-3.9309599999979));
#15961=VECTOR('',#18483,1000.0);
#15962=AXIS2_PLACEMENT_3D('',#18484,#18485,#18486);
#15963=COLOUR_RGB('',0.705882370471954,0.705882370471954,0.713725507259369);
#15964=COLOUR_RGB('',0.705882370471954,0.705882370471954,0.713725507259369);
#15965=CARTESIAN_POINT('',(-1.99999999999876,-0.60500011499559,-5.43096000000342));
#15966=AXIS2_PLACEMENT_3D('',#18487,#18488,#18489);
#15967=CARTESIAN_POINT('',(-2.00000000000007,-0.6050001149968,-5.12795999999384));
#15968=CARTESIAN_POINT('',(-2.00000000000518,-0.60500011499559,-3.93096));
#15969=VECTOR('',#18490,1000.0);
#15970=AXIS2_PLACEMENT_3D('',#18491,#18492,#18493);
#15971=COLOUR_RGB('',0.705882370471954,0.705882370471954,0.713725507259369);
#15972=CARTESIAN_POINT('',(-2.60000000000164,-1.82499981424611,-5.43096000000598));
#15973=CARTESIAN_POINT('',(-2.60000000001111,-1.82499981424611,-3.2162804514262));
#15974=VECTOR('',#18494,1000.0);
#15975=CARTESIAN_POINT('',(0.0,-1.82499981424611,-5.43095999999487));
#15976=VECTOR('',#18495,1000.0);
#15977=COLOUR_RGB('',0.705882370471954,0.705882370471954,0.713725507259369);
#15978=CARTESIAN_POINT('',(2.12499999993448,0.925,-2.88096));
#15979=VECTOR('',#18496,1000.0);
#15980=COLOUR_RGB('',0.705882370471954,0.705882370471954,0.713725507259369);
#15981=CARTESIAN_POINT('',(2.79999999999836,-1.62499981424671,-5.4309599999829));
#15982=AXIS2_PLACEMENT_3D('',#18497,#18498,#18499);
#15983=CARTESIAN_POINT('',(2.79999999998355,-1.62499981424672,-1.9669576992486));
#15984=VECTOR('',#18500,1000.0);
#15985=COLOUR_RGB('',0.705882370471954,0.705882370471954,0.713725507259369);
#15986=COLOUR_RGB('',0.705882370471954,0.705882370471954,0.713725507259369);
#15987=COLOUR_RGB('',0.705882370471954,0.705882370471954,0.713725507259369);
#15988=AXIS2_PLACEMENT_3D('',#18501,#18502,#18503);
#15989=COLOUR_RGB('',0.705882370471954,0.705882370471954,0.713725507259369);
#15990=CARTESIAN_POINT('',(2.20000000000607,0.925,-5.43095999998546));
#15991=VECTOR('',#18504,1000.0);
#15992=CARTESIAN_POINT('',(2.19999999999796,-0.855,-5.1279599999938));
#15993=CARTESIAN_POINT('',(2.199999999998,-1.74377441573609,-5.12595999998768));
#15994=VECTOR('',#18505,1000.0);
#15995=CARTESIAN_POINT('',(2.19999999999792,-0.50459165091185,-5.12996));
#15996=VECTOR('',#18506,1000.0);
#15997=COLOUR_RGB('',0.705882370471954,0.705882370471954,0.713725507259369);
#15998=CARTESIAN_POINT('',(2.80000000000607,0.925,-5.4309599999829));
#15999=VECTOR('',#18507,1000.0);
#16000=CARTESIAN_POINT('',(2.79999999999797,-0.50459165091185,-5.12996));
#16001=VECTOR('',#18508,1000.0);
#16002=COLOUR_RGB('',0.705882370471954,0.705882370471954,0.713725507259369);
#16003=AXIS2_PLACEMENT_3D('',#18509,#18510,#18511);
#16004=AXIS2_PLACEMENT_3D('',#18512,#18513,#18514);
#16005=COLOUR_RGB('',0.705882370471954,0.705882370471954,0.713725507259369);
#16006=CARTESIAN_POINT('',(5.15143483426073E-12,-0.60500011499801,-5.12996));
#16007=VECTOR('',#18515,1000.0);
#16008=CARTESIAN_POINT('',(0.0,-0.60500011500164,-5.43095999999487));
#16009=VECTOR('',#18516,1000.0);
#16010=COLOUR_RGB('',0.705882370471954,0.705882370471954,0.713725507259369);
#16011=COLOUR_RGB('',0.705882370471954,0.705882370471954,0.713725507259369);
#16012=CARTESIAN_POINT('',(1.68036695122344,-0.605000115003849,-5.13095999998768));
#16013=VECTOR('',#18517,1000.0);
#16014=CARTESIAN_POINT('',(0.0,-0.60500011500164,-5.43095999999487));
#16015=VECTOR('',#18518,1000.0);
#16016=COLOUR_RGB('',0.705882370471954,0.705882370471954,0.713725507259369);
#16017=COLOUR_RGB('',0.705882370471954,0.705882370471954,0.713725507259369);
#16018=COLOUR_RGB('',0.156862750649452,0.156862750649452,0.156862750649452);
#16019=CARTESIAN_POINT('',(3.27,0.545,-3.93096));
#16020=CARTESIAN_POINT('',(3.27,0.545,-3.93096));
#16021=VECTOR('',#18519,1000.0);
#16022=CARTESIAN_POINT('',(3.27,0.273553390593275,-3.93096));
#16023=VECTOR('',#18520,1000.0);
#16024=COLOUR_RGB('',0.156862750649452,0.156862750649452,0.156862750649452);
#16025=CARTESIAN_POINT('',(3.07,0.745,-3.93096));
#16026=CARTESIAN_POINT('',(3.07,0.745,-3.93096));
#16027=VECTOR('',#18521,1000.0);
#16028=AXIS2_PLACEMENT_3D('',#18522,#18523,#18524);
#16029=COLOUR_RGB('',0.156862750649452,0.156862750649452,0.156862750649452);
#16030=CARTESIAN_POINT('',(-2.51289321881345,-0.905,-5.07996));
#16031=CARTESIAN_POINT('',(-2.51289321881345,-0.905,-5.07996));
#16032=CARTESIAN_POINT('',(-2.53128590774365,-0.905,-5.08577627893145));
#16033=CARTESIAN_POINT('',(-2.54967581410285,-0.90398740514389,-5.09159356620262));
#16034=CARTESIAN_POINT('',(-2.57722265168702,-0.9009305261349,-5.09993910825983));
#16035=CARTESIAN_POINT('',(-2.58638750398365,-0.8996564229974,-5.10265398604687));
#16036=CARTESIAN_POINT('',(-2.60471936435639,-0.89658348452427,-5.10788891737706));
#16037=CARTESIAN_POINT('',(-2.61387760688691,-0.89478548889453,-5.1104064496968));
#16038=CARTESIAN_POINT('',(-2.63214439727223,-0.890661226834,-5.11514733037842));
#16039=CARTESIAN_POINT('',(-2.64125322583474,-0.8883349425837,-5.11737105365571));
#16040=CARTESIAN_POINT('',(-2.65032172410708,-0.88574255681473,-5.11939215947033));
#16041=CARTESIAN_POINT('',(-2.65938353738909,-0.8831520820649,-5.12141177539407));
#16042=CARTESIAN_POINT('',(-2.66845944618419,-0.88027964154067,-5.12324144782466));
#16043=CARTESIAN_POINT('',(-2.67749618800576,-0.8771290739999,-5.12479641475575));
#16044=CARTESIAN_POINT('',(-2.67986321615099,-0.876303833864718,-5.12520371315637));
#16045=CARTESIAN_POINT('',(-2.68222747229748,-0.875459540813578,-5.12559220595766));
#16046=CARTESIAN_POINT('',(-2.68458815953118,-0.874596377225191,-5.12596001303092));
#16047=CARTESIAN_POINT('',(-2.51289321881345,-0.905,-3.93096));
#16048=CARTESIAN_POINT('',(-2.51289321881345,-0.905,-3.93096));
#16049=VECTOR('',#18525,1000.0);
#16050=AXIS2_PLACEMENT_3D('',#18526,#18527,#18528);
#16051=CARTESIAN_POINT('',(-2.86644660940673,-0.75855339059327,-5.12996));
#16052=CARTESIAN_POINT('',(-2.86644660940673,-0.75855339059327,-3.93096));
#16053=VECTOR('',#18529,1000.0);
#16054=AXIS2_PLACEMENT_3D('',#18530,#18531,#18532);
#16055=COLOUR_RGB('',0.156862750649452,0.156862750649452,0.156862750649452);
#16056=CARTESIAN_POINT('',(-3.27,0.545,-3.93096));
#16057=CARTESIAN_POINT('',(-3.42,0.545,-4.08096));
#16058=VECTOR('',#18533,1000.0);
#16059=CARTESIAN_POINT('',(-3.07,0.745,-3.93096));
#16060=AXIS2_PLACEMENT_3D('',#18534,#18535,#18536);
#16061=CARTESIAN_POINT('',(-3.07,0.895,-4.08096));
#16062=VECTOR('',#18537,1000.0);
#16063=COLOUR_RGB('',0.156862750649452,0.156862750649452,0.156862750649452);
#16064=CARTESIAN_POINT('',(-2.72,-0.905,-5.12996));
#16065=VECTOR('',#18538,1000.0);
#16066=COLOUR_RGB('',0.156862750649452,0.156862750649452,0.156862750649452);
#16067=CARTESIAN_POINT('',(-2.25111552927594,0.909895014288047,-4.75546));
#16068=VECTOR('',#18539,1000.0);
#16069=COLOUR_RGB('',0.156862750649452,0.156862750649452,0.156862750649452);
#16070=CARTESIAN_POINT('',(-0.499999999995012,0.745,-3.93096));
#16071=CARTESIAN_POINT('',(-1.73499999999751,0.745,-3.93096));
#16072=VECTOR('',#18540,1000.0);
#16073=CARTESIAN_POINT('',(-0.499999999995012,0.745,-3.93096));
#16074=VECTOR('',#18541,1000.0);
#16075=COLOUR_RGB('',0.156862750649452,0.156862750649452,0.156862750649452);
#16076=CARTESIAN_POINT('',(-3.42,0.995,-4.18096));
#16077=VECTOR('',#18542,1000.0);
#16078=COLOUR_RGB('',0.156862750649452,0.156862750649452,0.156862750649452);
#16079=CARTESIAN_POINT('',(2.86644660940672,-0.75855339059327,-5.12996));
#16080=CARTESIAN_POINT('',(1.56020417454665,-2.06479582545335,-5.12996));
#16081=VECTOR('',#18543,1000.0);
#16082=CARTESIAN_POINT('',(2.86644660940672,-0.75855339059327,-3.93096));
#16083=VECTOR('',#18544,1000.0);
#16084=COLOUR_RGB('',0.156862750649452,0.156862750649452,0.156862750649452);
#16085=CARTESIAN_POINT('',(0.500000000004988,0.745,-3.93096));
#16086=CARTESIAN_POINT('',(0.500000000004988,0.745,-3.93096));
#16087=VECTOR('',#18545,1000.0);
#16088=CARTESIAN_POINT('',(1.73500000000249,0.745,-3.93096));
#16089=VECTOR('',#18546,1000.0);
#16090=COLOUR_RGB('',0.156862750649452,0.156862750649452,0.156862750649452);
#16091=CARTESIAN_POINT('',(-3.42,0.995,-4.18096));
#16092=VECTOR('',#18547,1000.0);
#16093=COLOUR_RGB('',0.156862750649452,0.156862750649452,0.156862750649452);
#16094=CARTESIAN_POINT('',(1.68036695121665,0.995,-5.13095999998768));
#16095=VECTOR('',#18548,1000.0);
#16096=COLOUR_RGB('',0.156862750649452,0.156862750649452,0.156862750649452);
#16097=CARTESIAN_POINT('',(1.30000000000118,0.995,-5.13095999998768));
#16098=CARTESIAN_POINT('',(1.68036695121665,0.995,-5.13095999998768));
#16099=VECTOR('',#18549,1000.0);
#16100=CARTESIAN_POINT('',(1.30000000000118,0.995,-3.93096));
#16101=VECTOR('',#18550,1000.0);
#16102=COLOUR_RGB('',0.156862750649452,0.156862750649452,0.156862750649452);
#16103=CARTESIAN_POINT('',(-1.73499999999586,-0.855,-5.13045999999485));
#16104=CARTESIAN_POINT('',(5.15143483426073E-12,-0.855,-5.12996));
#16105=VECTOR('',#18551,1000.0);
#16106=CARTESIAN_POINT('',(-1.73499999999485,-0.905,-5.07996));
#16107=AXIS2_PLACEMENT_3D('',#18552,#18553,#18554);
#16108=CARTESIAN_POINT('',(5.15143483426073E-12,-0.905,-5.07996));
#16109=VECTOR('',#18555,1000.0);
#16110=COLOUR_RGB('',0.156862750649452,0.156862750649452,0.156862750649452);
#16111=CARTESIAN_POINT('',(1.73500000000534,-0.855,-5.13045999999403));
#16112=CARTESIAN_POINT('',(1.73500000000515,-1.175,-5.12996));
#16113=VECTOR('',#18556,1000.0);
#16114=CARTESIAN_POINT('',(5.15143483426073E-12,-0.855,-5.12996));
#16115=VECTOR('',#18557,1000.0);
#16116=COLOUR_RGB('',0.156862750649452,0.156862750649452,0.156862750649452);
#16117=AXIS2_PLACEMENT_3D('',#18558,#18559,#18560);
#16118=CARTESIAN_POINT('',(1.73500000000515,0.475,-5.13020999999692));
#16119=CARTESIAN_POINT('',(1.73500000000515,-1.175,-5.12996));
#16120=VECTOR('',#18561,1000.0);
#16121=CARTESIAN_POINT('',(5.15143483426073E-12,0.475,-5.13095999998768));
#16122=VECTOR('',#18562,1000.0);
#16123=CARTESIAN_POINT('',(1.30000000000095,0.685908964636423,-5.13045999999407));
#16124=CARTESIAN_POINT('',(1.30000000000118,1.13443359913742,-5.12996));
#16125=VECTOR('',#18563,1000.0);
#16126=CARTESIAN_POINT('',(1.58123355034406,0.685908964636423,-5.12996));
#16127=CARTESIAN_POINT('',(1.44061677517262,0.685908964636423,-5.12996));
#16128=VECTOR('',#18564,1000.0);
#16129=CARTESIAN_POINT('',(1.81104688327499,0.493072681731109,-5.12996));
#16130=CARTESIAN_POINT('',(1.69614021680953,0.589490823183766,-5.12996));
#16131=VECTOR('',#18565,1000.0);
#16132=CARTESIAN_POINT('',(2.02873269447188,0.752500529259084,-5.12996));
#16133=VECTOR('',#18566,1000.0);
#16134=COLOUR_RGB('',0.156862750649452,0.156862750649452,0.156862750649452);
#16135=CARTESIAN_POINT('',(2.51289321881345,-0.905,-3.93096));
#16136=AXIS2_PLACEMENT_3D('',#18567,#18568,#18569);
#16137=CARTESIAN_POINT('',(2.51289321881345,-0.905,-5.07996));
#16138=CARTESIAN_POINT('',(2.51289321881345,-0.905,-3.93096));
#16139=VECTOR('',#18570,1000.0);
#16140=CARTESIAN_POINT('',(2.68458810299094,-0.874596397898604,-5.12596000422166));
#16141=CARTESIAN_POINT('',(2.682227434547,-0.875459554294545,-5.12559219975453));
#16142=CARTESIAN_POINT('',(2.67986319725362,-0.876303840453092,-5.12520370990467));
#16143=CARTESIAN_POINT('',(2.67749618800576,-0.8771290739999,-5.12479641475575));
#16144=CARTESIAN_POINT('',(2.66845944618418,-0.88027964154067,-5.12324144782466));
#16145=CARTESIAN_POINT('',(2.6593835373891,-0.88315208206489,-5.12141177539407));
#16146=CARTESIAN_POINT('',(2.65032172410708,-0.88574255681473,-5.11939215947033));
#16147=CARTESIAN_POINT('',(2.64125322583474,-0.8883349425837,-5.11737105365571));
#16148=CARTESIAN_POINT('',(2.63214439727223,-0.890661226834,-5.11514733037842));
#16149=CARTESIAN_POINT('',(2.6138776068869,-0.89478548889454,-5.1104064496968));
#16150=CARTESIAN_POINT('',(2.60471936435639,-0.89658348452427,-5.10788891737707));
#16151=CARTESIAN_POINT('',(2.58638750398365,-0.8996564229974,-5.10265398604687));
#16152=CARTESIAN_POINT('',(2.57722265168702,-0.9009305261349,-5.09993910825983));
#16153=CARTESIAN_POINT('',(2.54967581410285,-0.90398740514389,-5.09159356620262));
#16154=CARTESIAN_POINT('',(2.53128590774365,-0.905,-5.08577627893145));
#16155=CARTESIAN_POINT('',(2.51289321881345,-0.905,-5.07996));
#16156=COLOUR_RGB('',0.156862750649452,0.156862750649452,0.156862750649452);
#16157=CARTESIAN_POINT('',(-1.81104688327499,0.493072681731109,-5.12996));
#16158=CARTESIAN_POINT('',(-2.02873269447188,0.752500529259084,-5.12996));
#16159=VECTOR('',#18571,1000.0);
#16160=CARTESIAN_POINT('',(-1.58123355034406,0.685908964636423,-5.12996));
#16161=CARTESIAN_POINT('',(-1.69614021680953,0.589490823183766,-5.12996));
#16162=VECTOR('',#18572,1000.0);
#16163=CARTESIAN_POINT('',(-1.44061677517262,0.685908964636423,-5.12996));
#16164=VECTOR('',#18573,1000.0);
#16165=CARTESIAN_POINT('',(-1.29999999997977,-0.50459165091185,-5.13095999998768));
#16166=VECTOR('',#18574,1000.0);
#16167=CARTESIAN_POINT('',(-1.73499999999485,0.475,-5.13020999999692));
#16168=CARTESIAN_POINT('',(5.15143483426073E-12,0.475,-5.13095999998768));
#16169=VECTOR('',#18575,1000.0);
#16170=CARTESIAN_POINT('',(-1.73499999999485,0.895,-5.12996));
#16171=VECTOR('',#18576,1000.0);
#16172=COLOUR_RGB('',0.156862750649452,0.156862750649452,0.156862750649452);
#16173=CARTESIAN_POINT('',(-1.73499999999485,0.895,-5.12996));
#16174=VECTOR('',#18577,1000.0);
#16175=COLOUR_RGB('',0.156862750649452,0.156862750649452,0.156862750649452);
#16176=COLOUR_RGB('',0.156862750649452,0.156862750649452,0.156862750649452);
#16177=CARTESIAN_POINT('',(1.30000000000118,-0.50459165091185,-5.13095999998768));
#16178=VECTOR('',#18578,1000.0);
#16179=COLOUR_RGB('',0.156862750649452,0.156862750649452,0.156862750649452);
#16180=COLOUR_RGB('',0.156862750649452,0.156862750649452,0.156862750649452);
#16181=CARTESIAN_POINT('',(1.73500000000515,-1.10499999980559,-5.13095999998768));
#16182=CARTESIAN_POINT('',(1.73500000000515,-0.50459165091185,-5.13095999998768));
#16183=VECTOR('',#18579,1000.0);
#16184=CARTESIAN_POINT('',(1.42500000000499,-1.10499999941751,-5.13095999998768));
#16185=CARTESIAN_POINT('',(5.15143483426073E-12,-1.10499999942086,-5.13095999998768));
#16186=VECTOR('',#18580,1000.0);
#16187=CARTESIAN_POINT('',(5.15143483426073E-12,-1.10499999942086,-5.13095999998768));
#16188=VECTOR('',#18581,1000.0);
#16189=CARTESIAN_POINT('',(0.525000000004988,-1.1049999994181,-5.13095999998768));
#16190=CARTESIAN_POINT('',(5.15143483426073E-12,-1.10499999942086,-5.13095999998768));
#16191=VECTOR('',#18582,1000.0);
#16192=CARTESIAN_POINT('',(0.125000000004988,-1.10499999941751,-5.13095999998768));
#16193=CARTESIAN_POINT('',(5.15143483426073E-12,-1.10499999942086,-5.13095999998768));
#16194=VECTOR('',#18583,1000.0);
#16195=CARTESIAN_POINT('',(-0.124999999995012,-1.1049999994181,-5.13095999998768));
#16196=CARTESIAN_POINT('',(5.15143483426073E-12,-1.10499999942086,-5.13095999998768));
#16197=VECTOR('',#18584,1000.0);
#16198=CARTESIAN_POINT('',(-0.524999999995013,-1.10499999941751,-5.13095999998768));
#16199=CARTESIAN_POINT('',(5.15143483426073E-12,-1.10499999942086,-5.13095999998768));
#16200=VECTOR('',#18585,1000.0);
#16201=CARTESIAN_POINT('',(-0.774999999995013,-1.1049999994181,-5.13095999998768));
#16202=CARTESIAN_POINT('',(5.15143483426073E-12,-1.10499999942086,-5.13095999998768));
#16203=VECTOR('',#18586,1000.0);
#16204=CARTESIAN_POINT('',(-1.17499999999501,-1.10499999941751,-5.13095999998768));
#16205=CARTESIAN_POINT('',(5.15143483426073E-12,-1.10499999942086,-5.13095999998768));
#16206=VECTOR('',#18587,1000.0);
#16207=CARTESIAN_POINT('',(-1.42499999999501,-1.1049999994181,-5.13095999998768));
#16208=CARTESIAN_POINT('',(5.15143483426073E-12,-1.10499999942086,-5.13095999998768));
#16209=VECTOR('',#18588,1000.0);
#16210=CARTESIAN_POINT('',(-1.73499999999485,-1.10499999980831,-5.13095999998768));
#16211=CARTESIAN_POINT('',(5.15143483426073E-12,-1.10499999942086,-5.13095999998768));
#16212=VECTOR('',#18589,1000.0);
#16213=CARTESIAN_POINT('',(-1.73499999999485,-0.50459165091185,-5.13095999998768));
#16214=VECTOR('',#18590,1000.0);
#16215=COLOUR_RGB('',0.156862750649452,0.156862750649452,0.156862750649452);
#16216=COLOUR_RGB('',0.156862750649452,0.156862750649452,0.156862750649452);
#16217=CARTESIAN_POINT('',(0.525000000004988,-1.1049999994181,-3.85096));
#16218=VECTOR('',#18591,1000.0);
#16219=CARTESIAN_POINT('',(0.125000000005151,-1.105,-4.4809600000001));
#16220=CARTESIAN_POINT('',(5.15143483426073E-12,-1.105,-4.4809600000001));
#16221=VECTOR('',#18592,1000.0);
#16222=CARTESIAN_POINT('',(0.125000000004988,-1.105,-4.73443067369428));
#16223=CARTESIAN_POINT('',(0.125000000005151,-1.105,-3.93096));
#16224=VECTOR('',#18593,1000.0);
#16225=CARTESIAN_POINT('',(0.125000000004988,-1.10499999941751,-3.85096));
#16226=VECTOR('',#18594,1000.0);
#16227=COLOUR_RGB('',0.156862750649452,0.156862750649452,0.156862750649452);
#16228=CARTESIAN_POINT('',(-0.124999999994849,-1.105,-4.4809600000001));
#16229=CARTESIAN_POINT('',(-0.124999999995011,-1.105,-4.7344306736938));
#16230=CARTESIAN_POINT('',(-0.124999999994849,-1.105,-3.93096));
#16231=VECTOR('',#18595,1000.0);
#16232=CARTESIAN_POINT('',(-0.124999999995277,-0.99180805674837,-4.67080352483347));
#16233=AXIS2_PLACEMENT_3D('',#18596,#18597,#18598);
#16234=CARTESIAN_POINT('',(-0.124999999995481,-0.905,-4.63920797608257));
#16235=CARTESIAN_POINT('',(-0.124999999999762,0.919451992989792,-3.97516175678663));
#16236=VECTOR('',#18599,1000.0);
#16237=CARTESIAN_POINT('',(-0.124999999994849,-0.905,-4.4809600000001));
#16238=CARTESIAN_POINT('',(-0.124999999994849,-0.905,-4.73096));
#16239=VECTOR('',#18600,1000.0);
#16240=CARTESIAN_POINT('',(-0.124999999994849,-0.50459165091185,-4.4809600000001));
#16241=VECTOR('',#18601,1000.0);
#16242=COLOUR_RGB('',0.156862750649452,0.156862750649452,0.156862750649452);
#16243=CARTESIAN_POINT('',(0.12500000000305,-0.99180805674804,-4.67080352483356));
#16244=AXIS2_PLACEMENT_3D('',#18602,#18603,#18604);
#16245=CARTESIAN_POINT('',(0.125000000005151,-0.905,-4.4809600000001));
#16246=CARTESIAN_POINT('',(0.125000000005151,-0.50459165091185,-4.4809600000001));
#16247=VECTOR('',#18605,1000.0);
#16248=CARTESIAN_POINT('',(0.125000000004519,-0.905,-4.63920797608278));
#16249=CARTESIAN_POINT('',(0.125000000005151,-0.905,-4.4809600000001));
#16250=VECTOR('',#18606,1000.0);
#16251=CARTESIAN_POINT('',(0.125000000000238,0.919451992989794,-3.97516175678685));
#16252=VECTOR('',#18607,1000.0);
#16253=COLOUR_RGB('',0.156862750649452,0.156862750649452,0.156862750649452);
#16254=CARTESIAN_POINT('',(-0.124999999995012,-1.1049999994181,-3.85096));
#16255=VECTOR('',#18608,1000.0);
#16256=CARTESIAN_POINT('',(-0.524999999994849,-1.105,-4.4809600000001));
#16257=CARTESIAN_POINT('',(5.15143483426073E-12,-1.105,-4.4809600000001));
#16258=VECTOR('',#18609,1000.0);
#16259=CARTESIAN_POINT('',(-0.524999999995013,-1.105,-4.73443067369428));
#16260=CARTESIAN_POINT('',(-0.524999999994849,-1.105,-3.93096));
#16261=VECTOR('',#18610,1000.0);
#16262=CARTESIAN_POINT('',(-0.524999999995013,-1.10499999941751,-3.85096));
#16263=VECTOR('',#18611,1000.0);
#16264=COLOUR_RGB('',0.156862750649452,0.156862750649452,0.156862750649452);
#16265=CARTESIAN_POINT('',(-0.774999999994849,-1.105,-4.4809600000001));
#16266=CARTESIAN_POINT('',(-0.774999999995012,-1.105,-4.7344306736938));
#16267=CARTESIAN_POINT('',(-0.774999999994849,-1.105,-3.93096));
#16268=VECTOR('',#18612,1000.0);
#16269=CARTESIAN_POINT('',(-0.774999999995278,-0.99180805674837,-4.67080352483347));
#16270=AXIS2_PLACEMENT_3D('',#18613,#18614,#18615);
#16271=CARTESIAN_POINT('',(-0.774999999995482,-0.905,-4.63920797608257));
#16272=CARTESIAN_POINT('',(-0.774999999999763,0.919451992989792,-3.97516175678663));
#16273=VECTOR('',#18616,1000.0);
#16274=CARTESIAN_POINT('',(-0.774999999994849,-0.905,-4.4809600000001));
#16275=CARTESIAN_POINT('',(-0.774999999994849,-0.905,-4.73096));
#16276=VECTOR('',#18617,1000.0);
#16277=CARTESIAN_POINT('',(-0.774999999994849,-0.50459165091185,-4.4809600000001));
#16278=VECTOR('',#18618,1000.0);
#16279=COLOUR_RGB('',0.156862750649452,0.156862750649452,0.156862750649452);
#16280=CARTESIAN_POINT('',(-0.52499999999695,-0.99180805674804,-4.67080352483356));
#16281=AXIS2_PLACEMENT_3D('',#18619,#18620,#18621);
#16282=CARTESIAN_POINT('',(-0.524999999994849,-0.905,-4.4809600000001));
#16283=CARTESIAN_POINT('',(-0.524999999994849,-0.50459165091185,-4.4809600000001));
#16284=VECTOR('',#18622,1000.0);
#16285=CARTESIAN_POINT('',(-0.524999999995482,-0.905,-4.63920797608278));
#16286=CARTESIAN_POINT('',(-0.524999999994849,-0.905,-4.4809600000001));
#16287=VECTOR('',#18623,1000.0);
#16288=CARTESIAN_POINT('',(-0.524999999999763,0.919451992989794,-3.97516175678685));
#16289=VECTOR('',#18624,1000.0);
#16290=COLOUR_RGB('',0.156862750649452,0.156862750649452,0.156862750649452);
#16291=CARTESIAN_POINT('',(-0.774999999995013,-1.1049999994181,-3.85096));
#16292=VECTOR('',#18625,1000.0);
#16293=CARTESIAN_POINT('',(-1.17499999999485,-1.105,-4.4809600000001));
#16294=CARTESIAN_POINT('',(5.15143483426073E-12,-1.105,-4.4809600000001));
#16295=VECTOR('',#18626,1000.0);
#16296=CARTESIAN_POINT('',(-1.17499999999501,-1.105,-4.73443067369428));
#16297=CARTESIAN_POINT('',(-1.17499999999485,-1.105,-3.93096));
#16298=VECTOR('',#18627,1000.0);
#16299=CARTESIAN_POINT('',(-1.17499999999501,-1.10499999941751,-3.85096));
#16300=VECTOR('',#18628,1000.0);
#16301=COLOUR_RGB('',0.156862750649452,0.156862750649452,0.156862750649452);
#16302=CARTESIAN_POINT('',(-1.17499999999528,-0.99180805674778,-4.67080352483347));
#16303=AXIS2_PLACEMENT_3D('',#18629,#18630,#18631);
#16304=CARTESIAN_POINT('',(-1.17499999999485,-0.905,-4.4809600000001));
#16305=CARTESIAN_POINT('',(-1.17499999999485,-0.50459165091185,-4.4809600000001));
#16306=VECTOR('',#18632,1000.0);
#16307=CARTESIAN_POINT('',(-1.17499999999548,-0.905,-4.63920797608278));
#16308=CARTESIAN_POINT('',(-1.17499999999485,-0.905,-4.4809600000001));
#16309=VECTOR('',#18633,1000.0);
#16310=CARTESIAN_POINT('',(-1.17499999999976,0.919451992989794,-3.97516175678685));
#16311=VECTOR('',#18634,1000.0);
#16312=COLOUR_RGB('',0.156862750649452,0.156862750649452,0.156862750649452);
#16313=CARTESIAN_POINT('',(-1.42499999999485,-1.105,-4.4809600000001));
#16314=CARTESIAN_POINT('',(-1.42499999999501,-1.105,-4.7344306736938));
#16315=CARTESIAN_POINT('',(-1.42499999999485,-1.105,-3.93096));
#16316=VECTOR('',#18635,1000.0);
#16317=CARTESIAN_POINT('',(-1.42499999999528,-0.99180805674837,-4.67080352483347));
#16318=AXIS2_PLACEMENT_3D('',#18636,#18637,#18638);
#16319=CARTESIAN_POINT('',(-1.42499999999527,-0.905,-4.63920797608257));
#16320=CARTESIAN_POINT('',(-1.42499999999976,0.919451992989792,-3.97516175678663));
#16321=VECTOR('',#18639,1000.0);
#16322=CARTESIAN_POINT('',(-1.42499999999485,-0.905,-4.4809600000001));
#16323=CARTESIAN_POINT('',(-1.42499999999485,-0.905,-4.73096));
#16324=VECTOR('',#18640,1000.0);
#16325=CARTESIAN_POINT('',(-1.42499999999485,-0.50459165091185,-4.4809600000001));
#16326=VECTOR('',#18641,1000.0);
#16327=COLOUR_RGB('',0.156862750649452,0.156862750649452,0.156862750649452);
#16328=CARTESIAN_POINT('',(1.42500000000499,-1.105,-4.73443067369428));
#16329=CARTESIAN_POINT('',(1.42500000000515,-1.105,-4.4809600000001));
#16330=CARTESIAN_POINT('',(1.42500000000515,-1.105,-3.93096));
#16331=VECTOR('',#18642,1000.0);
#16332=CARTESIAN_POINT('',(1.42500000000499,-1.10499999941751,-3.85096));
#16333=VECTOR('',#18643,1000.0);
#16334=CARTESIAN_POINT('',(1.73500000000515,-1.105,-4.4809600000001));
#16335=CARTESIAN_POINT('',(1.73500000000515,-1.105,-3.93096));
#16336=VECTOR('',#18644,1000.0);
#16337=CARTESIAN_POINT('',(5.15143483426073E-12,-1.105,-4.4809600000001));
#16338=VECTOR('',#18645,1000.0);
#16339=COLOUR_RGB('',0.156862750649452,0.156862750649452,0.156862750649452);
#16340=CARTESIAN_POINT('',(1.17500000000472,-0.99180805674837,-4.67080352483347));
#16341=AXIS2_PLACEMENT_3D('',#18646,#18647,#18648);
#16342=CARTESIAN_POINT('',(1.17500000000452,-0.905,-4.63920797608257));
#16343=CARTESIAN_POINT('',(1.17500000000024,0.919451992989792,-3.97516175678663));
#16344=VECTOR('',#18649,1000.0);
#16345=CARTESIAN_POINT('',(1.17500000000515,-0.905,-4.4809600000001));
#16346=CARTESIAN_POINT('',(1.17500000000515,-0.905,-4.73096));
#16347=VECTOR('',#18650,1000.0);
#16348=CARTESIAN_POINT('',(1.17500000000515,-0.50459165091185,-4.4809600000001));
#16349=VECTOR('',#18651,1000.0);
#16350=COLOUR_RGB('',0.156862750649452,0.156862750649452,0.156862750649452);
#16351=CARTESIAN_POINT('',(1.42500000000305,-0.99180805674804,-4.67080352483356));
#16352=AXIS2_PLACEMENT_3D('',#18652,#18653,#18654);
#16353=CARTESIAN_POINT('',(1.42500000000515,-0.905,-4.4809600000001));
#16354=CARTESIAN_POINT('',(1.42500000000515,-0.50459165091185,-4.4809600000001));
#16355=VECTOR('',#18655,1000.0);
#16356=CARTESIAN_POINT('',(1.42500000000452,-0.905,-4.63920797608278));
#16357=CARTESIAN_POINT('',(1.42500000000515,-0.905,-4.4809600000001));
#16358=VECTOR('',#18656,1000.0);
#16359=CARTESIAN_POINT('',(1.42500000000024,0.919451992989794,-3.97516175678685));
#16360=VECTOR('',#18657,1000.0);
#16361=COLOUR_RGB('',0.156862750649452,0.156862750649452,0.156862750649452);
#16362=CARTESIAN_POINT('',(-1.49,0.265,-1.26096));
#16363=CARTESIAN_POINT('',(-1.49,0.295,-1.23096));
#16364=CARTESIAN_POINT('',(-1.49,0.295,-1.23096));
#16365=VECTOR('',#18658,1000.0);
#16366=CARTESIAN_POINT('',(-1.11,0.265,-1.26096));
#16367=CARTESIAN_POINT('',(2.22044604925031E-16,0.265,-1.26096));
#16368=VECTOR('',#18659,1000.0);
#16369=CARTESIAN_POINT('',(-1.11,0.295,-1.23096));
#16370=CARTESIAN_POINT('',(-1.11,0.295,-1.23096));
#16371=VECTOR('',#18660,1000.0);
#16372=CARTESIAN_POINT('',(5.15143483426073E-12,0.295,-1.23096));
#16373=VECTOR('',#18661,1000.0);
#16374=COLOUR_RGB('',0.156862750649452,0.156862750649452,0.156862750649452);
#16375=CARTESIAN_POINT('',(-0.84,0.265,-1.26096));
#16376=CARTESIAN_POINT('',(-0.84,0.295,-1.23096));
#16377=CARTESIAN_POINT('',(-0.84,0.295,-1.23096));
#16378=VECTOR('',#18662,1000.0);
#16379=CARTESIAN_POINT('',(-0.4625,0.265,-1.26096));
#16380=CARTESIAN_POINT('',(2.22044604925031E-16,0.265,-1.26096));
#16381=VECTOR('',#18663,1000.0);
#16382=CARTESIAN_POINT('',(-0.4625,0.295,-1.23096));
#16383=CARTESIAN_POINT('',(-0.4625,0.295,-1.23096));
#16384=VECTOR('',#18664,1000.0);
#16385=CARTESIAN_POINT('',(5.15143483426073E-12,0.295,-1.23096));
#16386=VECTOR('',#18665,1000.0);
#16387=COLOUR_RGB('',0.156862750649452,0.156862750649452,0.156862750649452);
#16388=CARTESIAN_POINT('',(-0.19,0.265,-1.26096));
#16389=CARTESIAN_POINT('',(-0.19,0.295,-1.23096));
#16390=CARTESIAN_POINT('',(-0.19,0.295,-1.23096));
#16391=VECTOR('',#18666,1000.0);
#16392=CARTESIAN_POINT('',(0.1875,0.265,-1.26096));
#16393=CARTESIAN_POINT('',(2.22044604925031E-16,0.265,-1.26096));
#16394=VECTOR('',#18667,1000.0);
#16395=CARTESIAN_POINT('',(0.1875,0.295,-1.23096));
#16396=CARTESIAN_POINT('',(0.1875,0.295,-1.23096));
#16397=VECTOR('',#18668,1000.0);
#16398=CARTESIAN_POINT('',(5.15143483426073E-12,0.295,-1.23096));
#16399=VECTOR('',#18669,1000.0);
#16400=COLOUR_RGB('',0.156862750649452,0.156862750649452,0.156862750649452);
#16401=CARTESIAN_POINT('',(0.46,0.265,-1.26096));
#16402=CARTESIAN_POINT('',(0.46,0.295,-1.23096));
#16403=CARTESIAN_POINT('',(0.46,0.295,-1.23096));
#16404=VECTOR('',#18670,1000.0);
#16405=CARTESIAN_POINT('',(0.8375,0.265,-1.26096));
#16406=CARTESIAN_POINT('',(2.22044604925031E-16,0.265,-1.26096));
#16407=VECTOR('',#18671,1000.0);
#16408=CARTESIAN_POINT('',(0.8375,0.295,-1.23096));
#16409=CARTESIAN_POINT('',(0.8375,0.295,-1.23096));
#16410=VECTOR('',#18672,1000.0);
#16411=CARTESIAN_POINT('',(5.15143483426073E-12,0.295,-1.23096));
#16412=VECTOR('',#18673,1000.0);
#16413=COLOUR_RGB('',0.156862750649452,0.156862750649452,0.156862750649452);
#16414=CARTESIAN_POINT('',(1.11,0.265,-1.26096));
#16415=CARTESIAN_POINT('',(1.11,0.295,-1.23096));
#16416=CARTESIAN_POINT('',(1.11,0.295,-1.23096));
#16417=VECTOR('',#18674,1000.0);
#16418=CARTESIAN_POINT('',(1.4875,0.265,-1.26096));
#16419=CARTESIAN_POINT('',(2.22044604925031E-16,0.265,-1.26096));
#16420=VECTOR('',#18675,1000.0);
#16421=CARTESIAN_POINT('',(1.4875,0.295,-1.23096));
#16422=CARTESIAN_POINT('',(1.4875,0.295,-1.23096));
#16423=VECTOR('',#18676,1000.0);
#16424=CARTESIAN_POINT('',(5.15143483426073E-12,0.295,-1.23096));
#16425=VECTOR('',#18677,1000.0);
#16426=COLOUR_RGB('',0.156862750649452,0.156862750649452,0.156862750649452);
#16427=CARTESIAN_POINT('',(1.73500000000515,-1.175,-4.08096));
#16428=AXIS2_PLACEMENT_3D('',#18678,#18679,#18680);
#16429=CARTESIAN_POINT('',(1.73500000000515,-0.905,-4.08096));
#16430=CARTESIAN_POINT('',(1.73500000000515,-0.50459165091185,-4.08096));
#16431=VECTOR('',#18681,1000.0);
#16432=CARTESIAN_POINT('',(1.58500000000515,-0.905,-3.93096));
#16433=AXIS2_PLACEMENT_3D('',#18682,#18683,#18684);
#16434=CARTESIAN_POINT('',(1.58500000000515,-0.50459165091185,-3.93096));
#16435=VECTOR('',#18685,1000.0);
#16436=COLOUR_RGB('',0.156862750649452,0.156862750649452,0.156862750649452);
#16437=CARTESIAN_POINT('',(-1.58499999999485,-0.905,-3.93096));
#16438=CARTESIAN_POINT('',(-1.58499999999485,-0.50459165091185,-3.93096));
#16439=VECTOR('',#18686,1000.0);
#16440=CARTESIAN_POINT('',(-1.73499999999485,-0.905,-4.08096));
#16441=AXIS2_PLACEMENT_3D('',#18687,#18688,#18689);
#16442=CARTESIAN_POINT('',(-1.73499999999485,-1.175,-4.08096));
#16443=CARTESIAN_POINT('',(-1.73499999999485,-0.50459165091185,-4.08096));
#16444=VECTOR('',#18690,1000.0);
#16445=AXIS2_PLACEMENT_3D('',#18691,#18692,#18693);
#16446=COLOUR_RGB('',0.156862750649452,0.156862750649452,0.156862750649452);
#16447=CARTESIAN_POINT('',(-3.27,0.273553390593275,-3.93096));
#16448=VECTOR('',#18694,1000.0);
#16449=COLOUR_RGB('',0.156862750649452,0.156862750649452,0.156862750649452);
#16450=CARTESIAN_POINT('',(0.500000000004988,0.695,-3.93096));
#16451=VECTOR('',#18695,1000.0);
#16452=COLOUR_RGB('',0.156862750649452,0.156862750649452,0.156862750649452);
#16453=CARTESIAN_POINT('',(-0.499999999995012,0.695,-3.93096));
#16454=VECTOR('',#18696,1000.0);
#16455=COLOUR_RGB('',0.156862750649452,0.156862750649452,0.156862750649452);
#16456=CARTESIAN_POINT('',(5.15143483426073E-12,-1.175,-3.93096));
#16457=VECTOR('',#18697,1000.0);
#16458=CARTESIAN_POINT('',(5.15143483426073E-12,-0.905,-3.93096));
#16459=VECTOR('',#18698,1000.0);
#16460=CARTESIAN_POINT('',(1.725,0.445,-3.93096));
#16461=AXIS2_PLACEMENT_3D('',#18699,#18700,#18701);
#16462=CARTESIAN_POINT('',(1.725,0.245,-3.93096));
#16463=CARTESIAN_POINT('',(1.725,-0.50459165091185,-3.93096));
#16464=VECTOR('',#18702,1000.0);
#16465=CARTESIAN_POINT('',(1.525,0.0450000000000002,-3.93096));
#16466=AXIS2_PLACEMENT_3D('',#18703,#18704,#18705);
#16467=CARTESIAN_POINT('',(1.4875,0.0450000000000002,-3.93096));
#16468=CARTESIAN_POINT('',(5.15143483426073E-12,0.0450000000000002,-3.93096));
#16469=VECTOR('',#18706,1000.0);
#16470=CARTESIAN_POINT('',(1.4875,0.165816698175822,-3.93096));
#16471=CARTESIAN_POINT('',(1.4875,0.0450000000000002,-3.93096));
#16472=VECTOR('',#18707,1000.0);
#16473=CARTESIAN_POINT('',(1.11,0.165816698175822,-3.93096));
#16474=CARTESIAN_POINT('',(1.10000000000201,0.165816698175822,-3.93096));
#16475=VECTOR('',#18708,1000.0);
#16476=CARTESIAN_POINT('',(1.11,0.0450000000000002,-3.93096));
#16477=CARTESIAN_POINT('',(1.11,0.0450000000000002,-3.93096));
#16478=VECTOR('',#18709,1000.0);
#16479=CARTESIAN_POINT('',(0.8375,0.0450000000000002,-3.93096));
#16480=CARTESIAN_POINT('',(5.15143483426073E-12,0.0450000000000002,-3.93096));
#16481=VECTOR('',#18710,1000.0);
#16482=CARTESIAN_POINT('',(0.8375,0.165816698175822,-3.93096));
#16483=CARTESIAN_POINT('',(0.8375,0.0450000000000002,-3.93096));
#16484=VECTOR('',#18711,1000.0);
#16485=CARTESIAN_POINT('',(0.46,0.165816698175822,-3.93096));
#16486=CARTESIAN_POINT('',(0.450000000002006,0.165816698175822,-3.93096));
#16487=VECTOR('',#18712,1000.0);
#16488=CARTESIAN_POINT('',(0.46,0.0450000000000002,-3.93096));
#16489=CARTESIAN_POINT('',(0.46,0.0450000000000002,-3.93096));
#16490=VECTOR('',#18713,1000.0);
#16491=CARTESIAN_POINT('',(0.1875,0.0450000000000002,-3.93096));
#16492=CARTESIAN_POINT('',(5.15143483426073E-12,0.0450000000000002,-3.93096));
#16493=VECTOR('',#18714,1000.0);
#16494=CARTESIAN_POINT('',(0.1875,0.165816698175822,-3.93096));
#16495=CARTESIAN_POINT('',(0.1875,0.0450000000000002,-3.93096));
#16496=VECTOR('',#18715,1000.0);
#16497=CARTESIAN_POINT('',(-0.19,0.165816698175822,-3.93096));
#16498=CARTESIAN_POINT('',(-0.199999999997994,0.165816698175822,-3.93096));
#16499=VECTOR('',#18716,1000.0);
#16500=CARTESIAN_POINT('',(-0.19,0.0450000000000002,-3.93096));
#16501=CARTESIAN_POINT('',(-0.19,0.0450000000000002,-3.93096));
#16502=VECTOR('',#18717,1000.0);
#16503=CARTESIAN_POINT('',(-0.4625,0.0450000000000002,-3.93096));
#16504=CARTESIAN_POINT('',(5.15143483426073E-12,0.0450000000000002,-3.93096));
#16505=VECTOR('',#18718,1000.0);
#16506=CARTESIAN_POINT('',(-0.4625,0.165816698175822,-3.93096));
#16507=CARTESIAN_POINT('',(-0.4625,0.0450000000000002,-3.93096));
#16508=VECTOR('',#18719,1000.0);
#16509=CARTESIAN_POINT('',(-0.84,0.165816698175822,-3.93096));
#16510=CARTESIAN_POINT('',(-0.849999999997995,0.165816698175822,-3.93096));
#16511=VECTOR('',#18720,1000.0);
#16512=CARTESIAN_POINT('',(-0.84,0.0450000000000002,-3.93096));
#16513=CARTESIAN_POINT('',(-0.84,0.0450000000000002,-3.93096));
#16514=VECTOR('',#18721,1000.0);
#16515=CARTESIAN_POINT('',(-1.11,0.0450000000000002,-3.93096));
#16516=CARTESIAN_POINT('',(5.15143483426073E-12,0.0450000000000002,-3.93096));
#16517=VECTOR('',#18722,1000.0);
#16518=CARTESIAN_POINT('',(-1.11,0.165816698175822,-3.93096));
#16519=CARTESIAN_POINT('',(-1.11,0.0450000000000002,-3.93096));
#16520=VECTOR('',#18723,1000.0);
#16521=CARTESIAN_POINT('',(-1.49,0.165816698175822,-3.93096));
#16522=CARTESIAN_POINT('',(-1.49999999999799,0.165816698175822,-3.93096));
#16523=VECTOR('',#18724,1000.0);
#16524=CARTESIAN_POINT('',(-1.49,0.0450000000000002,-3.93096));
#16525=CARTESIAN_POINT('',(-1.49,0.0450000000000002,-3.93096));
#16526=VECTOR('',#18725,1000.0);
#16527=CARTESIAN_POINT('',(-1.525,0.0450000000000002,-3.93096));
#16528=CARTESIAN_POINT('',(5.15143483426073E-12,0.0450000000000002,-3.93096));
#16529=VECTOR('',#18726,1000.0);
#16530=CARTESIAN_POINT('',(-1.725,0.245,-3.93096));
#16531=AXIS2_PLACEMENT_3D('',#18727,#18728,#18729);
#16532=CARTESIAN_POINT('',(-1.725,0.445,-3.93096));
#16533=CARTESIAN_POINT('',(-1.725,-0.50459165091185,-3.93096));
#16534=VECTOR('',#18730,1000.0);
#16535=AXIS2_PLACEMENT_3D('',#18731,#18732,#18733);
#16536=CARTESIAN_POINT('',(-1.99683531399357,-0.905,-3.93096));
#16537=VECTOR('',#18734,1000.0);
#16538=COLOUR_RGB('',0.156862750649452,0.156862750649452,0.156862750649452);
#16539=CARTESIAN_POINT('',(1.73500000000515,-0.905,-5.07996));
#16540=CARTESIAN_POINT('',(5.15143483426073E-12,-0.905,-5.07996));
#16541=VECTOR('',#18735,1000.0);
#16542=AXIS2_PLACEMENT_3D('',#18736,#18737,#18738);
#16543=COLOUR_RGB('',0.156862750649452,0.156862750649452,0.156862750649452);
#16544=CARTESIAN_POINT('',(-0.4625,0.265073886462148,-1.61880845288864));
#16545=CARTESIAN_POINT('',(-0.4625,0.265,-1.23096));
#16546=VECTOR('',#18739,1000.0);
#16547=CARTESIAN_POINT('',(-0.84,0.265073886462148,-1.61880845288864));
#16548=CARTESIAN_POINT('',(-0.84,0.265,-3.93096));
#16549=VECTOR('',#18740,1000.0);
#16550=CARTESIAN_POINT('',(-0.87,0.265,-1.61855668680919));
#16551=VECTOR('',#18741,1000.0);
#16552=COLOUR_RGB('',0.156862750649452,0.156862750649452,0.156862750649452);
#16553=CARTESIAN_POINT('',(-1.73499999999485,-0.905,-4.4809600000001));
#16554=CARTESIAN_POINT('',(4.1040024,-0.905,-4.4809600000001));
#16555=VECTOR('',#18742,1000.0);
#16556=CARTESIAN_POINT('',(-1.73499999999485,-1.105,-4.4809600000001));
#16557=CARTESIAN_POINT('',(-1.73499999999485,-0.50459165091185,-4.4809600000001));
#16558=VECTOR('',#18743,1000.0);
#16559=CARTESIAN_POINT('',(5.15143483426073E-12,-1.105,-4.4809600000001));
#16560=VECTOR('',#18744,1000.0);
#16561=COLOUR_RGB('',0.156862750649452,0.156862750649452,0.156862750649452);
#16562=CARTESIAN_POINT('',(4.1040024,-0.905,-4.4809600000001));
#16563=VECTOR('',#18745,1000.0);
#16564=COLOUR_RGB('',0.156862750649452,0.156862750649452,0.156862750649452);
#16565=CARTESIAN_POINT('',(4.1040024,-0.905,-4.4809600000001));
#16566=VECTOR('',#18746,1000.0);
#16567=COLOUR_RGB('',0.156862750649452,0.156862750649452,0.156862750649452);
#16568=CARTESIAN_POINT('',(4.1040024,-0.905,-4.4809600000001));
#16569=VECTOR('',#18747,1000.0);
#16570=COLOUR_RGB('',0.156862750649452,0.156862750649452,0.156862750649452);
#16571=CARTESIAN_POINT('',(4.1040024,-0.905,-4.4809600000001));
#16572=VECTOR('',#18748,1000.0);
#16573=COLOUR_RGB('',0.156862750649452,0.156862750649452,0.156862750649452);
#16574=CARTESIAN_POINT('',(1.73500000000515,-0.905,-4.4809600000001));
#16575=CARTESIAN_POINT('',(1.73500000000515,-0.905,-3.93096));
#16576=VECTOR('',#18749,1000.0);
#16577=CARTESIAN_POINT('',(1.73500000000515,-0.50459165091185,-4.4809600000001));
#16578=VECTOR('',#18750,1000.0);
#16579=COLOUR_RGB('',0.156862750649452,0.156862750649452,0.156862750649452);
#16580=CARTESIAN_POINT('',(-1.73499999999485,-0.905,-3.93096));
#16581=VECTOR('',#18751,1000.0);
#16582=CARTESIAN_POINT('',(-1.73499999999485,-1.105,-3.93096));
#16583=VECTOR('',#18752,1000.0);
#16584=COLOUR_RGB('',0.156862750649452,0.156862750649452,0.156862750649452);
#16585=CARTESIAN_POINT('',(5.15143483426073E-12,-0.905,-4.63920797608379));
#16586=VECTOR('',#18753,1000.0);
#16587=CARTESIAN_POINT('',(5.15143483426073E-12,-0.905,-4.63920797608323));
#16588=VECTOR('',#18754,1000.0);
#16589=CARTESIAN_POINT('',(5.15143483426073E-12,-0.905,-4.63920797608268));
#16590=VECTOR('',#18755,1000.0);
#16591=CARTESIAN_POINT('',(5.15143483426073E-12,-0.905,-4.63920797608212));
#16592=VECTOR('',#18756,1000.0);
#16593=CARTESIAN_POINT('',(5.15143483426073E-12,-0.905,-4.63920797608157));
#16594=VECTOR('',#18757,1000.0);
#16595=CARTESIAN_POINT('',(4.1040024,-0.905,-4.4809600000001));
#16596=VECTOR('',#18758,1000.0);
#16597=CARTESIAN_POINT('',(1.73500000000515,-0.905,-4.33096));
#16598=CARTESIAN_POINT('',(1.73500000000515,-0.905,-3.93096));
#16599=VECTOR('',#18759,1000.0);
#16600=CARTESIAN_POINT('',(-1.73499999999485,-0.905,-4.33096));
#16601=CARTESIAN_POINT('',(4.1040024,-0.905,-4.33096));
#16602=VECTOR('',#18760,1000.0);
#16603=CARTESIAN_POINT('',(-1.73499999999485,-0.905,-4.02320272172372));
#16604=VECTOR('',#18761,1000.0);
#16605=COLOUR_RGB('',0.156862750649452,0.156862750649452,0.156862750649452);
#16606=CARTESIAN_POINT('',(-1.42499999999501,-1.1049999994181,-3.85096));
#16607=VECTOR('',#18762,1000.0);
#16608=COLOUR_RGB('',0.156862750649452,0.156862750649452,0.156862750649452);
#16609=COLOUR_RGB('',0.156862750649452,0.156862750649452,0.156862750649452);
#16610=CARTESIAN_POINT('',(-1.73499999999485,-1.175,-4.33096));
#16611=CARTESIAN_POINT('',(1.73500000000515,-1.175,-4.33096));
#16612=CARTESIAN_POINT('',(5.15143483426073E-12,-1.175,-4.33096));
#16613=VECTOR('',#18763,1000.0);
#16614=CARTESIAN_POINT('',(1.73500000000515,-1.175,-3.93096));
#16615=VECTOR('',#18764,1000.0);
#16616=CARTESIAN_POINT('',(-1.73499999999485,-1.175,-3.93096));
#16617=VECTOR('',#18765,1000.0);
#16618=COLOUR_RGB('',0.156862750649452,0.156862750649452,0.156862750649452);
#16619=CARTESIAN_POINT('',(1.30000000000118,0.685908964636423,-5.12996));
#16620=VECTOR('',#18766,1000.0);
#16621=COLOUR_RGB('',0.156862750649452,0.156862750649452,0.156862750649452);
#16622=CARTESIAN_POINT('',(1.4875,0.265073886462148,-1.61880845288864));
#16623=CARTESIAN_POINT('',(1.4875,0.265,-1.23096));
#16624=VECTOR('',#18767,1000.0);
#16625=CARTESIAN_POINT('',(1.11,0.265073886462148,-1.61880845288864));
#16626=CARTESIAN_POINT('',(1.11,0.265,-3.93096));
#16627=VECTOR('',#18768,1000.0);
#16628=CARTESIAN_POINT('',(1.08,0.265,-1.61855668680919));
#16629=VECTOR('',#18769,1000.0);
#16630=COLOUR_RGB('',0.156862750649452,0.156862750649452,0.156862750649452);
#16631=CARTESIAN_POINT('',(-1.11,0.265073886462148,-1.61880845288864));
#16632=CARTESIAN_POINT('',(-1.11,0.265,-1.23096));
#16633=VECTOR('',#18770,1000.0);
#16634=CARTESIAN_POINT('',(-1.49,0.265073886462148,-1.61880845288864));
#16635=CARTESIAN_POINT('',(-1.49,0.265,-3.93096));
#16636=VECTOR('',#18771,1000.0);
#16637=CARTESIAN_POINT('',(-1.52,0.265,-1.61855668680919));
#16638=VECTOR('',#18772,1000.0);
#16639=COLOUR_RGB('',0.156862750649452,0.156862750649452,0.156862750649452);
#16640=CARTESIAN_POINT('',(0.8375,0.265073886462148,-1.61880845288864));
#16641=CARTESIAN_POINT('',(0.8375,0.265,-1.23096));
#16642=VECTOR('',#18773,1000.0);
#16643=CARTESIAN_POINT('',(0.46,0.265073886462148,-1.61880845288864));
#16644=CARTESIAN_POINT('',(0.46,0.265,-3.93096));
#16645=VECTOR('',#18774,1000.0);
#16646=CARTESIAN_POINT('',(0.430000000000009,0.265,-1.61855668680919));
#16647=VECTOR('',#18775,1000.0);
#16648=COLOUR_RGB('',0.156862750649452,0.156862750649452,0.156862750649452);
#16649=CARTESIAN_POINT('',(0.1875,0.265073886462148,-1.61880845288864));
#16650=CARTESIAN_POINT('',(0.1875,0.265,-1.23096));
#16651=VECTOR('',#18776,1000.0);
#16652=CARTESIAN_POINT('',(-0.19,0.265073886462148,-1.61880845288864));
#16653=CARTESIAN_POINT('',(-0.19,0.265,-3.93096));
#16654=VECTOR('',#18777,1000.0);
#16655=CARTESIAN_POINT('',(-0.219999999999991,0.265,-1.61855668680919));
#16656=VECTOR('',#18778,1000.0);
#16657=COLOUR_RGB('',0.156862750649452,0.156862750649452,0.156862750649452);
#16658=CARTESIAN_POINT('',(0.1875,0.0450000000000001,-1.43096));
#16659=CARTESIAN_POINT('',(0.1875,0.0450000000000002,-3.93096));
#16660=VECTOR('',#18779,1000.0);
#16661=CARTESIAN_POINT('',(0.1875,0.245,-1.23096));
#16662=AXIS2_PLACEMENT_3D('',#18780,#18781,#18782);
#16663=CARTESIAN_POINT('',(0.1875,-0.50459165091185,-1.23096));
#16664=VECTOR('',#18783,1000.0);
#16665=CARTESIAN_POINT('',(0.1875,0.165408348284598,-1.81855669042507));
#16666=AXIS2_PLACEMENT_3D('',#18784,#18785,#18786);
#16667=CARTESIAN_POINT('',(0.1875,0.165816698175821,-1.85127629282934));
#16668=VECTOR('',#18787,1000.0);
#16669=COLOUR_RGB('',0.156862750649452,0.156862750649452,0.156862750649452);
#16670=CARTESIAN_POINT('',(-0.19,0.245,-1.23096));
#16671=CARTESIAN_POINT('',(-0.19,0.0450000000000001,-1.43096));
#16672=AXIS2_PLACEMENT_3D('',#18788,#18789,#18790);
#16673=CARTESIAN_POINT('',(-0.19,0.0450000000000002,-3.93096));
#16674=VECTOR('',#18791,1000.0);
#16675=CARTESIAN_POINT('',(-0.19,0.165408348284302,-1.81855669042507));
#16676=CARTESIAN_POINT('',(-0.19,0.165816698175821,-1.85127629282934));
#16677=VECTOR('',#18792,1000.0);
#16678=AXIS2_PLACEMENT_3D('',#18793,#18794,#18795);
#16679=CARTESIAN_POINT('',(-0.19,-0.50459165091185,-1.23096));
#16680=VECTOR('',#18796,1000.0);
#16681=COLOUR_RGB('',0.156862750649452,0.156862750649452,0.156862750649452);
#16682=CARTESIAN_POINT('',(-1.49,0.245,-1.23096));
#16683=CARTESIAN_POINT('',(-1.49,0.0450000000000001,-1.43096));
#16684=AXIS2_PLACEMENT_3D('',#18797,#18798,#18799);
#16685=CARTESIAN_POINT('',(-1.49,0.0450000000000002,-3.93096));
#16686=VECTOR('',#18800,1000.0);
#16687=CARTESIAN_POINT('',(-1.49,0.165408348284302,-1.81855669042507));
#16688=CARTESIAN_POINT('',(-1.49,0.165816698175821,-1.85127629282934));
#16689=VECTOR('',#18801,1000.0);
#16690=AXIS2_PLACEMENT_3D('',#18802,#18803,#18804);
#16691=CARTESIAN_POINT('',(-1.49,-0.50459165091185,-1.23096));
#16692=VECTOR('',#18805,1000.0);
#16693=COLOUR_RGB('',0.156862750649452,0.156862750649452,0.156862750649452);
#16694=CARTESIAN_POINT('',(-1.11,0.0450000000000001,-1.43096));
#16695=CARTESIAN_POINT('',(-1.11,0.0450000000000002,-3.93096));
#16696=VECTOR('',#18806,1000.0);
#16697=CARTESIAN_POINT('',(-1.11,0.245,-1.23096));
#16698=AXIS2_PLACEMENT_3D('',#18807,#18808,#18809);
#16699=CARTESIAN_POINT('',(-1.11,-0.50459165091185,-1.23096));
#16700=VECTOR('',#18810,1000.0);
#16701=CARTESIAN_POINT('',(-1.11,0.1654083482846,-1.81855669042507));
#16702=AXIS2_PLACEMENT_3D('',#18811,#18812,#18813);
#16703=CARTESIAN_POINT('',(-1.11,0.165816698175821,-1.85127629282934));
#16704=VECTOR('',#18814,1000.0);
#16705=COLOUR_RGB('',0.156862750649452,0.156862750649452,0.156862750649452);
#16706=CARTESIAN_POINT('',(1.4875,0.0450000000000001,-1.43096));
#16707=CARTESIAN_POINT('',(1.4875,0.0450000000000002,-3.93096));
#16708=VECTOR('',#18815,1000.0);
#16709=CARTESIAN_POINT('',(1.4875,0.245,-1.23096));
#16710=AXIS2_PLACEMENT_3D('',#18816,#18817,#18818);
#16711=CARTESIAN_POINT('',(1.4875,-0.50459165091185,-1.23096));
#16712=VECTOR('',#18819,1000.0);
#16713=CARTESIAN_POINT('',(1.4875,0.165408348284598,-1.81855669042507));
#16714=AXIS2_PLACEMENT_3D('',#18820,#18821,#18822);
#16715=CARTESIAN_POINT('',(1.4875,0.165816698175821,-1.85127629282934));
#16716=VECTOR('',#18823,1000.0);
#16717=COLOUR_RGB('',0.156862750649452,0.156862750649452,0.156862750649452);
#16718=CARTESIAN_POINT('',(-0.4625,0.0450000000000001,-1.43096));
#16719=CARTESIAN_POINT('',(-0.4625,0.0450000000000002,-3.93096));
#16720=VECTOR('',#18824,1000.0);
#16721=CARTESIAN_POINT('',(-0.4625,0.245,-1.23096));
#16722=AXIS2_PLACEMENT_3D('',#18825,#18826,#18827);
#16723=CARTESIAN_POINT('',(-0.4625,-0.50459165091185,-1.23096));
#16724=VECTOR('',#18828,1000.0);
#16725=CARTESIAN_POINT('',(-0.4625,0.165408348284598,-1.81855669042507));
#16726=AXIS2_PLACEMENT_3D('',#18829,#18830,#18831);
#16727=CARTESIAN_POINT('',(-0.4625,0.165816698175821,-1.85127629282934));
#16728=VECTOR('',#18832,1000.0);
#16729=COLOUR_RGB('',0.156862750649452,0.156862750649452,0.156862750649452);
#16730=CARTESIAN_POINT('',(-0.84,0.245,-1.23096));
#16731=CARTESIAN_POINT('',(-0.84,0.0450000000000001,-1.43096));
#16732=AXIS2_PLACEMENT_3D('',#18833,#18834,#18835);
#16733=CARTESIAN_POINT('',(-0.84,0.0450000000000002,-3.93096));
#16734=VECTOR('',#18836,1000.0);
#16735=CARTESIAN_POINT('',(-0.84,0.165408348284302,-1.81855669042507));
#16736=CARTESIAN_POINT('',(-0.84,0.165816698175821,-1.85127629282934));
#16737=VECTOR('',#18837,1000.0);
#16738=AXIS2_PLACEMENT_3D('',#18838,#18839,#18840);
#16739=CARTESIAN_POINT('',(-0.84,-0.50459165091185,-1.23096));
#16740=VECTOR('',#18841,1000.0);
#16741=COLOUR_RGB('',0.156862750649452,0.156862750649452,0.156862750649452);
#16742=CARTESIAN_POINT('',(1.11,0.245,-1.23096));
#16743=CARTESIAN_POINT('',(1.11,0.0450000000000001,-1.43096));
#16744=AXIS2_PLACEMENT_3D('',#18842,#18843,#18844);
#16745=CARTESIAN_POINT('',(1.11,0.0450000000000002,-3.93096));
#16746=VECTOR('',#18845,1000.0);
#16747=CARTESIAN_POINT('',(1.11,0.165408348284302,-1.81855669042507));
#16748=CARTESIAN_POINT('',(1.11,0.165816698175821,-1.85127629282934));
#16749=VECTOR('',#18846,1000.0);
#16750=AXIS2_PLACEMENT_3D('',#18847,#18848,#18849);
#16751=CARTESIAN_POINT('',(1.11,-0.50459165091185,-1.23096));
#16752=VECTOR('',#18850,1000.0);
#16753=COLOUR_RGB('',0.156862750649452,0.156862750649452,0.156862750649452);
#16754=CARTESIAN_POINT('',(0.8375,0.0450000000000001,-1.43096));
#16755=CARTESIAN_POINT('',(0.8375,0.0450000000000002,-3.93096));
#16756=VECTOR('',#18851,1000.0);
#16757=CARTESIAN_POINT('',(0.8375,0.245,-1.23096));
#16758=AXIS2_PLACEMENT_3D('',#18852,#18853,#18854);
#16759=CARTESIAN_POINT('',(0.8375,-0.50459165091185,-1.23096));
#16760=VECTOR('',#18855,1000.0);
#16761=CARTESIAN_POINT('',(0.8375,0.165408348284598,-1.81855669042507));
#16762=AXIS2_PLACEMENT_3D('',#18856,#18857,#18858);
#16763=CARTESIAN_POINT('',(0.8375,0.165816698175821,-1.85127629282934));
#16764=VECTOR('',#18859,1000.0);
#16765=COLOUR_RGB('',0.156862750649452,0.156862750649452,0.156862750649452);
#16766=CARTESIAN_POINT('',(0.46,0.245,-1.23096));
#16767=CARTESIAN_POINT('',(0.46,0.0450000000000001,-1.43096));
#16768=AXIS2_PLACEMENT_3D('',#18860,#18861,#18862);
#16769=CARTESIAN_POINT('',(0.46,0.0450000000000002,-3.93096));
#16770=VECTOR('',#18863,1000.0);
#16771=CARTESIAN_POINT('',(0.46,0.165408348284302,-1.81855669042507));
#16772=CARTESIAN_POINT('',(0.46,0.165816698175821,-1.85127629282934));
#16773=VECTOR('',#18864,1000.0);
#16774=AXIS2_PLACEMENT_3D('',#18865,#18866,#18867);
#16775=CARTESIAN_POINT('',(0.46,-0.50459165091185,-1.23096));
#16776=VECTOR('',#18868,1000.0);
#16777=COLOUR_RGB('',0.156862750649452,0.156862750649452,0.156862750649452);
#16778=CARTESIAN_POINT('',(1.525,0.0450000000000001,-1.43096));
#16779=CARTESIAN_POINT('',(5.15143483426073E-12,0.0450000000000001,-1.43096));
#16780=VECTOR('',#18869,1000.0);
#16781=CARTESIAN_POINT('',(1.525,0.245,-1.23096));
#16782=AXIS2_PLACEMENT_3D('',#18870,#18871,#18872);
#16783=CARTESIAN_POINT('',(5.15143483426073E-12,0.245,-1.23096));
#16784=VECTOR('',#18873,1000.0);
#16785=COLOUR_RGB('',0.156862750649452,0.156862750649452,0.156862750649452);
#16786=CARTESIAN_POINT('',(5.15143483426073E-12,0.0450000000000001,-1.43096));
#16787=VECTOR('',#18874,1000.0);
#16788=COLOUR_RGB('',0.156862750649452,0.156862750649452,0.156862750649452);
#16789=CARTESIAN_POINT('',(5.15143483426073E-12,0.0450000000000001,-1.43096));
#16790=VECTOR('',#18875,1000.0);
#16791=CARTESIAN_POINT('',(5.15143483426073E-12,0.245,-1.23096));
#16792=VECTOR('',#18876,1000.0);
#16793=COLOUR_RGB('',0.156862750649452,0.156862750649452,0.156862750649452);
#16794=CARTESIAN_POINT('',(-1.525,0.0450000000000001,-1.43096));
#16795=CARTESIAN_POINT('',(5.15143483426073E-12,0.0450000000000001,-1.43096));
#16796=VECTOR('',#18877,1000.0);
#16797=CARTESIAN_POINT('',(-1.525,0.0450000000000002,-3.93096));
#16798=VECTOR('',#18878,1000.0);
#16799=COLOUR_RGB('',0.156862750649452,0.156862750649452,0.156862750649452);
#16800=CARTESIAN_POINT('',(5.15143483426073E-12,0.245,-1.23096));
#16801=VECTOR('',#18879,1000.0);
#16802=CARTESIAN_POINT('',(5.15143483426073E-12,0.0450000000000001,-1.43096));
#16803=VECTOR('',#18880,1000.0);
#16804=COLOUR_RGB('',0.156862750649452,0.156862750649452,0.156862750649452);
#16805=COLOUR_RGB('',0.156862750649452,0.156862750649452,0.156862750649452);
#16806=CARTESIAN_POINT('',(5.15143483426073E-12,0.245,-1.23096));
#16807=VECTOR('',#18881,1000.0);
#16808=CARTESIAN_POINT('',(5.15143483426073E-12,0.0450000000000001,-1.43096));
#16809=VECTOR('',#18882,1000.0);
#16810=COLOUR_RGB('',0.156862750649452,0.156862750649452,0.156862750649452);
#16811=COLOUR_RGB('',0.156862750649452,0.156862750649452,0.156862750649452);
#16812=CARTESIAN_POINT('',(5.15143483426073E-12,0.245,-1.23096));
#16813=VECTOR('',#18883,1000.0);
#16814=COLOUR_RGB('',0.156862750649452,0.156862750649452,0.156862750649452);
#16815=COLOUR_RGB('',0.156862750649452,0.156862750649452,0.156862750649452);
#16816=CARTESIAN_POINT('',(1.725,0.245,-1.43096));
#16817=AXIS2_PLACEMENT_3D('',#18884,#18885,#18886);
#16818=CARTESIAN_POINT('',(1.725,0.445,-1.43096));
#16819=CARTESIAN_POINT('',(1.725,-0.50459165091185,-1.43096));
#16820=VECTOR('',#18887,1000.0);
#16821=CARTESIAN_POINT('',(1.525,0.445,-1.23096));
#16822=AXIS2_PLACEMENT_3D('',#18888,#18889,#18890);
#16823=CARTESIAN_POINT('',(1.525,-0.50459165091185,-1.23096));
#16824=VECTOR('',#18891,1000.0);
#16825=COLOUR_RGB('',0.156862750649452,0.156862750649452,0.156862750649452);
#16826=CARTESIAN_POINT('',(-1.525,0.245,-1.23096));
#16827=AXIS2_PLACEMENT_3D('',#18892,#18893,#18894);
#16828=CARTESIAN_POINT('',(5.15143483426073E-12,0.245,-1.23096));
#16829=VECTOR('',#18895,1000.0);
#16830=COLOUR_RGB('',0.156862750649452,0.156862750649452,0.156862750649452);
#16831=CARTESIAN_POINT('',(-1.725,0.245,-1.43096));
#16832=AXIS2_PLACEMENT_3D('',#18896,#18897,#18898);
#16833=AXIS2_PLACEMENT_3D('',#18899,#18900,#18901);
#16834=COLOUR_RGB('',0.156862750649452,0.156862750649452,0.156862750649452);
#16835=AXIS2_PLACEMENT_3D('',#18902,#18903,#18904);
#16836=AXIS2_PLACEMENT_3D('',#18905,#18906,#18907);
#16837=COLOUR_RGB('',0.156862750649452,0.156862750649452,0.156862750649452);
#16838=AXIS2_PLACEMENT_3D('',#18908,#18909,#18910);
#16839=COLOUR_RGB('',0.156862750649452,0.156862750649452,0.156862750649452);
#16840=CARTESIAN_POINT('',(1.725,0.445,-3.93096));
#16841=VECTOR('',#18911,1000.0);
#16842=COLOUR_RGB('',0.156862750649452,0.156862750649452,0.156862750649452);
#16843=CARTESIAN_POINT('',(-1.525,0.445,-1.23096));
#16844=CARTESIAN_POINT('',(-1.725,0.445,-1.43096));
#16845=AXIS2_PLACEMENT_3D('',#18912,#18913,#18914);
#16846=AXIS2_PLACEMENT_3D('',#18915,#18916,#18917);
#16847=AXIS2_PLACEMENT_3D('',#18918,#18919,#18920);
#16848=COLOUR_RGB('',0.156862750649452,0.156862750649452,0.156862750649452);
#16849=CARTESIAN_POINT('',(1.525,0.0450000000000002,-3.93096));
#16850=VECTOR('',#18921,1000.0);
#16851=CARTESIAN_POINT('',(1.725,0.245,-3.93096));
#16852=VECTOR('',#18922,1000.0);
#16853=COLOUR_RGB('',0.156862750649452,0.156862750649452,0.156862750649452);
#16854=CARTESIAN_POINT('',(-1.725,-0.50459165091185,-1.43096));
#16855=VECTOR('',#18923,1000.0);
#16856=CARTESIAN_POINT('',(-1.525,-0.50459165091185,-1.23096));
#16857=VECTOR('',#18924,1000.0);
#16858=COLOUR_RGB('',0.156862750649452,0.156862750649452,0.156862750649452);
#16859=CARTESIAN_POINT('',(-1.725,0.445,-3.93096));
#16860=VECTOR('',#18925,1000.0);
#16861=COLOUR_RGB('',0.156862750649452,0.156862750649452,0.156862750649452);
#16862=CARTESIAN_POINT('',(5.15143483426073E-12,0.445,-1.23096));
#16863=VECTOR('',#18926,1000.0);
#16864=COLOUR_RGB('',0.156862750649452,0.156862750649452,0.156862750649452);
#16865=CARTESIAN_POINT('',(-1.725,0.245,-3.93096));
#16866=VECTOR('',#18927,1000.0);
#16867=COLOUR_RGB('',0.156862750649452,0.156862750649452,0.156862750649452);
#16868=COLOUR_RGB('',0.156862750649452,0.156862750649452,0.156862750649452);
#16869=COLOUR_RGB('',0.156862750649452,0.156862750649452,0.156862750649452);
#16870=COLOUR_RGB('',0.156862750649452,0.156862750649452,0.156862750649452);
#16871=COLOUR_RGB('',0.156862750649452,0.156862750649452,0.156862750649452);
#16872=CARTESIAN_POINT('',(1.73500000000515,-0.50459165091185,-4.33096));
#16873=VECTOR('',#18928,1000.0);
#16874=COLOUR_RGB('',0.156862750649452,0.156862750649452,0.156862750649452);
#16875=CARTESIAN_POINT('',(-1.73499999999485,-0.50459165091185,-4.33096));
#16876=VECTOR('',#18929,1000.0);
#16877=COLOUR_RGB('',0.156862750649452,0.156862750649452,0.156862750649452);
#16878=COLOUR_RGB('',0.156862750649452,0.156862750649452,0.156862750649452);
#16879=CARTESIAN_POINT('',(1.81104688327499,0.493072681731109,-5.12996));
#16880=VECTOR('',#18930,1000.0);
#16881=CARTESIAN_POINT('',(2.0535822227518,0.782115043860702,-5.12996));
#16882=VECTOR('',#18931,1000.0);
#16883=COLOUR_RGB('',0.156862750649452,0.156862750649452,0.156862750649452);
#16884=CARTESIAN_POINT('',(1.58123355034406,0.685908964636423,-5.12996));
#16885=VECTOR('',#18932,1000.0);
#16886=COLOUR_RGB('',0.156862750649452,0.156862750649452,0.156862750649452);
#16887=CARTESIAN_POINT('',(1.81104688327499,0.493072681731109,-5.12996));
#16888=VECTOR('',#18933,1000.0);
#16889=COLOUR_RGB('',0.156862750649452,0.156862750649452,0.156862750649452);
#16890=COLOUR_RGB('',0.156862750649452,0.156862750649452,0.156862750649452);
#16891=CARTESIAN_POINT('',(1.58123355034406,0.685908964636423,-5.12996));
#16892=VECTOR('',#18934,1000.0);
#16893=COLOUR_RGB('',0.156862750649452,0.156862750649452,0.156862750649452);
#16894=COLOUR_RGB('',0.156862750649452,0.156862750649452,0.156862750649452);
#16895=CARTESIAN_POINT('',(-1.81104688327499,0.493072681731109,-5.12996));
#16896=VECTOR('',#18935,1000.0);
#16897=COLOUR_RGB('',0.156862750649452,0.156862750649452,0.156862750649452);
#16898=CARTESIAN_POINT('',(-1.58123355034406,0.685908964636423,-5.12996));
#16899=VECTOR('',#18936,1000.0);
#16900=COLOUR_RGB('',0.156862750649452,0.156862750649452,0.156862750649452);
#16901=CARTESIAN_POINT('',(-2.0535822227518,0.782115043860702,-5.12996));
#16902=VECTOR('',#18937,1000.0);
#16903=COLOUR_RGB('',0.156862750649452,0.156862750649452,0.156862750649452);
#16904=CARTESIAN_POINT('',(-1.81104688327499,0.493072681731109,-5.12996));
#16905=VECTOR('',#18938,1000.0);
#16906=COLOUR_RGB('',0.156862750649452,0.156862750649452,0.156862750649452);
#16907=CARTESIAN_POINT('',(-1.58123355034406,0.685908964636423,-5.12996));
#16908=VECTOR('',#18939,1000.0);
#16909=COLOUR_RGB('',0.156862750649452,0.156862750649452,0.156862750649452);
#16910=COLOUR_RGB('',0.156862750649452,0.156862750649452,0.156862750649452);
#16911=COLOUR_RGB('',0.764705896377563,0.705882370471954,0.235294118523598);
#16912=EDGE_CURVE('',#18940,#18941,#18942,.T.);
#16913=EDGE_CURVE('',#18943,#18940,#18944,.T.);
#16914=EDGE_CURVE('',#18943,#18945,#18946,.T.);
#16915=EDGE_CURVE('',#18941,#18945,#18947,.T.);
#16916=EDGE_CURVE('',#18948,#18949,#18950,.T.);
#16917=EDGE_CURVE('',#18941,#18949,#18951,.T.);
#16918=EDGE_CURVE('',#18948,#18945,#18952,.T.);
#16919=EDGE_CURVE('',#18949,#10368,#18953,.T.);
#16920=EDGE_CURVE('',#10366,#18940,#18954,.T.);
#16921=EDGE_CURVE('',#12480,#12472,#18955,.T.);
#16922=EDGE_CURVE('',#18948,#12464,#18956,.T.);
#16923=EDGE_CURVE('',#18943,#12364,#18957,.T.);
#16924=EDGE_CURVE('',#12757,#12731,#18958,.T.);
#16925=EDGE_CURVE('',#18959,#18960,#18961,.T.);
#16926=EDGE_CURVE('',#18962,#18959,#18963,.T.);
#16927=EDGE_CURVE('',#18962,#18964,#18965,.T.);
#16928=EDGE_CURVE('',#18960,#18964,#18966,.T.);
#16929=EDGE_CURVE('',#18967,#18968,#18969,.T.);
#16930=EDGE_CURVE('',#18960,#18968,#18970,.T.);
#16931=EDGE_CURVE('',#18967,#18964,#18971,.T.);
#16932=EDGE_CURVE('',#18968,#12454,#18972,.T.);
#16933=EDGE_CURVE('',#12379,#18959,#18973,.T.);
#16934=EDGE_CURVE('',#12445,#12456,#18974,.T.);
#16935=EDGE_CURVE('',#18967,#12441,#18975,.T.);
#16936=EDGE_CURVE('',#18962,#12377,#18976,.T.);
#16937=EDGE_CURVE('',#12712,#12722,#18977,.T.);
#16938=EDGE_CURVE('',#18978,#18979,#18980,.T.);
#16939=EDGE_CURVE('',#18981,#18978,#18982,.T.);
#16940=EDGE_CURVE('',#18981,#18983,#18984,.T.);
#16941=EDGE_CURVE('',#18979,#18983,#18985,.T.);
#16942=EDGE_CURVE('',#18986,#18987,#18988,.T.);
#16943=EDGE_CURVE('',#18979,#18987,#18989,.T.);
#16944=EDGE_CURVE('',#18986,#18983,#18990,.T.);
#16945=EDGE_CURVE('',#18987,#12420,#18991,.T.);
#16946=EDGE_CURVE('',#12375,#18978,#18992,.T.);
#16947=EDGE_CURVE('',#12430,#12422,#18993,.T.);
#16948=EDGE_CURVE('',#18986,#12415,#18994,.T.);
#16949=EDGE_CURVE('',#18981,#12373,#18995,.T.);
#16950=EDGE_CURVE('',#12748,#12740,#18996,.T.);
#16951=EDGE_CURVE('',#18997,#18998,#18999,.T.);
#16952=EDGE_CURVE('',#19000,#18997,#19001,.T.);
#16953=EDGE_CURVE('',#19000,#19002,#19003,.T.);
#16954=EDGE_CURVE('',#18998,#19002,#19004,.T.);
#16955=EDGE_CURVE('',#19005,#19006,#19007,.T.);
#16956=EDGE_CURVE('',#18998,#19006,#19008,.T.);
#16957=EDGE_CURVE('',#19005,#19002,#19009,.T.);
#16958=EDGE_CURVE('',#19006,#12394,#19010,.T.);
#16959=EDGE_CURVE('',#12371,#18997,#19011,.T.);
#16960=EDGE_CURVE('',#12404,#12396,#19012,.T.);
#16961=EDGE_CURVE('',#19005,#12389,#19013,.T.);
#16962=EDGE_CURVE('',#19000,#12369,#19014,.T.);
#16963=EDGE_CURVE('',#12703,#12695,#19015,.T.);
#16964=EDGE_CURVE('',#19016,#19017,#19018,.T.);
#16965=EDGE_CURVE('',#19019,#19016,#19020,.T.);
#16966=EDGE_CURVE('',#19019,#19021,#19022,.T.);
#16967=EDGE_CURVE('',#19017,#19021,#19023,.T.);
#16968=EDGE_CURVE('',#19024,#19025,#19026,.T.);
#16969=EDGE_CURVE('',#19017,#19025,#19027,.T.);
#16970=EDGE_CURVE('',#19024,#19021,#19028,.T.);
#16971=EDGE_CURVE('',#19025,#10375,#19029,.T.);
#16972=EDGE_CURVE('',#12367,#19016,#19030,.T.);
#16973=EDGE_CURVE('',#10385,#10377,#19031,.T.);
#16974=EDGE_CURVE('',#19024,#10361,#19032,.T.);
#16975=EDGE_CURVE('',#19019,#10364,#19033,.T.);
#16976=EDGE_CURVE('',#12775,#12767,#19034,.T.);
#16977=DIRECTION('',(0.0,-1.0,-1.22464679914735E-16));
#16978=CARTESIAN_POINT('',(2.39999999993447,-0.92499999994321,-3.18096));
#16979=DIRECTION('',(0.0,-1.0,-1.22464679914735E-16));
#16980=DIRECTION('',(1.0,0.0,0.0));
#16981=DIRECTION('',(0.0,-1.0,-1.22464679914735E-16));
#16982=CARTESIAN_POINT('',(2.39999999993447,-1.225,-3.18096));
#16983=DIRECTION('',(0.0,-1.0,-1.22464679914735E-16));
#16984=DIRECTION('',(1.0,0.0,0.0));
#16985=DIRECTION('',(-0.0,-1.0,-1.22464679914735E-16));
#16986=CARTESIAN_POINT('',(-2.4,-0.92499999994322,-3.18096));
#16987=DIRECTION('',(-2.46779850776956E-15,1.0,-2.7687411133799E-15));
#16988=DIRECTION('',(-8.11145735309232E-46,-2.7687411133799E-15,-1.0));
#16989=DIRECTION('',(0.0,1.0,1.22464679914735E-16));
#16990=CARTESIAN_POINT('',(-2.4,-1.225,-3.18096));
#16991=DIRECTION('',(2.46779850776956E-15,-1.0,2.7687411133799E-15));
#16992=DIRECTION('',(-8.11145735309232E-46,-2.7687411133799E-15,-1.0));
#16993=DIRECTION('',(0.0,1.22464679914735E-16,-1.0));
#16994=DIRECTION('',(0.0,1.0,1.22464679914735E-16));
#16995=CARTESIAN_POINT('',(-0.399999999995012,1.025,-4.23096));
#16996=DIRECTION('',(1.0,0.0,0.0));
#16997=DIRECTION('',(0.0,-1.0,-1.22464679914735E-16));
#16998=DIRECTION('',(0.0,1.0,1.22464679914735E-16));
#16999=CARTESIAN_POINT('',(0.400000000004987,1.025,-4.23096));
#17000=DIRECTION('',(1.0,0.0,0.0));
#17001=DIRECTION('',(0.0,-1.0,-1.22464679914735E-16));
#17002=DIRECTION('',(0.0,-1.0,-1.22464679914735E-16));
#17003=DIRECTION('',(0.0,1.22464679914735E-16,-1.0));
#17004=DIRECTION('',(0.0,-1.0,-1.22464679914735E-16));
#17005=DIRECTION('',(-1.0,0.0,0.0));
#17006=DIRECTION('',(-0.707106781186547,-8.65956056235494E-17,0.707106781186548));
#17007=DIRECTION('',(-1.0,0.0,0.0));
#17008=DIRECTION('',(0.0,1.22464679914735E-16,-1.0));
#17009=DIRECTION('',(1.0,0.0,0.0));
#17010=DIRECTION('',(0.0,-1.22464679914735E-16,1.0));
#17011=DIRECTION('',(-1.0,0.0,0.0));
#17012=DIRECTION('',(-0.707106781186547,8.65956056235494E-17,-0.707106781186548));
#17013=DIRECTION('',(0.642787609689814,-0.76604444311623,-9.38133875266908E-17));
#17014=CARTESIAN_POINT('',(-2.35999999999828,0.524999999984841,-4.38096));
#17015=DIRECTION('',(0.0,-1.22464679914735E-16,1.0));
#17016=DIRECTION('',(0.0,1.0,1.22464679914735E-16));
#17017=CARTESIAN_POINT('',(-2.34999999999485,0.895,-4.38096));
#17018=DIRECTION('',(0.0,1.22464679914735E-16,-1.0));
#17019=DIRECTION('',(-1.0,0.0,0.0));
#17020=CARTESIAN_POINT('',(-2.08358599994697,-68.8573771843091,-4.38096));
#17021=DIRECTION('',(0.0,1.22464679914735E-16,-1.0));
#17022=DIRECTION('',(-0.00180786135392029,0.999998365817327,1.22464479785077E-16));
#17023=DIRECTION('',(1.0,0.0,0.0));
#17024=DIRECTION('',(0.0,-1.0,-1.22464679914735E-16));
#17025=DIRECTION('',(1.0,0.0,0.0));
#17026=DIRECTION('',(0.766044443113482,0.64278760969309,7.8718778874222E-17));
#17027=DIRECTION('',(-0.766044443113482,0.64278760969309,7.8718778874222E-17));
#17028=DIRECTION('',(-1.0,0.0,0.0));
#17029=DIRECTION('',(0.0,-1.0,-1.22464679914735E-16));
#17030=DIRECTION('',(1.0,0.0,0.0));
#17031=CARTESIAN_POINT('',(2.07980024930825,-65.2411291946757,-4.38096));
#17032=DIRECTION('',(-1.54899260818633E-34,1.22464679914735E-16,-1.0));
#17033=DIRECTION('',(0.001963404832421,0.999998072518874,1.22464443866376E-16));
#17034=CARTESIAN_POINT('',(2.35000000000515,0.895,-4.38096));
#17035=DIRECTION('',(0.0,-1.22464679914735E-16,1.0));
#17036=DIRECTION('',(1.0,0.0,0.0));
#17037=CARTESIAN_POINT('',(2.35999999999828,0.524999999984841,-4.38096));
#17038=DIRECTION('',(0.0,1.22464679914735E-16,-1.0));
#17039=DIRECTION('',(0.0,1.0,1.22464679914735E-16));
#17040=DIRECTION('',(-0.642787609689814,-0.76604444311623,-9.38133875266908E-17));
#17041=DIRECTION('',(0.0,-1.22464679914735E-16,1.0));
#17042=DIRECTION('',(0.0,1.0,1.22464679914735E-16));
#17043=DIRECTION('',(0.0,-1.22464679914735E-16,1.0));
#17044=DIRECTION('',(0.0,1.22464679914735E-16,-1.0));
#17045=DIRECTION('',(0.0,-1.22464679914735E-16,1.0));
#17046=DIRECTION('',(4.76588989616877E-24,-4.89846576552911E-16,1.0));
#17047=DIRECTION('',(-1.0,-2.34651355420027E-12,-2.87365031330724E-28));
#17048=DIRECTION('',(-4.76603632847431E-24,4.89846576552911E-16,-1.0));
#17049=DIRECTION('',(0.0,1.22464679914735E-16,-1.0));
#17050=DIRECTION('',(1.0,0.0,0.0));
#17051=DIRECTION('',(0.0,1.22464679914735E-16,-1.0));
#17052=CARTESIAN_POINT('',(0.525000000004402,-0.8549999994181,-5.04668057314783));
#17053=DIRECTION('',(-1.0,-2.34648455180175E-12,4.76488966654708E-24));
#17054=DIRECTION('',(2.34648455180175E-12,-1.0,-1.22464679914735E-16));
#17055=DIRECTION('',(-2.20498290384558E-12,0.939692620785908,0.342020143325669));
#17056=DIRECTION('',(0.0,-1.22464679914735E-16,1.0));
#17057=DIRECTION('',(0.0,-1.0,-1.22464679914735E-16));
#17058=CARTESIAN_POINT('',(0.775000000004401,-0.85499999941751,-5.04668057314783));
#17059=DIRECTION('',(-1.0,-2.34648455180175E-12,4.76488966654708E-24));
#17060=DIRECTION('',(2.34648455180175E-12,-1.0,-1.22464679914735E-16));
#17061=DIRECTION('',(0.0,1.0,1.22464679914735E-16));
#17062=DIRECTION('',(0.0,1.22464679914735E-16,-1.0));
#17063=DIRECTION('',(2.20498290384558E-12,-0.939692620785908,-0.342020143325669));
#17064=DIRECTION('',(1.0,0.0,0.0));
#17065=DIRECTION('',(0.0,1.22464666591244E-16,-1.0));
#17066=DIRECTION('',(1.0,-4.27533008995591E-12,-5.23576930996286E-28));
#17067=CARTESIAN_POINT('',(2.875,0.924999999982577,-1.5309599999395));
#17068=DIRECTION('',(0.0,-1.0,-1.22464679914735E-16));
#17069=DIRECTION('',(1.0,0.0,0.0));
#17070=DIRECTION('',(0.0,1.22464666591244E-16,-1.0));
#17071=CARTESIAN_POINT('',(2.87499999990273,0.924999999982577,-1.5809599999826));
#17072=DIRECTION('',(8.55066017991183E-12,-1.0,-1.22464654049489E-16));
#17073=DIRECTION('',(1.0,8.55066017991183E-12,6.05418493115911E-12));
#17074=DIRECTION('',(-1.0,4.27533008995591E-12,-6.04988281693463E-12));
#17075=CARTESIAN_POINT('',(2.82499999990394,0.924999999982791,-1.7809599999829));
#17076=DIRECTION('',(-8.55066017991183E-12,1.0,1.22464654049489E-16));
#17077=DIRECTION('',(-1.0,-8.55066017991183E-12,-6.05418493115911E-12));
#17078=DIRECTION('',(6.04988281693463E-12,1.22464640725842E-16,-1.0));
#17079=CARTESIAN_POINT('',(2.62499999990999,0.924999999983646,-2.7809599999841));
#17080=DIRECTION('',(8.55066017991181E-12,-1.0,-1.22464654049489E-16));
#17081=DIRECTION('',(1.0,8.55066017991181E-12,6.05418493115912E-12));
#17082=DIRECTION('',(1.0,-4.27533008995591E-12,-5.23576930996286E-28));
#17083=CARTESIAN_POINT('',(2.12499999993448,0.924999999985783,-2.78096));
#17084=DIRECTION('',(0.0,1.0,1.22464679914735E-16));
#17085=DIRECTION('',(-1.0,0.0,0.0));
#17086=DIRECTION('',(0.0,1.22464666591244E-16,-1.0));
#17087=CARTESIAN_POINT('',(1.92499999993448,0.924999999986638,-1.78096));
#17088=DIRECTION('',(0.0,-1.0,-1.22464679914735E-16));
#17089=DIRECTION('',(1.0,0.0,0.0));
#17090=DIRECTION('',(-1.0,4.27533008995591E-12,5.23576930996286E-28));
#17091=CARTESIAN_POINT('',(1.875,0.924999999986852,-1.58096));
#17092=DIRECTION('',(0.0,-1.0,-1.22464679914735E-16));
#17093=DIRECTION('',(1.0,0.0,0.0));
#17094=DIRECTION('',(0.0,-1.22464666591244E-16,1.0));
#17095=CARTESIAN_POINT('',(1.875,0.924999999986852,-1.53096));
#17096=DIRECTION('',(0.0,-1.0,-1.22464679914735E-16));
#17097=DIRECTION('',(1.0,0.0,0.0));
#17098=DIRECTION('',(1.0,-4.27533008995591E-12,-5.23576930996286E-28));
#17099=DIRECTION('',(0.0,-1.22464666591244E-16,1.0));
#17100=CARTESIAN_POINT('',(-2.87499999996825,0.92500000000716,-1.5809599999826));
#17101=DIRECTION('',(8.55066017991183E-12,1.0,1.22464654049489E-16));
#17102=DIRECTION('',(-1.0,8.55066017991183E-12,6.05418493115911E-12));
#17103=DIRECTION('',(-6.04988281693463E-12,1.22464692456134E-16,-1.0));
#17104=CARTESIAN_POINT('',(-2.87499999996795,0.92500000000716,-1.5309599999826));
#17105=DIRECTION('',(8.55066017991182E-12,1.0,1.22464654049489E-16));
#17106=DIRECTION('',(-1.0,8.55066017991182E-12,6.05418493115893E-12));
#17107=DIRECTION('',(-1.0,4.27533008995591E-12,6.04988281693463E-12));
#17108=DIRECTION('',(-6.04988281693463E-12,1.22464692456134E-16,-1.0));
#17109=DIRECTION('',(-1.0,0.0,0.0));
#17110=DIRECTION('',(0.0,1.22464666591244E-16,-1.0));
#17111=DIRECTION('',(1.0,-4.27533008995591E-12,-5.23576930996286E-28));
#17112=CARTESIAN_POINT('',(-1.875,0.925000000002885,-1.53096));
#17113=DIRECTION('',(0.0,-1.0,-1.22464679914735E-16));
#17114=DIRECTION('',(1.0,0.0,0.0));
#17115=DIRECTION('',(0.0,1.22464666591244E-16,-1.0));
#17116=CARTESIAN_POINT('',(-1.875,0.925000000002885,-1.58096));
#17117=DIRECTION('',(0.0,-1.0,-1.22464679914735E-16));
#17118=DIRECTION('',(1.0,0.0,0.0));
#17119=DIRECTION('',(-1.0,4.27533008995591E-12,5.23576930996286E-28));
#17120=CARTESIAN_POINT('',(-1.925,0.925000000003098,-1.78096));
#17121=DIRECTION('',(0.0,1.0,1.22464679914735E-16));
#17122=DIRECTION('',(-1.0,0.0,0.0));
#17123=DIRECTION('',(0.0,1.22464666591244E-16,-1.0));
#17124=CARTESIAN_POINT('',(-2.125,0.925000000003954,-2.78096));
#17125=DIRECTION('',(0.0,-1.0,-1.22464679914735E-16));
#17126=DIRECTION('',(1.0,0.0,0.0));
#17127=DIRECTION('',(-1.0,4.27533008995591E-12,5.23576930996286E-28));
#17128=CARTESIAN_POINT('',(-2.62499999997551,0.925000000006091,-2.7809599999841));
#17129=DIRECTION('',(8.55066017991182E-12,1.0,1.22464654049489E-16));
#17130=DIRECTION('',(-1.0,8.55066017991182E-12,6.05418493115912E-12));
#17131=DIRECTION('',(-6.04988281693463E-12,1.22464692456134E-16,-1.0));
#17132=CARTESIAN_POINT('',(-2.82499999996946,0.925000000006946,-1.7809599999829));
#17133=DIRECTION('',(-8.55066017991182E-12,-1.0,-1.22464654049489E-16));
#17134=DIRECTION('',(1.0,-8.55066017991182E-12,-6.05418493115911E-12));
#17135=DIRECTION('',(1.0,-4.27533008995591E-12,-6.04988281693463E-12));
#17136=DIRECTION('',(-1.0,0.0,0.0));
#17137=DIRECTION('',(0.0,1.22464666591244E-16,-1.0));
#17138=DIRECTION('',(1.0,0.0,0.0));
#17139=DIRECTION('',(0.0,1.22464666591244E-16,-1.0));
#17140=DIRECTION('',(-1.0,0.0,0.0));
#17141=DIRECTION('',(-6.04988281693463E-12,-1.22464640725842E-16,1.0));
#17142=DIRECTION('',(1.0,0.0,0.0));
#17143=DIRECTION('',(-6.04988281693463E-12,1.2246469245649E-16,-1.0));
#17144=CARTESIAN_POINT('',(-2.21000000000128,1.095,-4.28096));
#17145=DIRECTION('',(0.0,-0.707106781186547,-0.707106781186547));
#17146=DIRECTION('',(0.0,0.707106781186548,-0.707106781186548));
#17147=CARTESIAN_POINT('',(-2.21000000000128,0.995,-4.28096));
#17148=DIRECTION('',(0.0,-1.0,-1.22464679914735E-16));
#17149=DIRECTION('',(0.0,1.22464679914735E-16,-1.0));
#17150=CARTESIAN_POINT('',(-2.21,1.22500000002345,-4.28096));
#17151=DIRECTION('',(4.27537056683451E-12,1.0,1.22464666590988E-16));
#17152=DIRECTION('',(-1.0,4.27537056683451E-12,5.23581887984269E-28));
#17153=DIRECTION('',(4.27533008995591E-12,1.0,1.22464666590988E-16));
#17154=DIRECTION('',(-6.04988281693463E-12,1.22464705779981E-16,-1.0));
#17155=DIRECTION('',(0.0,1.0,1.22464679914735E-16));
#17156=DIRECTION('',(-6.04988281693463E-12,1.2246469245649E-16,-1.0));
#17157=DIRECTION('',(4.27533008995591E-12,1.0,1.22464666591796E-16));
#17158=DIRECTION('',(-4.27533008995591E-12,-1.0,-1.22464666591244E-16));
#17159=DIRECTION('',(4.27533008995591E-12,1.0,1.2246466107295E-16));
#17160=DIRECTION('',(-6.04988281693463E-12,1.22464705779981E-16,-1.0));
#17161=CARTESIAN_POINT('',(-3.44999999997709,-0.0779167712785897,-2.3309599999791));
#17162=DIRECTION('',(1.0,-4.27657909085612E-12,-6.04866535646292E-12));
#17163=DIRECTION('',(6.04866535646292E-12,-1.22464679914735E-16,1.0));
#17164=DIRECTION('',(6.04988281693463E-12,-1.22464705780218E-16,1.0));
#17165=CARTESIAN_POINT('',(-3.44999999998012,-0.0779167712785896,-2.8309599999776));
#17166=DIRECTION('',(1.0,-4.27657909085608E-12,-6.0486653564629E-12));
#17167=DIRECTION('',(6.0486653564629E-12,-1.22464679914735E-16,1.0));
#17168=CARTESIAN_POINT('',(-3.19999999998247,-0.0714465541695255,-3.86095999998247));
#17169=DIRECTION('',(0.707106781186548,8.65956056235493E-17,-0.707106781186548));
#17170=DIRECTION('',(0.707106781186548,-8.65956056235492E-17,0.707106781186548));
#17171=CARTESIAN_POINT('',(-3.19999999998341,-0.0714465541695256,-3.3809599999791));
#17172=DIRECTION('',(6.05071548420711E-12,-1.22464692847358E-16,1.0));
#17173=DIRECTION('',(-1.0,-7.40998935028557E-28,6.05071548420711E-12));
#17174=DIRECTION('',(-6.04988281693463E-12,1.22464705779981E-16,-1.0));
#17175=DIRECTION('',(0.707106781186547,-0.707106781186548,-8.65956056235494E-17));
#17176=DIRECTION('',(-0.577350269189626,0.577350269189626,-0.577350269189626));
#17177=DIRECTION('',(0.707106781183524,-0.707106781189571,-4.27801938700259E-12));
#17178=DIRECTION('',(-6.04988281693463E-12,1.22464705779981E-16,-1.0));
#17179=DIRECTION('',(0.707106781183524,-0.707106781189571,-8.65956056239196E-17));
#17180=DIRECTION('',(0.0,1.22464679914735E-16,-1.0));
#17181=DIRECTION('',(0.0,1.0,1.22464679914735E-16));
#17182=DIRECTION('',(1.0,0.0,0.0));
#17183=DIRECTION('',(-1.33234909876724E-23,-1.0,-1.22464679914735E-16));
#17184=DIRECTION('',(1.0,0.0,0.0));
#17185=DIRECTION('',(0.0,1.0,1.22464679914735E-16));
#17186=DIRECTION('',(-1.0,4.27541335668526E-12,5.23587128229644E-28));
#17187=DIRECTION('',(0.0,-1.22464679914735E-16,1.0));
#17188=DIRECTION('',(0.0,-1.0,-1.22464679914735E-16));
#17189=DIRECTION('',(0.0,2.13778750966071E-12,-1.0));
#17190=DIRECTION('',(0.0,-1.0,-1.22464666591244E-16));
#17191=CARTESIAN_POINT('',(1.20000000000085,0.825,-5.03096));
#17192=DIRECTION('',(1.0,0.0,-0.0));
#17193=DIRECTION('',(0.0,1.0,1.22464679914735E-16));
#17194=DIRECTION('',(0.0,1.22464679915945E-16,-1.0));
#17195=DIRECTION('',(0.0,-1.0,-1.22464666591244E-16));
#17196=CARTESIAN_POINT('',(2.51289321881345,-0.405,-5.12996));
#17197=DIRECTION('',(0.0,-1.22464679914735E-16,1.0));
#17198=DIRECTION('',(0.0,-1.0,-1.22464679914735E-16));
#17199=CARTESIAN_POINT('',(2.51289321881345,-0.405,-5.12595999998768));
#17200=DIRECTION('',(0.0,1.22464679914735E-16,-1.0));
#17201=DIRECTION('',(0.0,1.0,1.22464679914735E-16));
#17202=DIRECTION('',(-1.0,0.0,0.0));
#17203=DIRECTION('',(0.0,-1.0,-1.22464679914735E-16));
#17204=CARTESIAN_POINT('',(2.39999999998355,-1.62499981424611,-5.12595999998768));
#17205=DIRECTION('',(0.0,1.22464679914735E-16,-1.0));
#17206=DIRECTION('',(0.0,1.0,1.22464679914735E-16));
#17207=DIRECTION('',(1.0,0.0,0.0));
#17208=CARTESIAN_POINT('',(2.59999999998355,-1.62499981424611,-5.12595999998768));
#17209=DIRECTION('',(0.0,1.22464679914735E-16,-1.0));
#17210=DIRECTION('',(0.0,1.0,1.22464679914735E-16));
#17211=DIRECTION('',(0.0,1.0,1.22464679914735E-16));
#17212=CARTESIAN_POINT('',(1.35000000000085,1.095,-4.28096));
#17213=DIRECTION('',(0.0,-0.707106781186547,-0.707106781186547));
#17214=DIRECTION('',(0.0,-0.707106781186548,0.707106781186548));
#17215=CARTESIAN_POINT('',(1.35000000000085,0.995,-4.28096));
#17216=DIRECTION('',(0.0,-1.0,-1.22464679914735E-16));
#17217=DIRECTION('',(0.0,1.22464679914735E-16,-1.0));
#17218=CARTESIAN_POINT('',(1.35000000000085,1.22500000000824,-4.28096));
#17219=DIRECTION('',(0.0,-1.0,-1.22464679914735E-16));
#17220=DIRECTION('',(0.0,-1.22464679914735E-16,1.0));
#17221=DIRECTION('',(0.0,-1.0,-1.22464666591244E-16));
#17222=DIRECTION('',(1.0,0.0,0.0));
#17223=DIRECTION('',(-1.0,4.27513008176265E-12,5.23552437056919E-28));
#17224=DIRECTION('',(5.6961517504971E-35,1.0,1.22464666591244E-16));
#17225=DIRECTION('',(0.0,1.22464679914735E-16,-1.0));
#17226=DIRECTION('',(5.6961517504971E-35,1.0,1.22464666591244E-16));
#17227=DIRECTION('',(-4.27533008995591E-12,-1.22464661638002E-16,1.0));
#17228=CARTESIAN_POINT('',(-1.1999999999782,0.825,-5.03096));
#17229=DIRECTION('',(1.0,0.0,-0.0));
#17230=DIRECTION('',(0.0,1.0,1.22464679914735E-16));
#17231=DIRECTION('',(5.6961517504971E-35,1.0,1.22464666591244E-16));
#17232=DIRECTION('',(-4.27533008995591E-12,-1.82519033926907E-12,1.0));
#17233=DIRECTION('',(0.0,1.0,1.22464679914735E-16));
#17234=DIRECTION('',(1.0,0.0,0.0));
#17235=DIRECTION('',(-1.0,4.27513008176265E-12,5.23552437056919E-28));
#17236=DIRECTION('',(-4.27533008995591E-12,-1.0,-1.22464666590988E-16));
#17237=CARTESIAN_POINT('',(-1.34999999998141,1.095,-4.28096));
#17238=DIRECTION('',(0.0,-0.707106781186547,-0.707106781186547));
#17239=DIRECTION('',(8.05557505888824E-35,0.707106781186548,-0.707106781186548));
#17240=CARTESIAN_POINT('',(-1.34999999998141,1.22500000001978,-4.28096));
#17241=DIRECTION('',(5.6961517504971E-35,1.0,1.22464679914735E-16));
#17242=DIRECTION('',(0.0,1.22464679914735E-16,-1.0));
#17243=CARTESIAN_POINT('',(-1.34999999998141,0.995,-4.28096));
#17244=DIRECTION('',(0.0,-1.0,-1.22464679914735E-16));
#17245=DIRECTION('',(0.0,1.22464679914735E-16,-1.0));
#17246=CARTESIAN_POINT('',(2.20999999999872,1.095,-4.28096));
#17247=DIRECTION('',(0.0,-0.707106781186547,-0.707106781186547));
#17248=DIRECTION('',(0.0,-0.707106781186548,0.707106781186548));
#17249=CARTESIAN_POINT('',(2.21,1.22500000000456,-4.28096));
#17250=DIRECTION('',(-4.27537056683451E-12,-1.0,-1.22464666590988E-16));
#17251=DIRECTION('',(1.0,-4.27537056683451E-12,-5.23581887984269E-28));
#17252=CARTESIAN_POINT('',(2.20999999999872,0.995,-4.28096));
#17253=DIRECTION('',(0.0,-1.0,-1.22464679914735E-16));
#17254=DIRECTION('',(0.0,1.22464679914735E-16,-1.0));
#17255=CARTESIAN_POINT('',(-1.59999999999941,-0.6050001149968,-5.2809600000017));
#17256=DIRECTION('',(-4.39638921630003E-12,-0.92847669088526,0.371390676354102));
#17257=DIRECTION('',(2.84611574134275E-12,-0.371390676354102,-0.92847669088526));
#17258=DIRECTION('',(-1.0,3.02492406123456E-12,3.70446356925472E-28));
#17259=CARTESIAN_POINT('',(-0.399999999999411,-0.60500011500043,-5.28095999999658));
#17260=DIRECTION('',(-4.39638921630003E-12,-0.92847669088526,0.371390676354102));
#17261=DIRECTION('',(2.84611574134275E-12,-0.371390676354102,-0.92847669088526));
#17262=DIRECTION('',(1.0,-4.73505609721692E-12,-5.79877129323986E-28));
#17263=CARTESIAN_POINT('',(0.400000000000589,-0.60500011500285,-5.28095999999315));
#17264=DIRECTION('',(-4.39638921630004E-12,-0.92847669088526,0.371390676354103));
#17265=DIRECTION('',(2.84611574134274E-12,-0.371390676354103,-0.92847669088526));
#17266=DIRECTION('',(-1.0,3.02492406123456E-12,3.70446356925472E-28));
#17267=CARTESIAN_POINT('',(1.60000000000059,-0.60500011500648,-5.28095999998802));
#17268=DIRECTION('',(-4.39638921630004E-12,-0.92847669088526,0.371390676354103));
#17269=DIRECTION('',(2.84611574134274E-12,-0.371390676354103,-0.92847669088526));
#17270=DIRECTION('',(1.0,-4.73505609721692E-12,-5.79877129323986E-28));
#17271=CARTESIAN_POINT('',(-0.399999999999411,-0.60500011500043,-5.28095999999657));
#17272=DIRECTION('',(-1.22075374880649E-12,-0.92847669088526,-0.371390676354103));
#17273=DIRECTION('',(5.09297292738534E-12,0.371390676354103,-0.92847669088526));
#17274=DIRECTION('',(1.0,-3.0249240612324E-12,-3.70446356925206E-28));
#17275=CARTESIAN_POINT('',(-1.59999999999941,-0.6050001149968,-5.2809600000017));
#17276=DIRECTION('',(-1.22075374880649E-12,-0.92847669088526,-0.371390676354103));
#17277=DIRECTION('',(5.09297292738534E-12,0.371390676354103,-0.92847669088526));
#17278=DIRECTION('',(-1.0,3.0249240612324E-12,-4.27533008995591E-12));
#17279=CARTESIAN_POINT('',(1.60000000000059,-0.60500011500648,-5.28095999998802));
#17280=DIRECTION('',(-1.2207537488065E-12,-0.92847669088526,-0.371390676354102));
#17281=DIRECTION('',(5.09297292738534E-12,0.371390676354102,-0.92847669088526));
#17282=DIRECTION('',(1.0,-3.0249240612324E-12,-3.70446356925206E-28));
#17283=CARTESIAN_POINT('',(0.400000000000589,-0.60500011500285,-5.28095999999315));
#17284=DIRECTION('',(-1.2207537488065E-12,-0.92847669088526,-0.371390676354102));
#17285=DIRECTION('',(5.09297292738534E-12,0.371390676354102,-0.92847669088526));
#17286=DIRECTION('',(-1.0,3.0249240612324E-12,-4.27533008995591E-12));
#17287=DIRECTION('',(1.0,-3.02492406123456E-12,4.2751296330184E-12));
#17288=CARTESIAN_POINT('',(-0.399999999999732,-0.60500011500043,-5.20595999999658));
#17289=DIRECTION('',(4.27898457407612E-12,1.22464666982793E-16,-1.0));
#17290=DIRECTION('',(-1.0,5.24024476224322E-28,-4.27898457407612E-12));
#17291=CARTESIAN_POINT('',(-1.59999999999973,-0.6050001149968,-5.20596000000171));
#17292=DIRECTION('',(-4.27898457407613E-12,-1.22464666982793E-16,1.0));
#17293=DIRECTION('',(-1.0,5.24024476224324E-28,-4.27898457407613E-12));
#17294=DIRECTION('',(1.0,-3.02492406123456E-12,4.2751296330184E-12));
#17295=CARTESIAN_POINT('',(1.60000000000027,-0.60500011500648,-5.20595999998803));
#17296=DIRECTION('',(4.27898457407613E-12,1.22464666982793E-16,-1.0));
#17297=DIRECTION('',(-1.0,5.24024476224324E-28,-4.27898457407613E-12));
#17298=CARTESIAN_POINT('',(0.400000000000268,-0.60500011500285,-5.20595999999316));
#17299=DIRECTION('',(-4.27898457407612E-12,-1.22464666982793E-16,1.0));
#17300=DIRECTION('',(-1.0,5.24024476224322E-28,-4.27898457407612E-12));
#17301=DIRECTION('',(-1.0,3.0249240612324E-12,-4.27512963301535E-12));
#17302=CARTESIAN_POINT('',(-1.59999999999909,-0.6050001149968,-5.35596000000171));
#17303=DIRECTION('',(-4.27898457407613E-12,-1.22464666982793E-16,1.0));
#17304=DIRECTION('',(1.0,-5.24024476224324E-28,4.27898457407613E-12));
#17305=CARTESIAN_POINT('',(-0.399999999999091,-0.60500011500043,-5.35595999999658));
#17306=DIRECTION('',(4.27898457407612E-12,1.22464666982793E-16,-1.0));
#17307=DIRECTION('',(1.0,-5.24024476224322E-28,4.27898457407612E-12));
#17308=DIRECTION('',(-1.0,3.0249240612324E-12,-4.27512963301535E-12));
#17309=CARTESIAN_POINT('',(0.400000000000909,-0.60500011500285,-5.35595999999316));
#17310=DIRECTION('',(-4.27898457407612E-12,-1.22464666982793E-16,1.0));
#17311=DIRECTION('',(1.0,-5.24024476224322E-28,4.27898457407612E-12));
#17312=CARTESIAN_POINT('',(1.60000000000091,-0.60500011500648,-5.35595999998803));
#17313=DIRECTION('',(4.27898457407613E-12,1.22464666982793E-16,-1.0));
#17314=DIRECTION('',(1.0,-5.24024476224324E-28,4.27898457407613E-12));
#17315=CARTESIAN_POINT('',(1.60000000000123,-0.60500011500648,-5.43095999998802));
#17316=DIRECTION('',(4.27898457407613E-12,1.22464666591244E-16,-1.0));
#17317=DIRECTION('',(-1.0,5.24024476224324E-28,-4.27898457407613E-12));
#17318=DIRECTION('',(-4.27533008995591E-12,-1.22464666591244E-16,1.0));
#17319=DIRECTION('',(0.0,1.0,1.22464679914735E-16));
#17320=CARTESIAN_POINT('',(1.59999999999995,-0.60500011500648,-5.12595999998768));
#17321=DIRECTION('',(0.0,1.22464679914735E-16,-1.0));
#17322=DIRECTION('',(0.0,1.0,1.22464679914735E-16));
#17323=DIRECTION('',(4.27533008995591E-12,1.22464666591244E-16,-1.0));
#17324=CARTESIAN_POINT('',(0.40000000000123,-0.60500011500285,-5.43095999999315));
#17325=DIRECTION('',(4.27898457407612E-12,1.22464666591244E-16,-1.0));
#17326=DIRECTION('',(-1.0,5.24024476224322E-28,-4.27898457407612E-12));
#17327=DIRECTION('',(-4.27533008995591E-12,-1.22464666591244E-16,1.0));
#17328=CARTESIAN_POINT('',(0.399999999999947,-0.60500011500285,-5.12595999998768));
#17329=DIRECTION('',(0.0,1.22464679914735E-16,-1.0));
#17330=DIRECTION('',(0.0,1.0,1.22464679914735E-16));
#17331=DIRECTION('',(4.27533008995591E-12,1.22464666591244E-16,-1.0));
#17332=CARTESIAN_POINT('',(-0.39999999999877,-0.60500011500043,-5.43095999999658));
#17333=DIRECTION('',(4.27898457407612E-12,1.22464666591244E-16,-1.0));
#17334=DIRECTION('',(-1.0,5.24024476224322E-28,-4.27898457407612E-12));
#17335=DIRECTION('',(-4.27533008995591E-12,-1.22464666591244E-16,1.0));
#17336=CARTESIAN_POINT('',(-0.400000000000053,-0.60500011500043,-5.12595999998768));
#17337=DIRECTION('',(0.0,1.22464679914735E-16,-1.0));
#17338=DIRECTION('',(0.0,1.0,1.22464679914735E-16));
#17339=DIRECTION('',(4.27533008995591E-12,1.22464666591244E-16,-1.0));
#17340=CARTESIAN_POINT('',(-1.59999999999877,-0.6050001149968,-5.4309600000017));
#17341=DIRECTION('',(4.27898457407613E-12,1.22464666591244E-16,-1.0));
#17342=DIRECTION('',(-1.0,5.24024476224324E-28,-4.27898457407613E-12));
#17343=DIRECTION('',(-4.27533008995591E-12,-1.22464666591244E-16,1.0));
#17344=DIRECTION('',(4.27533008995591E-12,1.22464666591244E-16,-1.0));
#17345=DIRECTION('',(0.0,-1.22464679914735E-16,1.0));
#17346=CARTESIAN_POINT('',(-3.24999999999908,-1.325,-2.13096));
#17347=DIRECTION('',(0.0,-1.22464679914735E-16,1.0));
#17348=DIRECTION('',(-1.0,0.0,0.0));
#17349=DIRECTION('',(0.0,-1.22464679914735E-16,1.0));
#17350=CARTESIAN_POINT('',(-3.24999999999908,-1.325,-3.03096));
#17351=DIRECTION('',(0.0,-1.22464679914735E-16,1.0));
#17352=DIRECTION('',(-1.0,0.0,0.0));
#17353=DIRECTION('',(-1.0,0.0,0.0));
#17354=CARTESIAN_POINT('',(3.34999999993356,-1.62499981424611,-2.33096));
#17355=DIRECTION('',(-1.0,-0.0,0.0));
#17356=DIRECTION('',(0.0,-1.0,-1.22464679914735E-16));
#17357=DIRECTION('',(-1.0,0.0,0.0));
#17358=CARTESIAN_POINT('',(3.64999999999597,-1.62499981424611,-2.33096));
#17359=DIRECTION('',(-1.0,-0.0,0.0));
#17360=DIRECTION('',(0.0,-1.0,-1.22464679914735E-16));
#17361=CARTESIAN_POINT('',(-3.19999999997373,-0.0714465541695257,-1.7809599999806));
#17362=DIRECTION('',(-6.0507154842071E-12,1.22464692847358E-16,-1.0));
#17363=DIRECTION('',(1.0,7.40998935028555E-28,-6.0507154842071E-12));
#17364=DIRECTION('',(-0.500000000006419,-0.499999999997871,-0.707106781183514));
#17365=CARTESIAN_POINT('',(-3.19999999997403,-0.0714465541695257,-1.8309599999807));
#17366=DIRECTION('',(-6.04840251957223E-12,1.22464679914735E-16,-1.0));
#17367=DIRECTION('',(1.0,7.40715678554892E-28,-6.04840251957223E-12));
#17368=CARTESIAN_POINT('',(-3.49999999997708,-0.0779167712783696,-2.3309599999788));
#17369=DIRECTION('',(1.0,-4.27585458630939E-12,-6.04898076073112E-12));
#17370=DIRECTION('',(6.04898076073112E-12,-1.22464679914735E-16,1.0));
#17371=DIRECTION('',(-0.707106781189579,-0.707106781183516,4.27684526184895E-12));
#17372=DIRECTION('',(6.04988281693463E-12,-1.2246470577879E-16,1.0));
#17373=DIRECTION('',(-0.707106781189571,-0.707106781183524,4.27684526184898E-12));
#17374=CARTESIAN_POINT('',(-3.4999999999801,-0.0779167712783695,-2.8309599999773));
#17375=DIRECTION('',(1.0,-4.27585458630937E-12,-6.04898076073112E-12));
#17376=DIRECTION('',(6.04898076073112E-12,-1.22464679914735E-16,1.0));
#17377=CARTESIAN_POINT('',(-3.1999999999831,-0.0714465541695256,-3.3309599999791));
#17378=DIRECTION('',(6.04840251957272E-12,-1.22464679914735E-16,1.0));
#17379=DIRECTION('',(-1.0,-7.40715678554952E-28,6.04840251957272E-12));
#17380=DIRECTION('',(-0.499999999997866,-0.499999999997866,0.707106781189566));
#17381=DIRECTION('',(0.707106781183524,-0.707106781189571,-4.27803901315842E-12));
#17382=DIRECTION('',(-0.499999999954734,-0.499999999954734,0.707106781250563));
#17383=CARTESIAN_POINT('',(-2.59644655421571,-0.67499999994238,-3.38096));
#17384=DIRECTION('',(6.05071548420711E-12,-1.22464692847358E-16,1.0));
#17385=DIRECTION('',(-1.0,-7.40998935028557E-28,6.05071548420711E-12));
#17386=CARTESIAN_POINT('',(-2.59644655421541,-0.67499999994238,-3.3309599999828));
#17387=DIRECTION('',(6.04840251957267E-12,-1.22464679914735E-16,1.0));
#17388=DIRECTION('',(-1.0,-7.40715678554946E-28,6.04840251957267E-12));
#17389=DIRECTION('',(0.707106781183524,0.707106781189571,-4.27778731734252E-12));
#17390=DIRECTION('',(0.500000000000107,-0.499999999991554,-0.707106781192444));
#17391=DIRECTION('',(0.707106781183524,0.707106781189571,-4.27785251845565E-12));
#17392=DIRECTION('',(0.500000000006149,-0.499999999989042,-0.707106781189948));
#17393=CARTESIAN_POINT('',(3.19999999999575,-0.0714465541718797,-1.830960000021));
#17394=DIRECTION('',(0.0,-1.22464679914735E-16,1.0));
#17395=DIRECTION('',(-1.0,0.0,0.0));
#17396=CARTESIAN_POINT('',(3.19999999999575,-0.0714465541718797,-1.7809600000194));
#17397=DIRECTION('',(0.0,-1.22464679914735E-16,1.0));
#17398=DIRECTION('',(-1.0,0.0,0.0));
#17399=CARTESIAN_POINT('',(3.44999999990354,-0.0779167713080895,-2.3309600000209));
#17400=DIRECTION('',(-1.0,4.27513008176265E-12,6.05024237780456E-12));
#17401=DIRECTION('',(-6.05024237780456E-12,1.22464679914735E-16,-1.0));
#17402=DIRECTION('',(-0.707106781213399,0.707106781159696,1.28323095238831E-11));
#17403=CARTESIAN_POINT('',(3.49999999991156,-0.0779167713082996,-2.3309600000212));
#17404=DIRECTION('',(-1.0,4.27513008176265E-12,6.04984812246911E-12));
#17405=DIRECTION('',(-6.04984812246911E-12,1.22464679914735E-16,-1.0));
#17406=DIRECTION('',(-6.04988281693463E-12,-1.22464654051205E-16,1.0));
#17407=DIRECTION('',(-0.707106781188607,0.707106781184488,4.27796050850468E-12));
#17408=DIRECTION('',(-6.04988281693463E-12,-1.22464654051205E-16,1.0));
#17409=CARTESIAN_POINT('',(3.49999999991458,-0.0779167713082995,-2.83096));
#17410=DIRECTION('',(-1.0,4.27522600654484E-12,5.23564184454665E-28));
#17411=DIRECTION('',(-4.27522600654484E-12,-1.0,-1.22464679914735E-16));
#17412=CARTESIAN_POINT('',(3.44999999991357,-0.0779167713080894,-2.83096));
#17413=DIRECTION('',(-1.0,4.27530485761193E-12,5.23573840925357E-28));
#17414=DIRECTION('',(-4.27530485761193E-12,-1.0,-1.22464679914735E-16));
#17415=CARTESIAN_POINT('',(3.19999999991788,-0.0714465541695256,-3.38096));
#17416=DIRECTION('',(-6.05071548420711E-12,-1.22464705779981E-16,1.0));
#17417=DIRECTION('',(-1.0,7.40998935028557E-28,-6.05071548420711E-12));
#17418=DIRECTION('',(0.500000000000429,-0.500000000004707,0.707106781182916));
#17419=CARTESIAN_POINT('',(3.19999999991758,-0.0714465541695256,-3.3309600000017));
#17420=DIRECTION('',(-6.04840251957247E-12,-1.22464705779981E-16,1.0));
#17421=DIRECTION('',(-1.0,7.4071567855492E-28,-6.04840251957247E-12));
#17422=DIRECTION('',(0.707106781183524,0.707106781189571,8.65956056239196E-17));
#17423=DIRECTION('',(-0.500000000001342,0.500000000001327,-0.70710678118466));
#17424=DIRECTION('',(0.707106781183524,0.707106781189571,8.65956056239196E-17));
#17425=CARTESIAN_POINT('',(2.59644655415019,-0.67499999994238,-3.38096));
#17426=DIRECTION('',(-6.05071548420711E-12,-1.22464705779981E-16,1.0));
#17427=DIRECTION('',(-1.0,7.40998935028557E-28,-6.05071548420711E-12));
#17428=CARTESIAN_POINT('',(2.59644655414989,-0.67499999994238,-3.3309600000007));
#17429=DIRECTION('',(-6.04840251957247E-12,-1.22464705779981E-16,1.0));
#17430=DIRECTION('',(-1.0,7.4071567855492E-28,-6.04840251957247E-12));
#17431=DIRECTION('',(4.27541335668526E-12,-1.0,-1.22464679914735E-16));
#17432=CARTESIAN_POINT('',(3.24999999994276,-1.3249999999915,-2.13096));
#17433=DIRECTION('',(-3.01768651090344E-28,1.22464679914735E-16,-1.0));
#17434=DIRECTION('',(-4.64948225069437E-60,-1.0,-1.22464679914735E-16));
#17435=DIRECTION('',(1.0,4.27541335668526E-12,5.23587128229644E-28));
#17436=DIRECTION('',(4.44089209850063E-16,-1.0,-1.22464679914735E-16));
#17437=DIRECTION('',(-1.0,0.0,0.0));
#17438=CARTESIAN_POINT('',(3.24999999993356,-1.325,-2.13096));
#17439=DIRECTION('',(0.0,1.22464679914735E-16,-1.0));
#17440=DIRECTION('',(1.0,0.0,0.0));
#17441=DIRECTION('',(0.0,1.0,1.22464679914735E-16));
#17442=DIRECTION('',(-3.01768651090344E-28,-1.22464679914434E-16,1.0));
#17443=DIRECTION('',(-4.27541335668526E-12,-1.0,-1.22464679914735E-16));
#17444=CARTESIAN_POINT('',(-3.65000000006149,-1.62499981424611,-2.83096));
#17445=DIRECTION('',(-1.0,-0.0,0.0));
#17446=DIRECTION('',(0.0,-1.0,-1.22464679914735E-16));
#17447=DIRECTION('',(3.01768651091634E-28,1.22464679914735E-16,-1.0));
#17448=CARTESIAN_POINT('',(-3.65000000006149,-1.62499981424611,-2.33096));
#17449=DIRECTION('',(1.0,0.0,-0.0));
#17450=DIRECTION('',(0.0,1.0,1.22464679914735E-16));
#17451=DIRECTION('',(4.27541335668526E-12,1.0,1.22464679914735E-16));
#17452=DIRECTION('',(0.0,-1.0,-1.22464679914735E-16));
#17453=CARTESIAN_POINT('',(-3.34999999999908,-1.62499981424611,-2.33096));
#17454=DIRECTION('',(1.0,0.0,-0.0));
#17455=DIRECTION('',(0.0,1.0,1.22464679914735E-16));
#17456=DIRECTION('',(0.0,-1.22464679914735E-16,1.0));
#17457=CARTESIAN_POINT('',(-3.34999999999908,-1.62499981424611,-2.83096));
#17458=DIRECTION('',(-1.0,-0.0,0.0));
#17459=DIRECTION('',(0.0,-1.0,-1.22464679914735E-16));
#17460=DIRECTION('',(0.0,1.0,1.22464679914735E-16));
#17461=DIRECTION('',(-1.0,0.0,0.0));
#17462=CARTESIAN_POINT('',(3.64999999999597,-1.62499981424611,-2.83096));
#17463=DIRECTION('',(-1.0,-0.0,0.0));
#17464=DIRECTION('',(0.0,-1.0,-1.22464679914735E-16));
#17465=DIRECTION('',(-1.0,0.0,0.0));
#17466=CARTESIAN_POINT('',(3.34999999993356,-1.62499981424611,-2.83096));
#17467=DIRECTION('',(-1.0,-0.0,0.0));
#17468=DIRECTION('',(0.0,-1.0,-1.22464679914735E-16));
#17469=DIRECTION('',(-3.01768651090344E-28,1.22464679914434E-16,-1.0));
#17470=DIRECTION('',(-3.01768651090344E-28,1.22464679914434E-16,-1.0));
#17471=CARTESIAN_POINT('',(3.24999999994276,-1.3249999999915,-3.03096));
#17472=DIRECTION('',(-3.01768651090344E-28,1.22464679914735E-16,-1.0));
#17473=DIRECTION('',(-4.64948225069437E-60,-1.0,-1.22464679914735E-16));
#17474=DIRECTION('',(1.0,0.0,0.0));
#17475=DIRECTION('',(1.0,0.0,0.0));
#17476=DIRECTION('',(-1.0,0.0,0.0));
#17477=DIRECTION('',(-1.0,0.0,0.0));
#17478=DIRECTION('',(-1.0,4.27513008176265E-12,6.04988281694795E-12));
#17479=CARTESIAN_POINT('',(-3.74999999999924,-0.0779167712773095,-2.8309599999758));
#17480=DIRECTION('',(-1.0,4.27513008176265E-12,6.04984812246911E-12));
#17481=DIRECTION('',(-6.04984812246911E-12,1.22464679914735E-16,-1.0));
#17482=CARTESIAN_POINT('',(-3.50111415577607,-0.0749890895576666,-3.0571859968138));
#17483=DIRECTION('',(-0.739916384740431,-0.00870467568666253,0.672642529293117));
#17484=DIRECTION('',(-0.672698850595541,0.00957490970524361,-0.739854429946577));
#17485=DIRECTION('',(-1.0,4.27513008176265E-12,6.04988281694795E-12));
#17486=DIRECTION('',(-1.0,4.27513008176265E-12,6.04988281694795E-12));
#17487=CARTESIAN_POINT('',(-3.50111415630591,-0.0749890895614557,-2.10473400323478));
#17488=DIRECTION('',(-0.739916385582248,-0.00870467568562391,-0.672642528367119));
#17489=DIRECTION('',(-0.67259598161221,-0.00791305802401827,0.73996758647377));
#17490=CARTESIAN_POINT('',(-3.74999999999622,-0.0779167712773096,-2.3309599999773));
#17491=DIRECTION('',(-1.0,4.27513008176265E-12,6.04984812246911E-12));
#17492=DIRECTION('',(-6.04984812246911E-12,1.22464679914735E-16,-1.0));
#17493=DIRECTION('',(-1.0,4.27513008176265E-12,6.04988281694795E-12));
#17494=DIRECTION('',(6.04988281694795E-12,-1.22464705778266E-16,1.0));
#17495=DIRECTION('',(0.707106781189571,0.707106781183524,8.6595605623179E-17));
#17496=CARTESIAN_POINT('',(3.19999999999575,-0.0714465541718796,-3.33096));
#17497=DIRECTION('',(0.0,-1.22464679914735E-16,1.0));
#17498=DIRECTION('',(-1.0,0.0,0.0));
#17499=DIRECTION('',(-1.0,4.27513008176265E-12,5.23552437056919E-28));
#17500=DIRECTION('',(1.0,4.27541335668526E-12,5.23587128229644E-28));
#17501=DIRECTION('',(0.0,1.0,1.22464679914735E-16));
#17502=DIRECTION('',(-1.0,0.0,0.0));
#17503=CARTESIAN_POINT('',(2.59644655422289,-0.67499999993957,-3.33096));
#17504=DIRECTION('',(0.0,-1.22464679914735E-16,1.0));
#17505=DIRECTION('',(-1.0,0.0,0.0));
#17506=CARTESIAN_POINT('',(-3.1999999999831,-0.0714465541695256,-3.3309599999791));
#17507=DIRECTION('',(-6.04945386692317E-12,1.22464705776314E-16,-1.0));
#17508=DIRECTION('',(1.0,-8.55060971492633E-12,-6.04945386692317E-12));
#17509=DIRECTION('',(-0.707106781183524,0.707106781189571,4.27802570966689E-12));
#17510=CARTESIAN_POINT('',(-2.59644655421541,-0.67499999994238,-3.33096));
#17511=DIRECTION('',(-6.04945386692315E-12,1.22464705776314E-16,-1.0));
#17512=DIRECTION('',(1.0,-8.55060971492632E-12,-6.04945386692315E-12));
#17513=DIRECTION('',(-1.0,-7.40896962699188E-28,6.04988281694795E-12));
#17514=DIRECTION('',(1.0,-4.27541335668526E-12,-6.04988281694795E-12));
#17515=DIRECTION('',(-1.0,4.27513008176265E-12,6.04988281694795E-12));
#17516=CARTESIAN_POINT('',(3.19999999999575,-0.0714465541718797,-1.8309600000194));
#17517=DIRECTION('',(0.0,-1.22464679914735E-16,1.0));
#17518=DIRECTION('',(-1.0,0.0,0.0));
#17519=DIRECTION('',(-0.707106781189571,-0.707106781183524,4.27785251845565E-12));
#17520=CARTESIAN_POINT('',(2.59644655422289,-0.67499999993957,-1.8309600000157));
#17521=DIRECTION('',(0.0,-1.22464679914735E-16,1.0));
#17522=DIRECTION('',(-1.0,0.0,0.0));
#17523=DIRECTION('',(-1.0,-7.40896962699188E-28,6.04988281694795E-12));
#17524=DIRECTION('',(-4.44089209850063E-16,1.0,1.22464705781458E-16));
#17525=DIRECTION('',(1.0,4.27541335668526E-12,-6.04988281694795E-12));
#17526=CARTESIAN_POINT('',(2.59644655414082,-0.67499999994238,-1.8309600000171));
#17527=DIRECTION('',(-6.04840251957247E-12,-1.22464705779981E-16,1.0));
#17528=DIRECTION('',(-1.0,7.4071567855492E-28,-6.04840251957247E-12));
#17529=DIRECTION('',(0.0,1.0,1.22464679914735E-16));
#17530=DIRECTION('',(0.0,-1.22464679915945E-16,1.0));
#17531=DIRECTION('',(0.0,-1.0,-1.22464679914735E-16));
#17532=DIRECTION('',(8.55066017991182E-12,1.0,1.22464654049489E-16));
#17533=DIRECTION('',(-1.0,4.27513008176265E-12,6.04988281693463E-12));
#17534=DIRECTION('',(8.55066017991182E-12,1.0,1.22464654049489E-16));
#17535=DIRECTION('',(-0.707106781183524,0.707106781189571,4.27799795409127E-12));
#17536=DIRECTION('',(-6.04988281694405E-12,1.22464696358851E-16,-1.0));
#17537=DIRECTION('',(0.707106781183524,-0.707106781189571,-4.27799795409127E-12));
#17538=DIRECTION('',(-6.04988281694405E-12,1.22464696358851E-16,-1.0));
#17539=DIRECTION('',(-8.55066017991182E-12,-1.0,-1.22464654049489E-16));
#17540=DIRECTION('',(6.04988281693463E-12,-1.22464705779074E-16,1.0));
#17541=DIRECTION('',(8.55066017991182E-12,1.0,1.22464654049489E-16));
#17542=CARTESIAN_POINT('',(-2.125,1.22500000002309,-2.78096));
#17543=DIRECTION('',(0.0,-1.0,-1.22464679914735E-16));
#17544=DIRECTION('',(1.0,0.0,0.0));
#17545=DIRECTION('',(0.0,-1.0,-1.22464679914735E-16));
#17546=DIRECTION('',(-8.55019758643442E-12,-1.0,-1.22464679914735E-16));
#17547=DIRECTION('',(1.0,-4.27513008176265E-12,-5.23552437056919E-28));
#17548=CARTESIAN_POINT('',(-2.62499999997295,1.22500000002523,-2.7809599999841));
#17549=DIRECTION('',(8.55056043330702E-12,1.0,1.22464654050093E-16));
#17550=DIRECTION('',(-1.0,8.55056043330702E-12,6.05418493115912E-12));
#17551=CARTESIAN_POINT('',(-2.8249999999669,1.22500000002608,-1.7809599999829));
#17552=DIRECTION('',(-8.550560433307E-12,-1.0,-1.22464654050093E-16));
#17553=DIRECTION('',(1.0,-8.550560433307E-12,-6.05418493115911E-12));
#17554=CARTESIAN_POINT('',(-2.87499999996569,1.2250000000263,-1.5809599999826));
#17555=DIRECTION('',(8.550560433307E-12,1.0,1.22464654050093E-16));
#17556=DIRECTION('',(-1.0,8.550560433307E-12,6.05418493115911E-12));
#17557=DIRECTION('',(8.55066017991182E-12,1.0,1.22464654049489E-16));
#17558=CARTESIAN_POINT('',(-1.925,1.22500000002224,-1.78096));
#17559=DIRECTION('',(0.0,1.0,1.22464679914735E-16));
#17560=DIRECTION('',(-1.0,0.0,0.0));
#17561=DIRECTION('',(0.0,1.0,1.22464679914735E-16));
#17562=DIRECTION('',(-6.04988281694795E-12,1.2246469245649E-16,-1.0));
#17563=CARTESIAN_POINT('',(-3.19999999996237,0.675000000008549,-0.430959999980601));
#17564=DIRECTION('',(-6.04988281693463E-12,1.22464731644922E-16,-1.0));
#17565=DIRECTION('',(8.55060971492632E-12,1.0,1.22464679914735E-16));
#17566=DIRECTION('',(-6.04988281693463E-12,1.22464705779981E-16,-1.0));
#17567=CARTESIAN_POINT('',(-3.1999999999908,0.675000000008549,-5.1309600000006));
#17568=DIRECTION('',(-6.04988281693463E-12,1.22464731644922E-16,-1.0));
#17569=DIRECTION('',(8.55060971492632E-12,1.0,1.22464679914735E-16));
#17570=DIRECTION('',(-6.04988281693463E-12,1.22464705779981E-16,-1.0));
#17571=CARTESIAN_POINT('',(-2.59644655422449,-0.67499999994238,-4.83096));
#17572=DIRECTION('',(-6.05071548420711E-12,1.22464705787101E-16,-1.0));
#17573=DIRECTION('',(1.0,-8.55045201308969E-12,-6.05071548420711E-12));
#17574=DIRECTION('',(-1.0,0.0,0.0));
#17575=DIRECTION('',(0.0,1.0,1.22464679914735E-16));
#17576=DIRECTION('',(1.0,-4.27541335668526E-12,-5.23587128229644E-28));
#17577=CARTESIAN_POINT('',(-3.25000000000828,-1.3249999999915,-2.13096));
#17578=DIRECTION('',(-3.01768651090344E-28,-1.22464679914735E-16,1.0));
#17579=DIRECTION('',(-4.64948225069437E-60,1.0,1.22464679914735E-16));
#17580=DIRECTION('',(-6.04988281694795E-12,1.22464705779981E-16,-1.0));
#17581=CARTESIAN_POINT('',(-3.19999999999399,-0.0714465541695255,-5.13096000000278));
#17582=DIRECTION('',(-6.04945386692317E-12,1.22464705776314E-16,-1.0));
#17583=DIRECTION('',(1.0,-8.55060971492633E-12,-6.04945386692317E-12));
#17584=DIRECTION('',(-6.04988281694405E-12,1.22464696358851E-16,-1.0));
#17585=DIRECTION('',(4.40810381558358E-39,1.22464679914735E-16,-1.0));
#17586=CARTESIAN_POINT('',(3.19999999999575,-0.07144655417188,-0.4309599999395));
#17587=DIRECTION('',(0.0,-1.22464679914735E-16,1.0));
#17588=DIRECTION('',(-1.0,0.0,0.0));
#17589=DIRECTION('',(4.40810381558358E-39,1.22464679914735E-16,-1.0));
#17590=DIRECTION('',(-5.6961517504971E-35,1.22464666591244E-16,-1.0));
#17591=CARTESIAN_POINT('',(3.19999999999893,0.675000000006195,-0.4309599999395));
#17592=DIRECTION('',(5.6961517504971E-35,-1.22464679914735E-16,1.0));
#17593=DIRECTION('',(0.0,1.0,1.22464679914735E-16));
#17594=DIRECTION('',(1.33234909876157E-23,1.22464666591244E-16,-1.0));
#17595=CARTESIAN_POINT('',(3.19999999999893,0.675000000006195,-5.13096));
#17596=DIRECTION('',(5.6961517504971E-35,-1.22464679914735E-16,1.0));
#17597=DIRECTION('',(0.0,1.0,1.22464679914735E-16));
#17598=CARTESIAN_POINT('',(-3.41213203438558,-0.63713197911081,-4.98096000000186));
#17599=DIRECTION('',(0.707106781189571,0.707106781183524,8.55069346869457E-13));
#17600=DIRECTION('',(-0.707106781183524,0.707106781189571,8.65956056239987E-17));
#17601=CARTESIAN_POINT('',(-3.20000000003052,-0.84926401346768,-4.98096));
#17602=DIRECTION('',(0.707106781189571,0.707106781183524,8.6595605623179E-17));
#17603=DIRECTION('',(-0.707106781183524,0.707106781189571,8.65956056239196E-17));
#17604=DIRECTION('',(0.707106781183524,-0.707106781189571,-8.65956056239196E-17));
#17605=DIRECTION('',(-6.04988281694405E-12,1.22464696358851E-16,-1.0));
#17606=DIRECTION('',(0.707106781183524,-0.707106781189571,-4.45091739451002E-13));
#17607=DIRECTION('',(0.0,1.22464679915945E-16,-1.0));
#17608=DIRECTION('',(0.0,-0.936672189248518,0.350207381259145));
#17609=DIRECTION('',(0.0,0.350207381259492,0.936672189248388));
#17610=DIRECTION('',(0.0,-0.41469324265633,0.909961270876502));
#17611=DIRECTION('',(0.0,-0.936672189248478,0.350207381259254));
#17612=DIRECTION('',(0.0,-1.0,-1.22464679914735E-16));
#17613=DIRECTION('',(6.04988281692169E-12,3.02506387315978E-12,-1.0));
#17614=DIRECTION('',(4.27533008995591E-12,-1.0,-1.22464661072143E-16));
#17615=DIRECTION('',(-4.27533008995591E-12,-1.0,-1.22464666591244E-16));
#17616=DIRECTION('',(4.27533008995591E-12,-1.0,-1.22464666590988E-16));
#17617=DIRECTION('',(-6.04988281693463E-12,-1.22464640725842E-16,1.0));
#17618=DIRECTION('',(1.0,-4.27530805354424E-12,-5.23574232314186E-28));
#17619=DIRECTION('',(4.27513008176265E-12,-1.0,-1.22464666590988E-16));
#17620=DIRECTION('',(0.0,1.0,1.22464666591244E-16));
#17621=CARTESIAN_POINT('',(3.19999999989685,0.674999999981187,-0.4309599999395));
#17622=DIRECTION('',(-6.05071548420711E-12,-1.22464640725842E-16,1.0));
#17623=DIRECTION('',(-1.0,7.40998935028557E-28,-6.05071548420711E-12));
#17624=DIRECTION('',(-0.629320391047246,2.69044336318284E-12,0.77714596145907));
#17625=DIRECTION('',(-0.777145961456946,3.32261545730814E-12,-0.629320391049868));
#17626=CARTESIAN_POINT('',(3.75000000001869,0.645000000015352,-0.4309599999392));
#17627=DIRECTION('',(-4.27537056683451E-12,-1.0,-1.22464666591244E-16));
#17628=DIRECTION('',(-1.0,4.27537056683451E-12,5.23581887984269E-28));
#17629=DIRECTION('',(0.777145961457351,-3.32261545730987E-12,0.629320391049368));
#17630=DIRECTION('',(0.777145961457351,-3.32261545730987E-12,0.629320391049368));
#17631=CARTESIAN_POINT('',(3.65005988152581,0.195000000015779,-0.125862042401001));
#17632=DIRECTION('',(0.629320391047246,-2.69044336318284E-12,-0.777145961459069));
#17633=DIRECTION('',(0.777145961459069,-3.32261462710208E-12,0.629320391047246));
#17634=DIRECTION('',(4.27530805354424E-12,1.0,1.22464666591244E-16));
#17635=CARTESIAN_POINT('',(3.65005988152688,0.445000000015779,-0.125862042401001));
#17636=DIRECTION('',(-0.629320391047246,2.69044336318284E-12,0.777145961459069));
#17637=DIRECTION('',(-0.777145961459069,3.32261462710208E-12,-0.629320391047246));
#17638=DIRECTION('',(4.27530805354424E-12,1.0,1.22464666591244E-16));
#17639=DIRECTION('',(0.0,1.0,1.22464679914735E-16));
#17640=DIRECTION('',(1.0,0.0,0.0));
#17641=DIRECTION('',(0.0,1.0,1.22464679914735E-16));
#17642=DIRECTION('',(1.0,0.0,0.0));
#17643=DIRECTION('',(0.0,1.0,1.22464679914735E-16));
#17644=CARTESIAN_POINT('',(-1.68609989193631,-0.92499999994627,-4.03096));
#17645=DIRECTION('',(-0.0,1.0,1.22464679914735E-16));
#17646=DIRECTION('',(1.0,0.0,0.0));
#17647=CARTESIAN_POINT('',(-1.68609989193631,-1.225,-4.03096));
#17648=DIRECTION('',(-0.0,1.0,1.22464679914735E-16));
#17649=DIRECTION('',(1.0,0.0,0.0));
#17650=DIRECTION('',(0.0,-1.0,-1.22464679914735E-16));
#17651=DIRECTION('',(0.0,1.22464679914434E-16,-1.0));
#17652=DIRECTION('',(0.0,-1.22464679914735E-16,1.0));
#17653=DIRECTION('',(1.0,0.0,0.0));
#17654=CARTESIAN_POINT('',(-2.5,-1.225,-0.43096));
#17655=DIRECTION('',(-1.0,0.0,0.0));
#17656=DIRECTION('',(0.0,1.0,1.22464679914735E-16));
#17657=DIRECTION('',(-1.0,0.0,0.0));
#17658=CARTESIAN_POINT('',(-0.0249999999999977,-1.225,-0.43096));
#17659=DIRECTION('',(-1.0,0.0,0.0));
#17660=DIRECTION('',(0.0,1.0,1.22464679914735E-16));
#17661=DIRECTION('',(0.0,1.0,1.22464679914735E-16));
#17662=DIRECTION('',(0.0,-1.22464679914735E-16,1.0));
#17663=DIRECTION('',(0.0,1.0,1.22464679914735E-16));
#17664=DIRECTION('',(0.0,-1.22464679914735E-16,1.0));
#17665=DIRECTION('',(0.0,1.0,1.22464679914735E-16));
#17666=DIRECTION('',(0.0,-1.22464679915945E-16,1.0));
#17667=DIRECTION('',(0.0,1.0,1.22464679914735E-16));
#17668=DIRECTION('',(0.0,1.0,1.22464679914735E-16));
#17669=CARTESIAN_POINT('',(2.875,1.22500000000172,-1.5309599999395));
#17670=DIRECTION('',(0.0,-1.0,-1.22464679914735E-16));
#17671=DIRECTION('',(1.0,0.0,0.0));
#17672=DIRECTION('',(0.0,1.0,1.22464679914735E-16));
#17673=DIRECTION('',(-1.0,4.27513008176265E-12,5.23552437056919E-28));
#17674=CARTESIAN_POINT('',(2.725,1.22500000002501,-1.0039599999395));
#17675=DIRECTION('',(1.0,0.0,0.0));
#17676=DIRECTION('',(0.0,-0.986285601537231,0.165047605860681));
#17677=DIRECTION('',(0.0,0.936672189248518,-0.350207381259145));
#17678=DIRECTION('',(0.0,-1.22464679915945E-16,1.0));
#17679=DIRECTION('',(0.0,1.22464679914735E-16,-1.0));
#17680=DIRECTION('',(0.0,-1.0,-1.22464679914735E-16));
#17681=DIRECTION('',(0.0,1.22464679914735E-16,-1.0));
#17682=DIRECTION('',(0.0,-0.629320391048455,-0.77714596145809));
#17683=CARTESIAN_POINT('',(2.3,-1.12505988150918,-0.1258620424616));
#17684=DIRECTION('',(0.0,-0.629320391048453,-0.777145961458092));
#17685=DIRECTION('',(0.0,0.777145961458092,-0.629320391048453));
#17686=DIRECTION('',(0.0,-0.629320391048455,-0.77714596145809));
#17687=CARTESIAN_POINT('',(2.3,-1.31385599882371,-0.359005830899099));
#17688=DIRECTION('',(0.0,-0.629320391048453,-0.777145961458092));
#17689=DIRECTION('',(0.0,0.777145961458092,-0.629320391048453));
#17690=DIRECTION('',(0.0,-0.629320391048455,0.77714596145809));
#17691=CARTESIAN_POINT('',(3.0,1.31385599886712,-0.3590058308613));
#17692=DIRECTION('',(0.0,-0.629320391048453,0.777145961458092));
#17693=DIRECTION('',(0.0,-0.777145961458092,-0.629320391048453));
#17694=DIRECTION('',(0.0,-0.629320391048455,0.77714596145809));
#17695=CARTESIAN_POINT('',(3.0,1.12505988155387,-0.1258620424254));
#17696=DIRECTION('',(0.0,-0.629320391048453,0.777145961458092));
#17697=DIRECTION('',(0.0,-0.777145961458092,-0.629320391048453));
#17698=DIRECTION('',(-1.0,4.27530805354424E-12,5.23574232314186E-28));
#17699=DIRECTION('',(0.777145961456946,-3.32261545730814E-12,0.629320391049868));
#17700=DIRECTION('',(0.629320391047246,-2.69044336318284E-12,-0.77714596145907));
#17701=CARTESIAN_POINT('',(3.75000000001591,-0.00499999998468086,-0.4309599999392));
#17702=DIRECTION('',(-4.27537056683451E-12,-1.0,-1.22464666591244E-16));
#17703=DIRECTION('',(-1.0,4.27537056683451E-12,5.23581887984269E-28));
#17704=DIRECTION('',(-4.27513008172076E-12,1.0,-6.92388581409325E-12));
#17705=CARTESIAN_POINT('',(3.838855998841,0.445000000014972,-0.359005830838599));
#17706=DIRECTION('',(-0.629320391047246,2.69044336318284E-12,0.777145961459069));
#17707=DIRECTION('',(-0.777145961459069,3.32261462710208E-12,-0.629320391047246));
#17708=DIRECTION('',(-4.27530805354424E-12,-1.0,-1.22464666591244E-16));
#17709=CARTESIAN_POINT('',(3.83885599883993,0.195000000014972,-0.359005830838599));
#17710=DIRECTION('',(0.629320391047245,-2.69044336318284E-12,-0.77714596145907));
#17711=DIRECTION('',(0.77714596145907,-3.32261462710208E-12,0.629320391047245));
#17712=DIRECTION('',(0.0,-0.777145961457398,-0.62932039104931));
#17713=CARTESIAN_POINT('',(3.2,1.22500000002501,-0.4309599999395));
#17714=DIRECTION('',(1.0,0.0,0.0));
#17715=DIRECTION('',(0.0,-1.0,-1.22464679914735E-16));
#17716=DIRECTION('',(0.0,-0.777145961457398,-0.62932039104931));
#17717=DIRECTION('',(0.629320391047246,-2.69044336318284E-12,-0.77714596145907));
#17718=CARTESIAN_POINT('',(-3.19999999996556,-0.071446554169526,-0.430959999980601));
#17719=DIRECTION('',(-6.0507154842071E-12,1.22464705787101E-16,-1.0));
#17720=DIRECTION('',(1.0,-8.55045201308968E-12,-6.0507154842071E-12));
#17721=DIRECTION('',(-6.04988281693463E-12,1.22464705779981E-16,-1.0));
#17722=DIRECTION('',(0.707106781189571,0.707106781183524,8.55069346869457E-13));
#17723=DIRECTION('',(0.707106781189571,0.707106781183524,8.55069346869457E-13));
#17724=CARTESIAN_POINT('',(-3.20000000001518,-0.42499994474222,-4.98096000000161));
#17725=DIRECTION('',(0.707106781189571,0.707106781183524,8.55069346869457E-13));
#17726=DIRECTION('',(-0.707106781183524,0.707106781189571,8.65956056239987E-17));
#17727=DIRECTION('',(0.707106781183524,-0.707106781189571,-4.27798013469119E-12));
#17728=DIRECTION('',(-0.707106781183524,0.707106781189571,4.27799795409127E-12));
#17729=DIRECTION('',(-6.04988281693463E-12,1.22464705779981E-16,-1.0));
#17730=DIRECTION('',(0.0,1.0,1.22464679914735E-16));
#17731=CARTESIAN_POINT('',(0.175,-0.92499999995273,-0.8721886759732));
#17732=DIRECTION('',(-0.0,-1.0,-1.22464679914735E-16));
#17733=DIRECTION('',(-1.0,0.0,0.0));
#17734=DIRECTION('',(0.0,1.0,1.22464679914735E-16));
#17735=CARTESIAN_POINT('',(0.175,-1.175,-0.8721886759732));
#17736=DIRECTION('',(-0.0,-1.0,-1.22464679914735E-16));
#17737=DIRECTION('',(-1.0,0.0,0.0));
#17738=DIRECTION('',(0.0,1.0,1.22464679914735E-16));
#17739=CARTESIAN_POINT('',(0.625,-0.9249999999508,-3.0453937567298));
#17740=DIRECTION('',(-0.0,-1.0,-1.22464679914735E-16));
#17741=DIRECTION('',(-1.0,0.0,0.0));
#17742=DIRECTION('',(0.0,1.0,1.22464679914735E-16));
#17743=CARTESIAN_POINT('',(0.625,-1.175,-3.0453937567298));
#17744=DIRECTION('',(-0.0,-1.0,-1.22464679914735E-16));
#17745=DIRECTION('',(-1.0,0.0,0.0));
#17746=DIRECTION('',(-0.866025403784504,-3.70268277504047E-12,0.499999999999887));
#17747=DIRECTION('',(0.0,1.0,1.22464679914735E-16));
#17748=DIRECTION('',(-0.866025403784504,-6.12323399573538E-17,0.499999999999887));
#17749=CARTESIAN_POINT('',(0.175,-0.92499999995273,-3.1897313240272));
#17750=DIRECTION('',(-0.0,-1.0,-1.22464679914735E-16));
#17751=DIRECTION('',(-1.0,0.0,0.0));
#17752=DIRECTION('',(0.0,1.0,1.22464679914735E-16));
#17753=CARTESIAN_POINT('',(0.175,-1.175,-3.1897313240272));
#17754=DIRECTION('',(-0.0,-1.0,-1.22464679914735E-16));
#17755=DIRECTION('',(-1.0,0.0,0.0));
#17756=DIRECTION('',(0.0,1.22464679914735E-16,-1.0));
#17757=CARTESIAN_POINT('',(2.39999999993447,-1.225,-1.98096));
#17758=DIRECTION('',(2.4677985077697E-15,1.0,3.01367047320947E-15));
#17759=DIRECTION('',(-1.62229147061859E-45,3.01367047320947E-15,-1.0));
#17760=DIRECTION('',(0.0,1.22464679914735E-16,-1.0));
#17761=DIRECTION('',(-1.0,-9.86523723099683E-51,8.05557752477318E-35));
#17762=DIRECTION('',(1.0,0.0,0.0));
#17763=DIRECTION('',(0.0,-1.22464679914735E-16,1.0));
#17764=DIRECTION('',(-1.0,0.0,0.0));
#17765=DIRECTION('',(0.0,-1.22464679914735E-16,1.0));
#17766=DIRECTION('',(1.0,0.0,0.0));
#17767=DIRECTION('',(0.0,-1.22464679914735E-16,1.0));
#17768=DIRECTION('',(-1.0,0.0,0.0));
#17769=DIRECTION('',(0.0,-1.22464679914735E-16,1.0));
#17770=DIRECTION('',(1.0,0.0,0.0));
#17771=DIRECTION('',(0.0,-1.22464679914735E-16,1.0));
#17772=DIRECTION('',(0.707106781186547,8.65956056235493E-17,-0.707106781186547));
#17773=DIRECTION('',(-1.0,-6.97582723389734E-51,5.69619521216581E-35));
#17774=CARTESIAN_POINT('',(1.68609989194661,-1.225,-4.03096));
#17775=DIRECTION('',(-0.0,1.0,1.22464679914735E-16));
#17776=DIRECTION('',(1.0,0.0,0.0));
#17777=DIRECTION('',(0.0,-1.22464679914735E-16,1.0));
#17778=DIRECTION('',(-0.707106781186547,-8.65956056235493E-17,0.707106781186547));
#17779=DIRECTION('',(1.0,9.86507911639359E-51,-8.05544841440164E-35));
#17780=DIRECTION('',(0.0,1.22464679914735E-16,-1.0));
#17781=CARTESIAN_POINT('',(2.39999999993447,-1.225,-3.18096));
#17782=DIRECTION('',(0.0,-1.0,-1.22464679914735E-16));
#17783=DIRECTION('',(1.0,0.0,0.0));
#17784=DIRECTION('',(1.0,0.0,0.0));
#17785=DIRECTION('',(0.0,1.0,1.22464661072474E-16));
#17786=DIRECTION('',(0.0,1.0,1.22464679914735E-16));
#17787=DIRECTION('',(0.0,1.22464679914434E-16,-1.0));
#17788=DIRECTION('',(0.0,1.0,1.22464679914735E-16));
#17789=CARTESIAN_POINT('',(1.68609989194661,-0.92499999994627,-4.03096));
#17790=DIRECTION('',(-0.0,1.0,1.22464679914735E-16));
#17791=DIRECTION('',(1.0,0.0,0.0));
#17792=DIRECTION('',(1.0,0.0,0.0));
#17793=DIRECTION('',(0.0,1.0,1.22464679914735E-16));
#17794=DIRECTION('',(1.0,4.27541335668526E-12,5.23587128229644E-28));
#17795=DIRECTION('',(0.0,1.0,1.22464666591244E-16));
#17796=DIRECTION('',(-1.0,0.0,0.0));
#17797=DIRECTION('',(0.0,1.0,1.22464679914735E-16));
#17798=DIRECTION('',(1.0,0.0,0.0));
#17799=DIRECTION('',(0.0,1.0,1.22464679914735E-16));
#17800=DIRECTION('',(1.0,0.0,0.0));
#17801=DIRECTION('',(0.0,1.0,1.22464679914735E-16));
#17802=DIRECTION('',(1.0,0.0,0.0));
#17803=DIRECTION('',(0.0,-1.0,-1.22464666591244E-16));
#17804=DIRECTION('',(0.0,1.0,1.22464679914735E-16));
#17805=DIRECTION('',(0.0,1.22464679914735E-16,-1.0));
#17806=DIRECTION('',(0.0,1.22464679914434E-16,-1.0));
#17807=DIRECTION('',(0.0,1.0,1.22464679914735E-16));
#17808=DIRECTION('',(-1.0,0.0,0.0));
#17809=DIRECTION('',(0.0,1.0,1.22464679914735E-16));
#17810=DIRECTION('',(0.0,1.22464679914735E-16,-1.0));
#17811=DIRECTION('',(0.0,-1.0,-1.22464679914735E-16));
#17812=DIRECTION('',(1.0,0.0,0.0));
#17813=DIRECTION('',(0.0,1.22464679914735E-16,-1.0));
#17814=DIRECTION('',(0.0,1.0,1.22464679914735E-16));
#17815=DIRECTION('',(0.0,1.22464679914434E-16,-1.0));
#17816=DIRECTION('',(0.0,1.0,1.22464679914735E-16));
#17817=DIRECTION('',(0.0,1.22464679914735E-16,-1.0));
#17818=DIRECTION('',(0.0,1.0,1.22464679914735E-16));
#17819=DIRECTION('',(1.0,0.0,0.0));
#17820=DIRECTION('',(0.0,1.0,1.22464679914735E-16));
#17821=DIRECTION('',(0.0,1.22464679914735E-16,-1.0));
#17822=DIRECTION('',(0.0,-1.0,-1.22464679914735E-16));
#17823=DIRECTION('',(-1.0,0.0,0.0));
#17824=DIRECTION('',(0.0,1.22464679914735E-16,-1.0));
#17825=DIRECTION('',(0.866025403783839,-6.12323399574948E-17,0.500000000001039));
#17826=CARTESIAN_POINT('',(0.625,-1.175,-1.0165262432702));
#17827=DIRECTION('',(-0.0,-1.0,-1.22464679914735E-16));
#17828=DIRECTION('',(-1.0,0.0,0.0));
#17829=DIRECTION('',(0.0,1.22464679914434E-16,-1.0));
#17830=DIRECTION('',(0.0,-0.777145961457398,0.62932039104931));
#17831=DIRECTION('',(0.0,0.629320391048455,0.77714596145809));
#17832=DIRECTION('',(0.0,0.777145961457398,-0.62932039104931));
#17833=CARTESIAN_POINT('',(0.0250000000000021,-1.225,-0.43096));
#17834=DIRECTION('',(-1.0,0.0,0.0));
#17835=DIRECTION('',(0.0,1.0,1.22464679914735E-16));
#17836=DIRECTION('',(0.0,1.0,1.22464679914735E-16));
#17837=CARTESIAN_POINT('',(0.625,-0.9249999999508,-1.0165262432702));
#17838=DIRECTION('',(-0.0,-1.0,-1.22464679914735E-16));
#17839=DIRECTION('',(-1.0,0.0,0.0));
#17840=DIRECTION('',(0.866025403783839,3.70258806593617E-12,0.500000000001039));
#17841=CARTESIAN_POINT('',(2.59644655415897,-0.67499999994238,-4.8309599999395));
#17842=DIRECTION('',(-6.0507154842071E-12,-1.22464705787101E-16,1.0));
#17843=DIRECTION('',(-1.0,-8.55045201308968E-12,-6.0507154842071E-12));
#17844=DIRECTION('',(-0.707106781183524,-0.707106781189571,-8.65956056239196E-17));
#17845=DIRECTION('',(-0.707106781183524,-0.707106781189571,-8.65956056239196E-17));
#17846=DIRECTION('',(-0.707106781183524,0.707106781189571,8.65956056239196E-17));
#17847=DIRECTION('',(-0.707106781189571,-0.707106781183524,-8.6595605623179E-17));
#17848=CARTESIAN_POINT('',(2.59644655422289,-0.67499999993957,-4.8309599999395));
#17849=DIRECTION('',(0.0,-1.22464679914735E-16,1.0));
#17850=DIRECTION('',(-1.0,0.0,0.0));
#17851=DIRECTION('',(-3.11700010017344E-39,1.0,1.22464661072474E-16));
#17852=DIRECTION('',(-1.0,-4.27541335668526E-12,-5.23587128229644E-28));
#17853=CARTESIAN_POINT('',(2.59644655413235,-0.67499999994238,-0.4309599999395));
#17854=DIRECTION('',(-6.0507154842071E-12,-1.22464705787101E-16,1.0));
#17855=DIRECTION('',(-1.0,-8.55045201308968E-12,-6.0507154842071E-12));
#17856=DIRECTION('',(6.04988281693463E-12,1.22464705779981E-16,-1.0));
#17857=CARTESIAN_POINT('',(2.59644655414051,-0.67499999994238,-1.7809600000157));
#17858=DIRECTION('',(6.0507154842071E-12,1.22464692847358E-16,-1.0));
#17859=DIRECTION('',(1.0,-7.40998935028555E-28,6.0507154842071E-12));
#17860=DIRECTION('',(6.04988281693463E-12,1.22464705779981E-16,-1.0));
#17861=DIRECTION('',(-1.0,0.0,0.0));
#17862=DIRECTION('',(0.0,0.777145961457398,-0.62932039104931));
#17863=CARTESIAN_POINT('',(-0.225,-1.31385599882371,-0.359005830899099));
#17864=DIRECTION('',(0.0,-0.629320391048453,-0.777145961458092));
#17865=DIRECTION('',(0.0,0.777145961458092,-0.629320391048453));
#17866=DIRECTION('',(1.0,0.0,0.0));
#17867=CARTESIAN_POINT('',(-2.3,-1.31385599882371,-0.359005830899099));
#17868=DIRECTION('',(0.0,-0.629320391048453,-0.777145961458092));
#17869=DIRECTION('',(0.0,0.777145961458092,-0.629320391048453));
#17870=DIRECTION('',(0.0,-0.777145961457398,0.62932039104931));
#17871=DIRECTION('',(6.04988281693463E-12,1.22464705779981E-16,-1.0));
#17872=DIRECTION('',(6.04988281693463E-12,1.22464705779981E-16,-1.0));
#17873=DIRECTION('',(1.0,0.0,0.0));
#17874=DIRECTION('',(0.0,0.629320391048455,0.77714596145809));
#17875=DIRECTION('',(-1.0,0.0,0.0));
#17876=DIRECTION('',(0.0,-1.0,-1.22464661072474E-16));
#17877=CARTESIAN_POINT('',(2.5,-1.225,-0.43096));
#17878=DIRECTION('',(-1.0,0.0,0.0));
#17879=DIRECTION('',(0.0,1.0,1.22464679914735E-16));
#17880=DIRECTION('',(0.0,0.777145961457398,-0.62932039104931));
#17881=DIRECTION('',(0.0,-0.777145961457398,0.62932039104931));
#17882=DIRECTION('',(0.0,1.0,1.22464679914735E-16));
#17883=DIRECTION('',(0.0,1.22464679914735E-16,-1.0));
#17884=DIRECTION('',(0.0,-1.22464679914735E-16,1.0));
#17885=DIRECTION('',(3.01768651091634E-28,-1.22464679914735E-16,1.0));
#17886=DIRECTION('',(-4.27541335668526E-12,1.0,1.22464679914735E-16));
#17887=DIRECTION('',(-1.0,-4.27541335668526E-12,-5.23587128229644E-28));
#17888=CARTESIAN_POINT('',(2.39999999993447,-0.92499999994321,-3.18096));
#17889=DIRECTION('',(0.0,-1.0,-1.22464679914735E-16));
#17890=DIRECTION('',(1.0,0.0,0.0));
#17891=DIRECTION('',(0.707106781186547,3.02327940281116E-12,-0.707106781186547));
#17892=DIRECTION('',(1.0,4.27541335668526E-12,5.23587128229644E-28));
#17893=DIRECTION('',(-0.707106781186547,-3.02327940281116E-12,0.707106781186547));
#17894=DIRECTION('',(-1.0,0.0,0.0));
#17895=DIRECTION('',(1.0,4.27541335668526E-12,5.23587128229644E-28));
#17896=CARTESIAN_POINT('',(2.39999999993447,-0.92499999994322,-1.98096));
#17897=DIRECTION('',(-2.4677985077697E-15,-1.0,-3.01367047320947E-15));
#17898=DIRECTION('',(-1.62229147061859E-45,3.01367047320947E-15,-1.0));
#17899=CARTESIAN_POINT('',(-2.59644655420604,-0.67499999994238,-1.7809599999843));
#17900=DIRECTION('',(-6.0507154842071E-12,1.22464692847358E-16,-1.0));
#17901=DIRECTION('',(1.0,7.40998935028555E-28,-6.0507154842071E-12));
#17902=CARTESIAN_POINT('',(-2.59644655420634,-0.67499999994238,-1.8309599999843));
#17903=DIRECTION('',(-6.04840251957227E-12,1.22464679914735E-16,-1.0));
#17904=DIRECTION('',(1.0,7.40715678554896E-28,-6.04840251957227E-12));
#17905=DIRECTION('',(-0.500000000006417,-0.499999999997854,-0.707106781183527));
#17906=CARTESIAN_POINT('',(-2.59644655422449,-0.67499999994238,-4.83096));
#17907=DIRECTION('',(-6.04945386692315E-12,1.22464705776314E-16,-1.0));
#17908=DIRECTION('',(1.0,-8.55060971492632E-12,-6.04945386692315E-12));
#17909=DIRECTION('',(-6.04988281693463E-12,1.2246469245649E-16,-1.0));
#17910=CARTESIAN_POINT('',(3.20000000002653,-0.84926401347004,-4.9809599999395));
#17911=DIRECTION('',(-0.707106781183525,0.70710678118957,8.65956056239195E-17));
#17912=DIRECTION('',(-0.70710678118957,-0.707106781183525,-8.65956056231791E-17));
#17913=CARTESIAN_POINT('',(3.4121320343834,-0.63713197911498,-4.98096));
#17914=DIRECTION('',(-0.707106781183525,0.70710678118957,8.65956056239195E-17));
#17915=DIRECTION('',(-0.70710678118957,-0.707106781183525,-8.65956056231791E-17));
#17916=DIRECTION('',(0.707106781189571,0.707106781183524,8.6595605623179E-17));
#17917=DIRECTION('',(-8.05522197580358E-35,1.22464661072474E-16,-1.0));
#17918=DIRECTION('',(0.0,1.22464679914735E-16,-1.0));
#17919=DIRECTION('',(-1.0,0.0,0.0));
#17920=CARTESIAN_POINT('',(0.225,-1.12505988150918,-0.1258620424616));
#17921=DIRECTION('',(0.0,0.629320391048453,0.777145961458092));
#17922=DIRECTION('',(0.0,-0.777145961458092,0.629320391048453));
#17923=DIRECTION('',(0.0,-1.0,-1.22464679914735E-16));
#17924=DIRECTION('',(1.0,0.0,0.0));
#17925=DIRECTION('',(-1.0,0.0,0.0));
#17926=CARTESIAN_POINT('',(-2.39999999999994,-1.225,-1.9809599999855));
#17927=DIRECTION('',(0.0,-1.0,-1.22464679914735E-16));
#17928=DIRECTION('',(0.0,1.22464679914735E-16,-1.0));
#17929=DIRECTION('',(0.0,-1.0,-1.2246469245649E-16));
#17930=CARTESIAN_POINT('',(-2.4,-0.92499999994386,-1.98096));
#17931=DIRECTION('',(-4.93559701553883E-15,1.0,4.45927336985685E-15));
#17932=DIRECTION('',(0.0,-4.45927336985685E-15,1.0));
#17933=DIRECTION('',(0.0,0.777145961457398,-0.62932039104931));
#17934=CARTESIAN_POINT('',(-2.3,-1.12505988150918,-0.1258620424616));
#17935=DIRECTION('',(0.0,-0.629320391048453,-0.777145961458092));
#17936=DIRECTION('',(0.0,0.777145961458092,-0.629320391048453));
#17937=DIRECTION('',(1.0,0.0,0.0));
#17938=CARTESIAN_POINT('',(-0.225,-1.12505988150918,-0.1258620424616));
#17939=DIRECTION('',(0.0,-0.629320391048453,-0.777145961458092));
#17940=DIRECTION('',(0.0,0.777145961458092,-0.629320391048453));
#17941=DIRECTION('',(0.0,-0.777145961457398,0.62932039104931));
#17942=DIRECTION('',(0.0,1.0,1.22464679914735E-16));
#17943=DIRECTION('',(0.866025403783839,-3.70268277504047E-12,0.500000000001038));
#17944=DIRECTION('',(0.0,1.0,1.22464679914735E-16));
#17945=DIRECTION('',(-0.866025403783839,6.12323399574948E-17,-0.500000000001038));
#17946=DIRECTION('',(0.0,1.0,1.22464679914735E-16));
#17947=DIRECTION('',(-0.866025403783839,6.12323399574948E-17,-0.500000000001038));
#17948=DIRECTION('',(0.0,1.22464679914735E-16,-1.0));
#17949=CARTESIAN_POINT('',(2.59644655422289,-0.67499999993957,-0.4309599999395));
#17950=DIRECTION('',(0.0,-1.22464679914735E-16,1.0));
#17951=DIRECTION('',(-1.0,0.0,0.0));
#17952=CARTESIAN_POINT('',(2.87499999990016,1.22500000000172,-1.5809599999826));
#17953=DIRECTION('',(8.550560433307E-12,-1.0,-1.22464654050093E-16));
#17954=DIRECTION('',(1.0,8.550560433307E-12,6.05418493115911E-12));
#17955=DIRECTION('',(-8.55066017991182E-12,1.0,1.22464654049489E-16));
#17956=DIRECTION('',(-1.0,4.27513008176265E-12,5.23552437056919E-28));
#17957=DIRECTION('',(-6.04988281694795E-12,-1.22464654051205E-16,1.0));
#17958=DIRECTION('',(-1.0,4.27513008176265E-12,6.04988281694795E-12));
#17959=DIRECTION('',(0.0,1.0,1.22464679914735E-16));
#17960=CARTESIAN_POINT('',(0.625,-0.92499999995615,-1.0165262432702));
#17961=DIRECTION('',(-0.0,-1.0,-1.22464679914735E-16));
#17962=DIRECTION('',(-1.0,0.0,0.0));
#17963=CARTESIAN_POINT('',(0.625,-1.175,-1.0165262432702));
#17964=DIRECTION('',(-0.0,-1.0,-1.22464679914735E-16));
#17965=DIRECTION('',(-1.0,0.0,0.0));
#17966=DIRECTION('',(0.707106781189571,0.707106781183524,8.6595605623179E-17));
#17967=DIRECTION('',(0.707106781183524,-0.707106781189571,-8.65956056239196E-17));
#17968=DIRECTION('',(-1.0,4.27541335668526E-12,5.23587128229644E-28));
#17969=DIRECTION('',(0.0,1.0,1.22464679914735E-16));
#17970=DIRECTION('',(1.0,0.0,0.0));
#17971=CARTESIAN_POINT('',(3.50111415727811,-0.0749890895835036,-2.10473400304588));
#17972=DIRECTION('',(0.73991638657428,-0.00870467572088826,-0.672642527275414));
#17973=DIRECTION('',(0.67269884857845,0.00957490978458788,0.739854431779553));
#17974=DIRECTION('',(1.33234909876726E-23,1.22464679914735E-16,-1.0));
#17975=CARTESIAN_POINT('',(3.19999999999575,-0.07144655417188,-0.4309599999395));
#17976=DIRECTION('',(0.0,-1.22464679914735E-16,1.0));
#17977=DIRECTION('',(-1.0,0.0,0.0));
#17978=DIRECTION('',(-8.05522197580358E-35,1.22464661072474E-16,-1.0));
#17979=DIRECTION('',(0.0,1.0,1.22464666591244E-16));
#17980=DIRECTION('',(-0.707106781186541,8.659560562355E-17,-0.707106781186554));
#17981=DIRECTION('',(-1.33234909876724E-23,-1.0,-1.22464679914735E-16));
#17982=DIRECTION('',(0.707106781186541,-3.02333491396238E-12,0.707106781186554));
#17983=DIRECTION('',(0.0,1.0,1.22464666591244E-16));
#17984=DIRECTION('',(-0.707106781186549,-0.707106781186546,-8.65956056235492E-17));
#17985=DIRECTION('',(0.0,1.22464679914735E-16,-1.0));
#17986=DIRECTION('',(6.04988281693463E-12,1.22464705779981E-16,-1.0));
#17987=DIRECTION('',(-0.577350269189626,-0.577350269189626,0.577350269189626));
#17988=CARTESIAN_POINT('',(0.225,-1.31385599882371,-0.359005830899099));
#17989=DIRECTION('',(0.0,0.629320391048453,0.777145961458092));
#17990=DIRECTION('',(0.0,-0.777145961458092,0.629320391048453));
#17991=CARTESIAN_POINT('',(3.19999999999575,-0.0714465541718795,-5.13096));
#17992=DIRECTION('',(0.0,-1.22464679914735E-16,1.0));
#17993=DIRECTION('',(-1.0,0.0,0.0));
#17994=DIRECTION('',(1.33234909876726E-23,1.22464679914735E-16,-1.0));
#17995=CARTESIAN_POINT('',(3.50111415631711,-0.0749890895790256,-3.05718599680662));
#17996=DIRECTION('',(-0.739916385489524,0.00870467572240874,-0.672642528468641));
#17997=DIRECTION('',(0.672698849771597,0.009574909752497,-0.739854430695122));
#17998=CARTESIAN_POINT('',(3.24999999993356,-1.325,-3.03096));
#17999=DIRECTION('',(0.0,1.22464679914735E-16,-1.0));
#18000=DIRECTION('',(1.0,0.0,0.0));
#18001=DIRECTION('',(0.0,1.0,1.22464679914735E-16));
#18002=DIRECTION('',(0.0,1.22464679914434E-16,-1.0));
#18003=DIRECTION('',(0.0,-0.629320391048455,-0.77714596145809));
#18004=DIRECTION('',(0.0,-1.22464679914735E-16,1.0));
#18005=DIRECTION('',(0.0,-1.22464679914735E-16,1.0));
#18006=CARTESIAN_POINT('',(-3.83885599880596,0.445000000022789,-0.3590058308759));
#18007=DIRECTION('',(-0.629320391051946,2.69066144497148E-12,-0.777145961455263));
#18008=DIRECTION('',(0.777145961455263,-3.32246048806157E-12,-0.629320391051946));
#18009=DIRECTION('',(0.629320391051947,-2.69066144497148E-12,0.777145961455263));
#18010=CARTESIAN_POINT('',(-3.65005988149043,0.445000000021982,-0.125862042439401));
#18011=DIRECTION('',(-0.629320391051946,2.69066144497148E-12,-0.777145961455263));
#18012=DIRECTION('',(0.777145961455263,-3.32246048806157E-12,-0.629320391051946));
#18013=DIRECTION('',(0.629320391051947,-2.69066144497148E-12,0.777145961455263));
#18014=DIRECTION('',(4.27535212636757E-12,1.0,1.22464666591111E-16));
#18015=DIRECTION('',(-0.777145961453543,3.3224955692865E-12,0.62932039105407));
#18016=DIRECTION('',(4.27535212636757E-12,1.0,1.22464666591111E-16));
#18017=CARTESIAN_POINT('',(-3.6500598814915,0.195000000021981,-0.125862042439401));
#18018=DIRECTION('',(0.629320391051946,-2.69066144497148E-12,0.777145961455263));
#18019=DIRECTION('',(-0.777145961455263,3.32246048806157E-12,0.629320391051946));
#18020=DIRECTION('',(-0.777145961453543,3.3224955692865E-12,0.62932039105407));
#18021=CARTESIAN_POINT('',(-3.74999999998516,-0.00499999997762292,-0.4309599999771));
#18022=DIRECTION('',(4.27537056683451E-12,1.0,1.22464666591E-16));
#18023=DIRECTION('',(1.0,-4.27537056683451E-12,-6.04840251957247E-12));
#18024=DIRECTION('',(-0.629320391051947,2.69066144497148E-12,-0.777145961455263));
#18025=DIRECTION('',(-0.777145961453139,3.32249556928478E-12,0.62932039105457));
#18026=DIRECTION('',(1.0,-4.27535212636757E-12,-6.04988281694795E-12));
#18027=CARTESIAN_POINT('',(-3.83885599880703,0.195000000022789,-0.3590058308759));
#18028=DIRECTION('',(0.629320391051946,-2.69066144497148E-12,0.777145961455263));
#18029=DIRECTION('',(-0.777145961455263,3.32246048806157E-12,0.629320391051946));
#18030=DIRECTION('',(-4.27535212636757E-12,-1.0,-1.22464666591111E-16));
#18031=DIRECTION('',(0.777145961453139,-3.32249556928478E-12,-0.62932039105457));
#18032=DIRECTION('',(-4.27513008176265E-12,-1.0,-3.02272842317976E-16));
#18033=DIRECTION('',(-0.629320391051947,2.69066144497148E-12,-0.777145961455263));
#18034=CARTESIAN_POINT('',(-3.74999999998238,0.645000000022409,-0.4309599999771));
#18035=DIRECTION('',(4.27537056683451E-12,1.0,1.22464666591E-16));
#18036=DIRECTION('',(1.0,-4.27537056683451E-12,-6.04840251957247E-12));
#18037=DIRECTION('',(0.0,1.22464679914434E-16,-1.0));
#18038=DIRECTION('',(0.0,1.0,1.22464679914735E-16));
#18039=DIRECTION('',(0.0,-1.22464679914735E-16,1.0));
#18040=DIRECTION('',(0.0,-1.0,-1.22464679914735E-16));
#18041=DIRECTION('',(0.0,-1.22464679914735E-16,1.0));
#18042=DIRECTION('',(-1.0,4.27535212636757E-12,6.04988281694795E-12));
#18043=DIRECTION('',(-6.04988281694795E-12,1.22464705779981E-16,-1.0));
#18044=DIRECTION('',(4.27513008176265E-12,1.0,1.22464661073758E-16));
#18045=DIRECTION('',(4.27513008176265E-12,1.0,1.22464666592604E-16));
#18046=DIRECTION('',(-4.27513008176622E-12,-1.0,-5.90984132661181E-13));
#18047=DIRECTION('',(1.0,0.0,0.0));
#18048=DIRECTION('',(0.0,-1.22464679914735E-16,1.0));
#18049=DIRECTION('',(-0.629320391047246,2.69044336318284E-12,0.77714596145907));
#18050=CARTESIAN_POINT('',(3.7499999999307,-0.0779167713093695,-2.3309600000227));
#18051=DIRECTION('',(-1.0,4.27513008176265E-12,6.04984812246911E-12));
#18052=DIRECTION('',(-6.04984812246911E-12,1.22464679914735E-16,-1.0));
#18053=CARTESIAN_POINT('',(-2.59644655419787,-0.67499999994238,-0.430959999984301));
#18054=DIRECTION('',(-6.05071548420711E-12,1.22464705787101E-16,-1.0));
#18055=DIRECTION('',(1.0,-8.55045201308969E-12,-6.05071548420711E-12));
#18056=CARTESIAN_POINT('',(-3.19999999996556,-0.071446554169526,-0.430959999980601));
#18057=DIRECTION('',(-6.04945386692317E-12,1.22464705776314E-16,-1.0));
#18058=DIRECTION('',(1.0,-8.55060971492633E-12,-6.04945386692317E-12));
#18059=CARTESIAN_POINT('',(-2.59644655419787,-0.67499999994238,-0.430959999984301));
#18060=DIRECTION('',(6.04915358730413E-12,-8.51694336279173E-16,1.0));
#18061=DIRECTION('',(-0.707106781189571,-0.707106781183524,4.27679528319929E-12));
#18062=DIRECTION('',(-1.0,-7.40896962697556E-28,6.04988281693463E-12));
#18063=DIRECTION('',(0.0,-1.0,-1.2246468693772E-16));
#18064=DIRECTION('',(1.0,-4.27541335668526E-12,-6.04988281693463E-12));
#18065=DIRECTION('',(-0.707106781189571,-0.707106781183524,-8.6595605623179E-17));
#18066=CARTESIAN_POINT('',(0.175,-1.175,-3.1897313240272));
#18067=DIRECTION('',(-0.0,1.0,1.22464679914735E-16));
#18068=DIRECTION('',(1.0,0.0,0.0));
#18069=DIRECTION('',(-1.0,0.0,0.0));
#18070=DIRECTION('',(-4.27533008995591E-12,-1.22464666590988E-16,1.0));
#18071=CARTESIAN_POINT('',(1.99999999999421,-0.80500011500768,-5.12595999998768));
#18072=DIRECTION('',(0.0,1.22464679914735E-16,-1.0));
#18073=DIRECTION('',(0.0,1.0,1.22464679914735E-16));
#18074=DIRECTION('',(-4.27533008995591E-12,-1.22464666590988E-16,1.0));
#18075=CARTESIAN_POINT('',(2.00000000000062,-0.80500011500768,-5.43095999998632));
#18076=DIRECTION('',(-4.27609336828283E-12,-1.22464666590988E-16,1.0));
#18077=DIRECTION('',(-1.0,5.23670405632279E-28,-4.27609336828283E-12));
#18078=DIRECTION('',(-3.01768651090344E-28,-1.22464679914434E-16,1.0));
#18079=CARTESIAN_POINT('',(-3.25000000000828,-1.3249999999915,-3.03096));
#18080=DIRECTION('',(-3.01768651090344E-28,-1.22464679914735E-16,1.0));
#18081=DIRECTION('',(-4.64948225069437E-60,1.0,1.22464679914735E-16));
#18082=DIRECTION('',(0.0,1.0,1.22464679914735E-16));
#18083=CARTESIAN_POINT('',(0.625,-0.92499999995615,-3.0453937567298));
#18084=DIRECTION('',(-0.0,1.0,1.22464679914735E-16));
#18085=DIRECTION('',(1.0,0.0,0.0));
#18086=DIRECTION('',(0.0,1.0,1.22464679914735E-16));
#18087=CARTESIAN_POINT('',(0.625,-1.175,-3.0453937567298));
#18088=DIRECTION('',(-0.0,1.0,1.22464679914735E-16));
#18089=DIRECTION('',(1.0,0.0,0.0));
#18090=DIRECTION('',(-1.0,8.55066017991182E-12,6.04988281693463E-12));
#18091=DIRECTION('',(-1.0,4.27513008176265E-12,2.58762681001355E-12));
#18092=DIRECTION('',(-1.04524444655141E-11,-0.777145961457398,-0.62932039104931));
#18093=CARTESIAN_POINT('',(-2.99999999995754,1.31385599884937,-0.359005830880901));
#18094=DIRECTION('',(6.7946280966909E-13,0.629320391048453,-0.777145961458092));
#18095=DIRECTION('',(-1.04517089427603E-11,-0.777145961458092,-0.629320391048453));
#18096=DIRECTION('',(1.0,-8.12306037882073E-12,-6.57792459543889E-12));
#18097=DIRECTION('',(-6.79462809669118E-13,-0.629320391048455,0.77714596145809));
#18098=CARTESIAN_POINT('',(-2.99999999995774,1.12505988153355,-0.125862042441901));
#18099=DIRECTION('',(6.7946280966909E-13,0.629320391048453,-0.777145961458092));
#18100=DIRECTION('',(-1.04517089427603E-11,-0.777145961458092,-0.629320391048453));
#18101=DIRECTION('',(-6.79462809669118E-13,-0.629320391048455,0.77714596145809));
#18102=DIRECTION('',(8.55066017991182E-12,1.0,1.22464654049489E-16));
#18103=CARTESIAN_POINT('',(-3.19999999995873,1.22500000002736,-0.430959999980601));
#18104=DIRECTION('',(1.0,-8.55074113366901E-12,-6.04988281693463E-12));
#18105=DIRECTION('',(-8.55074113366901E-12,-1.0,-1.22464679914735E-16));
#18106=DIRECTION('',(-1.04524444655141E-11,-0.777145961457398,-0.62932039104931));
#18107=CARTESIAN_POINT('',(-3.19999999996237,0.675000000008549,-0.430959999980601));
#18108=DIRECTION('',(-6.04988281693463E-12,1.22464731643968E-16,-1.0));
#18109=DIRECTION('',(8.55045201308968E-12,1.0,1.22464679914735E-16));
#18110=DIRECTION('',(1.0,-8.55066017991182E-12,-6.04988281693463E-12));
#18111=DIRECTION('',(-1.0,0.0,0.0));
#18112=CARTESIAN_POINT('',(-2.72499999996219,1.225,-1.00396));
#18113=DIRECTION('',(1.0,0.0,0.0));
#18114=DIRECTION('',(0.0,-0.986285601537231,0.165047605860681));
#18115=DIRECTION('',(-8.55066017991182E-12,-1.0,-1.22464654050801E-16));
#18116=DIRECTION('',(6.04988281693463E-12,-1.22464705779074E-16,1.0));
#18117=DIRECTION('',(-5.89048254617808E-12,-0.936672189248518,0.350207381259145));
#18118=DIRECTION('',(8.55066017991182E-12,1.0,1.22464654049489E-16));
#18119=DIRECTION('',(1.0,-4.27513008176265E-12,-6.04988281693463E-12));
#18120=DIRECTION('',(0.0,-0.629320391048455,-0.77714596145809));
#18121=DIRECTION('',(0.0,-0.629320391048455,-0.77714596145809));
#18122=CARTESIAN_POINT('',(0.175,-0.92499999995422,-0.8721886759732));
#18123=DIRECTION('',(-0.0,-1.0,-1.22464679914735E-16));
#18124=DIRECTION('',(-1.0,0.0,0.0));
#18125=CARTESIAN_POINT('',(0.175,-1.175,-0.8721886759732));
#18126=DIRECTION('',(-0.0,-1.0,-1.22464679914735E-16));
#18127=DIRECTION('',(-1.0,0.0,0.0));
#18128=CARTESIAN_POINT('',(0.175,-1.225,-0.8721886759732));
#18129=DIRECTION('',(-0.0,-1.0,-1.22464679914735E-16));
#18130=DIRECTION('',(-1.0,0.0,0.0));
#18131=DIRECTION('',(-1.0,0.0,0.0));
#18132=DIRECTION('',(0.0,-0.350207381259492,-0.936672189248388));
#18133=DIRECTION('',(1.0,0.0,0.0));
#18134=DIRECTION('',(-8.66129390431069E-12,-0.350207381259492,-0.936672189248388));
#18135=DIRECTION('',(-0.707106781183524,0.707106781189571,8.65956056239196E-17));
#18136=CARTESIAN_POINT('',(2.987867965626,-0.63713197906769,-4.9809599999395));
#18137=DIRECTION('',(-0.707106781183525,0.70710678118957,8.65956056239195E-17));
#18138=DIRECTION('',(-0.70710678118957,-0.707106781183525,-8.65956056231791E-17));
#18139=DIRECTION('',(0.0,-0.629320391048455,-0.77714596145809));
#18140=DIRECTION('',(0.707106781183524,0.707106781189571,8.65956056239196E-17));
#18141=DIRECTION('',(0.707106781183524,-0.707106781189571,-4.27801938700261E-12));
#18142=DIRECTION('',(-1.0,4.27541335668526E-12,6.04988281694795E-12));
#18143=DIRECTION('',(1.0,7.40896962699188E-28,-6.04988281694795E-12));
#18144=CARTESIAN_POINT('',(-2.59644655420634,-0.67499999994238,-1.8309599999843));
#18145=DIRECTION('',(-6.04945386692315E-12,1.22464705776314E-16,-1.0));
#18146=DIRECTION('',(1.0,-8.55060971492632E-12,-6.04945386692315E-12));
#18147=CARTESIAN_POINT('',(-3.19999999997403,-0.0714465541695257,-1.8309599999806));
#18148=DIRECTION('',(-6.04945386692317E-12,1.22464705776314E-16,-1.0));
#18149=DIRECTION('',(1.0,-8.55060971492633E-12,-6.04945386692317E-12));
#18150=DIRECTION('',(-6.04988281693463E-12,1.22464705779981E-16,-1.0));
#18151=DIRECTION('',(0.0,1.22464679914434E-16,-1.0));
#18152=DIRECTION('',(-0.866025403784504,3.70256031036055E-12,0.499999999999887));
#18153=CARTESIAN_POINT('',(0.175,-0.92499999995422,-3.1897313240272));
#18154=DIRECTION('',(-0.0,1.0,1.22464679914735E-16));
#18155=DIRECTION('',(1.0,0.0,0.0));
#18156=DIRECTION('',(-1.0,4.27541335668526E-12,5.23587128229644E-28));
#18157=DIRECTION('',(0.707106781186547,-3.02333491396238E-12,0.707106781186548));
#18158=CARTESIAN_POINT('',(-2.4,-0.92499999994322,-3.18096));
#18159=DIRECTION('',(-2.46779850776956E-15,1.0,-2.7687411133799E-15));
#18160=DIRECTION('',(-8.11145735309232E-46,-2.7687411133799E-15,-1.0));
#18161=DIRECTION('',(-1.0,4.27541335668526E-12,5.23587128229644E-28));
#18162=DIRECTION('',(-6.04988281693463E-12,1.2246469245649E-16,-1.0));
#18163=DIRECTION('',(6.04988281693463E-12,-1.22464705779074E-16,1.0));
#18164=DIRECTION('',(8.55066017991182E-12,1.0,1.22464654049489E-16));
#18165=CARTESIAN_POINT('',(-2.87499999996538,1.2250000000263,-1.5309599999826));
#18166=DIRECTION('',(8.55056043330676E-12,1.0,1.22464654050093E-16));
#18167=DIRECTION('',(-1.0,8.55056043330676E-12,6.05418493115893E-12));
#18168=DIRECTION('',(0.0,-1.0,-1.22464679914735E-16));
#18169=DIRECTION('',(1.0,0.0,0.0));
#18170=DIRECTION('',(1.0,-4.27513008176265E-12,-5.23552437056919E-28));
#18171=CARTESIAN_POINT('',(0.200000000004987,1.22500000001315,-4.33096));
#18172=DIRECTION('',(-0.0,-1.0,-1.22464679914735E-16));
#18173=DIRECTION('',(-1.0,0.0,0.0));
#18174=DIRECTION('',(0.0,-1.22464679915945E-16,1.0));
#18175=DIRECTION('',(1.0,0.0,0.0));
#18176=DIRECTION('',(0.0,1.22464679915945E-16,-1.0));
#18177=CARTESIAN_POINT('',(-0.199999999995012,1.22500000001486,-4.33096));
#18178=DIRECTION('',(-0.0,-1.0,-1.22464679914735E-16));
#18179=DIRECTION('',(-1.0,0.0,0.0));
#18180=DIRECTION('',(1.0,-4.27513008176265E-12,-5.23552437056919E-28));
#18181=CARTESIAN_POINT('',(-1.875,1.22500000002202,-1.58096));
#18182=DIRECTION('',(0.0,-1.0,-1.22464679914735E-16));
#18183=DIRECTION('',(1.0,0.0,0.0));
#18184=DIRECTION('',(0.0,-1.22464679915945E-16,1.0));
#18185=CARTESIAN_POINT('',(-1.875,1.22500000002202,-1.53096));
#18186=DIRECTION('',(0.0,-1.0,-1.22464679914735E-16));
#18187=DIRECTION('',(1.0,0.0,0.0));
#18188=DIRECTION('',(-1.0,4.27513008176265E-12,5.23552437056919E-28));
#18189=DIRECTION('',(0.0,-1.22464679915945E-16,1.0));
#18190=DIRECTION('',(0.0,1.22464679915945E-16,-1.0));
#18191=DIRECTION('',(-1.0,4.27513008176265E-12,-1.59840564037457E-12));
#18192=DIRECTION('',(-6.04988281693463E-12,1.22464705779074E-16,-1.0));
#18193=DIRECTION('',(-1.0,4.27513008176265E-12,-1.59840564037457E-12));
#18194=DIRECTION('',(0.0,1.22464679915945E-16,-1.0));
#18195=DIRECTION('',(0.0,1.22464679915945E-16,-1.0));
#18196=DIRECTION('',(-1.0,4.27513008176265E-12,5.23552437056919E-28));
#18197=CARTESIAN_POINT('',(1.875,1.22500000000599,-1.53096));
#18198=DIRECTION('',(0.0,-1.0,-1.22464679914735E-16));
#18199=DIRECTION('',(1.0,0.0,0.0));
#18200=DIRECTION('',(0.0,1.22464679915945E-16,-1.0));
#18201=CARTESIAN_POINT('',(1.875,1.22500000000599,-1.58096));
#18202=DIRECTION('',(0.0,-1.0,-1.22464679914735E-16));
#18203=DIRECTION('',(1.0,0.0,0.0));
#18204=DIRECTION('',(1.0,-4.27513008176265E-12,-5.23552437056919E-28));
#18205=CARTESIAN_POINT('',(1.92499999993448,1.22500000000578,-1.78096));
#18206=DIRECTION('',(0.0,-1.0,-1.22464679914735E-16));
#18207=DIRECTION('',(1.0,0.0,0.0));
#18208=DIRECTION('',(0.0,-1.22464679915945E-16,1.0));
#18209=CARTESIAN_POINT('',(2.12499999993448,1.22500000000492,-2.78096));
#18210=DIRECTION('',(0.0,1.0,1.22464679914735E-16));
#18211=DIRECTION('',(-1.0,0.0,0.0));
#18212=DIRECTION('',(-1.0,4.27513008176265E-12,5.23552437056919E-28));
#18213=CARTESIAN_POINT('',(2.62499999990742,1.22500000000278,-2.7809599999841));
#18214=DIRECTION('',(8.55056043330702E-12,-1.0,-1.22464654050093E-16));
#18215=DIRECTION('',(1.0,8.55056043330702E-12,6.05418493115912E-12));
#18216=DIRECTION('',(-6.04988281693463E-12,-1.22464654052013E-16,1.0));
#18217=CARTESIAN_POINT('',(2.82499999990137,1.22500000000193,-1.7809599999829));
#18218=DIRECTION('',(-8.550560433307E-12,1.0,1.22464654050093E-16));
#18219=DIRECTION('',(-1.0,-8.550560433307E-12,-6.05418493115911E-12));
#18220=DIRECTION('',(1.0,-4.27513008176265E-12,6.04988281693463E-12));
#18221=DIRECTION('',(-1.0,4.27513008176265E-12,5.23552437056919E-28));
#18222=DIRECTION('',(-1.60316204755873E-12,-1.22464679914735E-16,1.0));
#18223=DIRECTION('',(-1.0,0.0,0.0));
#18224=DIRECTION('',(1.60260693604641E-12,1.22464679914735E-16,-1.0));
#18225=DIRECTION('',(-1.0,4.27513008176265E-12,-2.89828188188346E-13));
#18226=DIRECTION('',(-8.55066017991182E-12,1.0,1.22464654049489E-16));
#18227=DIRECTION('',(0.0,-1.0,-1.22464679914735E-16));
#18228=DIRECTION('',(-1.0,0.0,0.0));
#18229=CARTESIAN_POINT('',(-2.98786796566012,-0.63713197909909,-4.98096));
#18230=DIRECTION('',(0.707106781189571,0.707106781183524,8.6595605623179E-17));
#18231=DIRECTION('',(-0.707106781183524,0.707106781189571,8.65956056239196E-17));
#18232=DIRECTION('',(0.0,-1.22464679914735E-16,1.0));
#18233=DIRECTION('',(0.0,-1.22464679914735E-16,1.0));
#18234=CARTESIAN_POINT('',(3.19999999991695,-0.0714465541695255,-3.86095999991695));
#18235=DIRECTION('',(0.707106781186548,-8.65956056235493E-17,0.707106781186548));
#18236=DIRECTION('',(-0.707106781186548,-8.65956056235492E-17,0.707106781186548));
#18237=DIRECTION('',(4.27513008176265E-12,-1.0,-1.22464661072143E-16));
#18238=DIRECTION('',(-4.27533008995591E-12,-1.22464666591342E-16,1.0));
#18239=CARTESIAN_POINT('',(2.39999999999836,-1.62499981424611,-5.43095999998461));
#18240=DIRECTION('',(-4.27609336828283E-12,-1.22464666592297E-16,1.0));
#18241=DIRECTION('',(-1.0,-1.25116930704827E-12,-4.27609336828283E-12));
#18242=DIRECTION('',(-4.27533008995591E-12,-1.22464673253039E-16,1.0));
#18243=DIRECTION('',(4.27533008995591E-12,1.22464666591244E-16,-1.0));
#18244=DIRECTION('',(0.0,1.0,1.22464679914735E-16));
#18245=DIRECTION('',(0.0,1.0,1.22464679914735E-16));
#18246=DIRECTION('',(4.27533008995591E-12,1.22464666590988E-16,-1.0));
#18247=DIRECTION('',(3.02494140846731E-12,1.0,1.22464679523965E-16));
#18248=DIRECTION('',(8.55066017991182E-12,-1.0,-1.22464654049489E-16));
#18249=DIRECTION('',(8.55066017991182E-12,-1.0,-1.22464654049489E-16));
#18250=DIRECTION('',(0.0,1.0,1.22464679914735E-16));
#18251=DIRECTION('',(-1.0,0.0,0.0));
#18252=CARTESIAN_POINT('',(-2.51289321881345,-0.405,-5.12595999998768));
#18253=DIRECTION('',(0.0,1.22464679914735E-16,-1.0));
#18254=DIRECTION('',(0.0,1.0,1.22464679914735E-16));
#18255=CARTESIAN_POINT('',(-2.60000000001111,-1.62499981424611,-5.12595999998768));
#18256=DIRECTION('',(0.0,1.22464679914735E-16,-1.0));
#18257=DIRECTION('',(0.0,1.0,1.22464679914735E-16));
#18258=DIRECTION('',(-1.0,0.0,0.0));
#18259=CARTESIAN_POINT('',(-2.40000000001111,-1.62499981424611,-5.12595999998768));
#18260=DIRECTION('',(0.0,1.22464679914735E-16,-1.0));
#18261=DIRECTION('',(0.0,1.0,1.22464679914735E-16));
#18262=DIRECTION('',(-1.0,0.0,0.0));
#18263=CARTESIAN_POINT('',(-2.4,-1.225,-3.18096));
#18264=DIRECTION('',(2.46779850776956E-15,-1.0,2.7687411133799E-15));
#18265=DIRECTION('',(-8.11145735309232E-46,-2.7687411133799E-15,-1.0));
#18266=CARTESIAN_POINT('',(0.175,-1.175,-3.1897313240272));
#18267=DIRECTION('',(-0.0,1.0,1.22464679914735E-16));
#18268=DIRECTION('',(1.0,0.0,0.0));
#18269=DIRECTION('',(0.866025403784504,6.12323399573538E-17,-0.499999999999887));
#18270=CARTESIAN_POINT('',(2.025,1.225,-1.00396));
#18271=DIRECTION('',(1.0,0.0,0.0));
#18272=DIRECTION('',(0.0,-0.986285601537231,0.165047605860681));
#18273=DIRECTION('',(1.0,0.0,0.0));
#18274=DIRECTION('',(0.0,-0.936672189248518,0.350207381259145));
#18275=DIRECTION('',(-1.0,0.0,0.0));
#18276=DIRECTION('',(0.0,-0.936672189248518,0.350207381259145));
#18277=DIRECTION('',(-1.0,0.0,0.0));
#18278=DIRECTION('',(0.0,-0.41469324265633,0.909961270876502));
#18279=DIRECTION('',(1.0,0.0,0.0));
#18280=DIRECTION('',(0.0,-0.936672189248478,0.350207381259254));
#18281=DIRECTION('',(0.0,0.350207381259492,0.936672189248388));
#18282=DIRECTION('',(0.0,-1.0,-1.22464679914735E-16));
#18283=DIRECTION('',(0.0,1.0,1.22464679914735E-16));
#18284=DIRECTION('',(0.0,1.0,1.22464679914735E-16));
#18285=DIRECTION('',(0.0,1.0,1.22464679914735E-16));
#18286=DIRECTION('',(0.0,1.0,1.22464679914735E-16));
#18287=DIRECTION('',(0.0,1.0,1.22464679914735E-16));
#18288=CARTESIAN_POINT('',(3.74999999993372,-0.0779167713093694,-2.83096));
#18289=DIRECTION('',(-1.0,4.27522600654484E-12,5.23564184454665E-28));
#18290=DIRECTION('',(-4.27522600654484E-12,-1.0,-1.22464679914735E-16));
#18291=DIRECTION('',(4.27513008176265E-12,-1.0,-1.22464679914735E-16));
#18292=CARTESIAN_POINT('',(2.35999999999829,0.524999999984778,-5.13096));
#18293=DIRECTION('',(1.60338012709074E-12,1.22464679914735E-16,-1.0));
#18294=DIRECTION('',(1.0,-1.96357434045815E-28,1.60338012709074E-12));
#18295=DIRECTION('',(-1.60326372114064E-12,-2.43634505045233E-16,1.0));
#18296=CARTESIAN_POINT('',(2.35999999999717,0.524999999984778,-4.43095999999983));
#18297=DIRECTION('',(-1.60336171777143E-12,7.87685017670486E-16,1.0));
#18298=DIRECTION('',(-0.214285714282375,0.976771023656257,-3.44346898846695E-13));
#18299=DIRECTION('',(0.894427190998563,-0.447213595502664,3.82394190699783E-12));
#18300=DIRECTION('',(0.894427190998563,-0.447213595502664,-5.47678698267516E-17));
#18301=DIRECTION('',(0.894427190998563,-0.447213595502664,-5.47678698267516E-17));
#18302=DIRECTION('',(0.894427190998563,-0.447213595502664,-5.47678698267516E-17));
#18303=DIRECTION('',(0.894427190998563,-0.447213595502664,-5.47678698267516E-17));
#18304=DIRECTION('',(-4.27533008995591E-12,-1.22464666591266E-16,1.0));
#18305=CARTESIAN_POINT('',(-2.20986961950845,0.995,-4.28106399769967));
#18306=DIRECTION('',(-2.56789977017524E-32,-1.0,-1.22464679914735E-16));
#18307=DIRECTION('',(-0.784283115305055,-7.59774659302898E-17,0.620403090778405));
#18308=DIRECTION('',(5.89045479060246E-12,0.936672189248478,-0.350207381259254));
#18309=DIRECTION('',(0.0,0.936672189248478,-0.350207381259254));
#18310=DIRECTION('',(1.0,0.0,0.0));
#18311=DIRECTION('',(-1.95923832713163E-12,0.414693242656337,-0.909961270876499));
#18312=DIRECTION('',(0.0,0.414693242656337,-0.909961270876499));
#18313=DIRECTION('',(1.0,0.0,0.0));
#18314=CARTESIAN_POINT('',(-2.025,1.225,-1.00396));
#18315=DIRECTION('',(1.0,0.0,0.0));
#18316=DIRECTION('',(0.0,-0.986285601537231,0.165047605860681));
#18317=DIRECTION('',(0.0,0.936672189248518,-0.350207381259145));
#18318=DIRECTION('',(0.0,1.0,1.22464679914735E-16));
#18319=DIRECTION('',(-0.707106781186547,8.65956056235494E-17,-0.707106781186548));
#18320=CARTESIAN_POINT('',(0.175,-1.225,-3.1897313240272));
#18321=DIRECTION('',(-0.0,1.0,1.22464679914735E-16));
#18322=DIRECTION('',(1.0,0.0,0.0));
#18323=DIRECTION('',(-0.707106781183524,0.707106781189571,8.65956056239196E-17));
#18324=CARTESIAN_POINT('',(3.19999999998106,-0.42499994471082,-4.98096));
#18325=DIRECTION('',(-0.707106781183525,0.70710678118957,8.65956056239195E-17));
#18326=DIRECTION('',(-0.70710678118957,-0.707106781183525,-8.65956056231791E-17));
#18327=DIRECTION('',(0.0,1.0,1.22464679914735E-16));
#18328=DIRECTION('',(0.0,1.0,1.22464679914735E-16));
#18329=DIRECTION('',(0.0,1.0,1.22464679914735E-16));
#18330=DIRECTION('',(0.0,1.0,1.22464679914735E-16));
#18331=DIRECTION('',(5.89048254617808E-12,0.936672189248518,-0.350207381259145));
#18332=DIRECTION('',(0.0,-0.936672189248518,0.350207381259145));
#18333=DIRECTION('',(1.0,0.0,0.0));
#18334=DIRECTION('',(0.0,-1.0,-1.22464679914735E-16));
#18335=DIRECTION('',(0.0,-1.0,-1.22464679914735E-16));
#18336=DIRECTION('',(1.0,0.0,0.0));
#18337=CARTESIAN_POINT('',(-0.399999999995012,1.025,-4.03096));
#18338=DIRECTION('',(1.0,0.0,0.0));
#18339=DIRECTION('',(0.0,-1.0,-1.22464679914735E-16));
#18340=CARTESIAN_POINT('',(0.400000000004987,1.025,-4.03096));
#18341=DIRECTION('',(1.0,0.0,0.0));
#18342=DIRECTION('',(0.0,-1.0,-1.22464679914735E-16));
#18343=DIRECTION('',(0.0,-1.22464679914735E-16,1.0));
#18344=DIRECTION('',(0.0,-1.0,-1.22464679914735E-16));
#18345=CARTESIAN_POINT('',(0.200000000004987,1.025,-4.33096));
#18346=DIRECTION('',(-0.0,-1.0,-1.22464679914735E-16));
#18347=DIRECTION('',(-1.0,0.0,0.0));
#18348=CARTESIAN_POINT('',(-0.199999999995012,1.025,-4.33096));
#18349=DIRECTION('',(-0.0,-1.0,-1.22464679914735E-16));
#18350=DIRECTION('',(-1.0,0.0,0.0));
#18351=DIRECTION('',(0.0,-1.0,-1.22464679914735E-16));
#18352=DIRECTION('',(0.0,1.22464679914735E-16,-1.0));
#18353=DIRECTION('',(-0.64278760968531,0.76604444312001,-1.03004206829885E-12));
#18354=DIRECTION('',(0.766044443124474,0.642787609679989,1.2277468566298E-12));
#18355=DIRECTION('',(-0.64278760968531,0.766044443120009,-1.03004206829885E-12));
#18356=CARTESIAN_POINT('',(-2.36000000000275,0.525,-4.43096000000049));
#18357=DIRECTION('',(-1.60186324270821E-12,5.01568125876626E-16,1.0));
#18358=DIRECTION('',(0.766044443120441,0.642787609684796,1.22677603393879E-12));
#18359=CARTESIAN_POINT('',(-2.36000000000275,0.525,-4.43096000000049));
#18360=DIRECTION('',(-1.60233784101397E-12,1.03332862554379E-16,1.0));
#18361=DIRECTION('',(0.766044443121622,0.642787609683389,1.22739557802853E-12));
#18362=CARTESIAN_POINT('',(-2.0038831661802,0.722886014654571,-4.83096000000025));
#18363=DIRECTION('',(-0.766044443124474,-0.642787609679989,-1.22774685664312E-12));
#18364=DIRECTION('',(0.642787609679989,-0.766044443124474,-5.72552560459874E-13));
#18365=DIRECTION('',(-0.766044443124474,-0.642787609679989,-1.22774685664312E-12));
#18366=CARTESIAN_POINT('',(-1.77406983324598,0.915722297555953,-4.83095999999988));
#18367=DIRECTION('',(-0.766044443124474,-0.642787609679989,-1.22774685664312E-12));
#18368=DIRECTION('',(0.642787609679989,-0.766044443124474,-5.72552560459874E-13));
#18369=DIRECTION('',(-0.766044443124474,-0.642787609679989,-1.22774685664312E-12));
#18370=CARTESIAN_POINT('',(-2.0038831661802,0.722886014654571,-4.83096000000025));
#18371=DIRECTION('',(-0.766044443124474,-0.642787609679989,-1.22774685664312E-12));
#18372=DIRECTION('',(0.642787609679989,-0.766044443124474,-5.72552560459874E-13));
#18373=CARTESIAN_POINT('',(-1.87532564424372,0.569677126029858,-4.53096000000037));
#18374=DIRECTION('',(0.766044443124474,0.64278760967999,1.2277468566298E-12));
#18375=DIRECTION('',(-0.64278760967999,0.766044443124474,5.72552560459874E-13));
#18376=DIRECTION('',(0.766044443124474,0.642787609679989,1.2277468566298E-12));
#18377=CARTESIAN_POINT('',(-1.6455123113095,0.76251340893124,-4.53096));
#18378=DIRECTION('',(0.766044443124474,0.64278760967999,1.2277468566298E-12));
#18379=DIRECTION('',(-0.64278760967999,0.766044443124474,5.72552560459874E-13));
#18380=DIRECTION('',(1.60259803863647E-12,1.33068168797224E-16,-1.0));
#18381=DIRECTION('',(-5.7247105436332E-13,-1.22779060254661E-12,1.0));
#18382=DIRECTION('',(-0.64278760968531,0.76604444312001,-1.03004206829885E-12));
#18383=CARTESIAN_POINT('',(-2.36000000000163,0.525,-5.13096000000049));
#18384=DIRECTION('',(-1.60186324270821E-12,5.01568125876626E-16,1.0));
#18385=DIRECTION('',(0.766044443120441,0.642787609684796,1.22677603393879E-12));
#18386=DIRECTION('',(0.707106781183524,-0.707106781189571,1.21327614800721E-12));
#18387=DIRECTION('',(-0.64278760968531,0.76604444312001,-1.03004206829885E-12));
#18388=CARTESIAN_POINT('',(-2.36000000000163,0.525,-5.13096000000049));
#18389=DIRECTION('',(-1.60233784101397E-12,1.03332862554379E-16,1.0));
#18390=DIRECTION('',(0.766044443121622,0.642787609683388,1.22739557802853E-12));
#18391=DIRECTION('',(1.0,-4.27533008995591E-12,2.89828188188346E-13));
#18392=CARTESIAN_POINT('',(-3.1999999999908,0.675000000008549,-5.1309600000006));
#18393=DIRECTION('',(-6.04988281693463E-12,1.22464731643968E-16,-1.0));
#18394=DIRECTION('',(8.55045201308968E-12,1.0,1.22464679914735E-16));
#18395=DIRECTION('',(-4.27533008995948E-12,-1.0,-5.90984132661182E-13));
#18396=CARTESIAN_POINT('',(-3.19999999999399,-0.0714465541695255,-5.13096000000278));
#18397=DIRECTION('',(-6.0507154842071E-12,1.22464705787101E-16,-1.0));
#18398=DIRECTION('',(1.0,-8.55045201308968E-12,-6.0507154842071E-12));
#18399=DIRECTION('',(0.642787609689814,0.76604444311623,9.38133875266908E-17));
#18400=CARTESIAN_POINT('',(1.77406983325199,0.915722297570467,-4.83096000000012));
#18401=DIRECTION('',(0.766044443113482,-0.642787609693089,1.22801465917077E-12));
#18402=DIRECTION('',(0.642787609693089,0.766044443113482,-5.7236493368482E-13));
#18403=DIRECTION('',(5.72669347063024E-13,-1.22797091326728E-12,-1.0));
#18404=CARTESIAN_POINT('',(1.64551231131386,0.762513408947588,-4.53096));
#18405=DIRECTION('',(-0.766044443113482,0.642787609693089,-1.22801465918409E-12));
#18406=DIRECTION('',(-0.642787609693089,-0.766044443113482,5.7236493368482E-13));
#18407=DIRECTION('',(-0.642787609689815,-0.76604444311623,5.72581697581887E-13));
#18408=CARTESIAN_POINT('',(-0.399999999995012,1.025,-4.23096));
#18409=DIRECTION('',(1.0,0.0,0.0));
#18410=DIRECTION('',(0.0,-1.0,-1.22464679914735E-16));
#18411=DIRECTION('',(1.0,0.0,0.0));
#18412=CARTESIAN_POINT('',(0.400000000004987,1.025,-4.23096));
#18413=DIRECTION('',(1.0,0.0,0.0));
#18414=DIRECTION('',(0.0,-1.0,-1.22464679914735E-16));
#18415=DIRECTION('',(0.0,-1.0,-1.22464679914735E-16));
#18416=DIRECTION('',(0.0,0.707106781186547,-0.707106781186548));
#18417=DIRECTION('',(0.0,-0.707106781186547,0.707106781186548));
#18418=DIRECTION('',(0.0,-1.0,-1.22464679914735E-16));
#18419=DIRECTION('',(0.0,1.0,1.22464679914735E-16));
#18420=CARTESIAN_POINT('',(2.20984883611614,0.995,-4.28107358937394));
#18421=DIRECTION('',(8.5596624100621E-32,-1.0,-1.22464679914735E-16));
#18422=DIRECTION('',(0.793068685017646,-7.45971822879643E-17,0.609132219509346));
#18423=DIRECTION('',(-0.766044443113482,0.64278760969309,-1.22801465918409E-12));
#18424=DIRECTION('',(0.642787609689815,0.76604444311623,-5.72581697581887E-13));
#18425=CARTESIAN_POINT('',(2.35999999999717,0.524999999984778,-4.4309599999993));
#18426=DIRECTION('',(1.60256719970151E-12,6.2160129751942E-16,-1.0));
#18427=DIRECTION('',(-0.766044443116228,0.642787609689816,-1.22723814043946E-12));
#18428=DIRECTION('',(-0.766044443113482,0.64278760969309,-1.22801465918409E-12));
#18429=CARTESIAN_POINT('',(1.87532564424478,0.569677126042277,-4.53095999999963));
#18430=DIRECTION('',(-0.766044443113482,0.642787609693089,-1.22801465918409E-12));
#18431=DIRECTION('',(-0.642787609693089,-0.766044443113482,5.7236493368482E-13));
#18432=CARTESIAN_POINT('',(2.00388316618292,0.722886014665154,-4.83095999999975));
#18433=DIRECTION('',(0.766044443113482,-0.642787609693089,1.22801465917077E-12));
#18434=DIRECTION('',(0.642787609693089,0.766044443113482,-5.7236493368482E-13));
#18435=DIRECTION('',(0.766044443113482,-0.64278760969309,1.22801465917077E-12));
#18436=DIRECTION('',(0.766044443113482,-0.64278760969309,1.22801465917077E-12));
#18437=DIRECTION('',(-0.642787609689814,-0.76604444311623,-9.38133875266908E-17));
#18438=CARTESIAN_POINT('',(2.35999999999829,0.524999999984778,-5.13096));
#18439=DIRECTION('',(1.60461921527855E-12,1.22464679914735E-16,-1.0));
#18440=DIRECTION('',(1.0,-1.96509178584121E-28,1.60461921527855E-12));
#18441=DIRECTION('',(-0.642787609689814,-0.76604444311623,-9.38133875266908E-17));
#18442=DIRECTION('',(0.707106781183524,0.707106781189571,8.65956056239196E-17));
#18443=DIRECTION('',(-0.707106781186547,-0.707106781186547,-8.65956056235492E-17));
#18444=CARTESIAN_POINT('',(3.19999999992847,-0.0714465541695255,-5.13096));
#18445=DIRECTION('',(-6.05071548420711E-12,-1.22464705787101E-16,1.0));
#18446=DIRECTION('',(-1.0,-8.55045201308969E-12,-6.05071548420711E-12));
#18447=DIRECTION('',(4.27533008995591E-12,-1.0,-1.22464679914735E-16));
#18448=CARTESIAN_POINT('',(3.19999999992528,0.674999999981187,-5.13096));
#18449=DIRECTION('',(-6.0507154842071E-12,-1.22464640725842E-16,1.0));
#18450=DIRECTION('',(-1.0,7.40998935028555E-28,-6.0507154842071E-12));
#18451=DIRECTION('',(1.0,-4.27533008995591E-12,-5.23576930996286E-28));
#18452=DIRECTION('',(-1.0,0.0,0.0));
#18453=DIRECTION('',(0.894427191001325,0.447213595497141,3.82405144273748E-12));
#18454=DIRECTION('',(6.25194340744297E-13,1.22464677632725E-16,-1.0));
#18455=DIRECTION('',(0.894427191001325,0.447213595497141,5.47678698260752E-17));
#18456=DIRECTION('',(0.894427191001325,0.447213595497141,5.47678698260752E-17));
#18457=DIRECTION('',(0.894427191001325,0.447213595497141,5.47678698260752E-17));
#18458=DIRECTION('',(0.894427191001325,0.447213595497141,5.47678698260752E-17));
#18459=DIRECTION('',(4.27533008995591E-12,1.22464666590988E-16,-1.0));
#18460=DIRECTION('',(1.0,0.0,0.0));
#18461=DIRECTION('',(1.0,-3.02494140846731E-12,4.27533008995591E-12));
#18462=DIRECTION('',(-8.55066017991182E-12,1.0,1.22464654049489E-16));
#18463=DIRECTION('',(4.27533008995591E-12,1.2246467325299E-16,-1.0));
#18464=CARTESIAN_POINT('',(-2.40000000000164,-1.62499981424611,-5.43096000000513));
#18465=DIRECTION('',(4.27609336828283E-12,1.22464666588935E-16,-1.0));
#18466=DIRECTION('',(-1.0,3.02492406123456E-12,-4.27609336828283E-12));
#18467=DIRECTION('',(4.27533008995591E-12,1.22464666591244E-16,-1.0));
#18468=DIRECTION('',(1.0,-3.02494140846731E-12,4.27533008995591E-12));
#18469=DIRECTION('',(-1.0,0.0,0.0));
#18470=DIRECTION('',(4.27533008995591E-12,1.22464666590988E-16,-1.0));
#18471=DIRECTION('',(0.0,-1.0,-1.22464679914735E-16));
#18472=DIRECTION('',(3.02494140846731E-12,1.0,1.22464679523965E-16));
#18473=DIRECTION('',(1.0,-5.23576930996286E-28,4.27533008995591E-12));
#18474=DIRECTION('',(4.27533008995591E-12,1.22464673253039E-16,-1.0));
#18475=DIRECTION('',(0.0,-1.0,-1.22464679914735E-16));
#18476=DIRECTION('',(0.0,1.0,1.22464679914735E-16));
#18477=DIRECTION('',(-4.27533008995591E-12,-1.22464666590988E-16,1.0));
#18478=DIRECTION('',(1.0,-3.02494140846731E-12,4.27533008995591E-12));
#18479=DIRECTION('',(1.0,0.0,0.0));
#18480=CARTESIAN_POINT('',(2.29999999999618,-0.305000115008589,-5.12595999998768));
#18481=DIRECTION('',(0.0,1.22464679914735E-16,-1.0));
#18482=DIRECTION('',(0.0,1.0,1.22464679914735E-16));
#18483=DIRECTION('',(-4.27533008995591E-12,-1.22464666590988E-16,1.0));
#18484=CARTESIAN_POINT('',(2.30000000000259,-0.305000115008589,-5.43095999998503));
#18485=DIRECTION('',(-4.27435864480685E-12,-1.22464666590988E-16,1.0));
#18486=DIRECTION('',(-1.0,5.23457963277052E-28,-4.27435864480685E-12));
#18487=CARTESIAN_POINT('',(-1.99999999999937,-0.805000114995589,-5.43096000000342));
#18488=DIRECTION('',(4.27609336828283E-12,1.22464666590988E-16,-1.0));
#18489=DIRECTION('',(1.0,-5.23670405632279E-28,4.27609336828283E-12));
#18490=DIRECTION('',(4.27533008995591E-12,1.22464666590988E-16,-1.0));
#18491=CARTESIAN_POINT('',(-2.00000000000579,-0.80500011499559,-5.12595999998768));
#18492=DIRECTION('',(0.0,1.22464679914735E-16,-1.0));
#18493=DIRECTION('',(0.0,1.0,1.22464679914735E-16));
#18494=DIRECTION('',(4.27533008995591E-12,1.2246467325299E-16,-1.0));
#18495=DIRECTION('',(1.0,-5.23576930996286E-28,4.27533008995591E-12));
#18496=DIRECTION('',(0.0,-1.0,-1.22464679914735E-16));
#18497=CARTESIAN_POINT('',(2.59999999999836,-1.62499981424611,-5.43095999998375));
#18498=DIRECTION('',(4.27609336828283E-12,1.22464666592297E-16,-1.0));
#18499=DIRECTION('',(1.0,1.25116930704827E-12,4.27609336828283E-12));
#18500=DIRECTION('',(4.27533008995591E-12,1.22464666591342E-16,-1.0));
#18501=CARTESIAN_POINT('',(-2.60000000000164,-1.62499981424611,-5.43096000000598));
#18502=DIRECTION('',(4.27609336828283E-12,1.22464666588935E-16,-1.0));
#18503=DIRECTION('',(-1.0,3.02492406123456E-12,-4.27609336828283E-12));
#18504=DIRECTION('',(-3.02494140846731E-12,-1.0,-1.22464679523965E-16));
#18505=DIRECTION('',(0.0,-1.0,-1.22464679914735E-16));
#18506=DIRECTION('',(0.0,-1.0,-1.22464679914735E-16));
#18507=DIRECTION('',(3.02494140846731E-12,1.0,1.22464679523965E-16));
#18508=DIRECTION('',(0.0,-1.0,-1.22464679914735E-16));
#18509=CARTESIAN_POINT('',(-2.29999999999741,-0.30500011499468,-5.4309600000047));
#18510=DIRECTION('',(4.27435864480685E-12,1.22464666590988E-16,-1.0));
#18511=DIRECTION('',(1.0,-5.23457963277052E-28,4.27435864480685E-12));
#18512=CARTESIAN_POINT('',(-2.30000000000382,-0.30500011499468,-5.12595999998768));
#18513=DIRECTION('',(0.0,1.22464679914735E-16,-1.0));
#18514=DIRECTION('',(0.0,1.0,1.22464679914735E-16));
#18515=DIRECTION('',(-1.0,0.0,0.0));
#18516=DIRECTION('',(1.0,-3.02494140846731E-12,4.27533008995591E-12));
#18517=DIRECTION('',(1.0,-3.02494140846932E-12,-3.70448481349024E-28));
#18518=DIRECTION('',(1.0,-3.02494140846731E-12,4.27533008995591E-12));
#18519=DIRECTION('',(0.707106781186547,8.65956056235494E-17,-0.707106781186548));
#18520=DIRECTION('',(0.0,1.0,1.22464679914735E-16));
#18521=DIRECTION('',(0.0,0.707106781186547,-0.707106781186548));
#18522=CARTESIAN_POINT('',(3.07,0.545,-3.93096));
#18523=DIRECTION('',(0.0,-1.22464679914735E-16,1.0));
#18524=DIRECTION('',(1.0,0.0,0.0));
#18525=DIRECTION('',(0.0,-1.22464679914735E-16,1.0));
#18526=CARTESIAN_POINT('',(-2.51289321881345,-0.405,-3.93096));
#18527=DIRECTION('',(0.0,-1.22464679914735E-16,1.0));
#18528=DIRECTION('',(1.0,0.0,0.0));
#18529=DIRECTION('',(0.0,1.22464679914735E-16,-1.0));
#18530=CARTESIAN_POINT('',(-2.51289321881345,-0.405,-5.12996));
#18531=DIRECTION('',(0.0,-1.22464679914735E-16,1.0));
#18532=DIRECTION('',(0.0,-1.0,-1.22464679914735E-16));
#18533=DIRECTION('',(0.707106781186547,-8.65956056235494E-17,0.707106781186548));
#18534=CARTESIAN_POINT('',(-3.07,0.545,-3.93096));
#18535=DIRECTION('',(0.0,-1.22464679914735E-16,1.0));
#18536=DIRECTION('',(1.0,0.0,0.0));
#18537=DIRECTION('',(0.0,-0.707106781186547,0.707106781186548));
#18538=DIRECTION('',(0.707106781186547,-0.707106781186547,-8.65956056235492E-17));
#18539=DIRECTION('',(0.0,-1.22464679914735E-16,1.0));
#18540=DIRECTION('',(1.0,0.0,0.0));
#18541=DIRECTION('',(0.577350269189626,0.577350269189626,-0.577350269189626));
#18542=DIRECTION('',(1.0,0.0,0.0));
#18543=DIRECTION('',(-0.707106781186547,-0.707106781186547,-8.65956056235492E-17));
#18544=DIRECTION('',(0.0,1.22464679914735E-16,-1.0));
#18545=DIRECTION('',(0.577350269189626,-0.577350269189626,0.577350269189626));
#18546=DIRECTION('',(1.0,0.0,0.0));
#18547=DIRECTION('',(1.0,0.0,0.0));
#18548=DIRECTION('',(-1.0,0.0,0.0));
#18549=DIRECTION('',(-1.0,0.0,0.0));
#18550=DIRECTION('',(0.0,-1.22464679914735E-16,1.0));
#18551=DIRECTION('',(1.0,0.0,0.0));
#18552=CARTESIAN_POINT('',(-1.73499999999485,-0.855,-5.07996));
#18553=DIRECTION('',(-1.0,0.0,0.0));
#18554=DIRECTION('',(0.0,1.0,1.22464679914735E-16));
#18555=DIRECTION('',(1.0,0.0,0.0));
#18556=DIRECTION('',(0.0,1.0,1.22464679914735E-16));
#18557=DIRECTION('',(1.0,0.0,0.0));
#18558=CARTESIAN_POINT('',(2.51289321881345,-0.405,-5.12996));
#18559=DIRECTION('',(0.0,-1.22464679914735E-16,1.0));
#18560=DIRECTION('',(0.0,-1.0,-1.22464679914735E-16));
#18561=DIRECTION('',(0.0,1.0,1.22464679914735E-16));
#18562=DIRECTION('',(-1.0,0.0,0.0));
#18563=DIRECTION('',(0.0,-1.0,-1.22464679914735E-16));
#18564=DIRECTION('',(-1.0,0.0,0.0));
#18565=DIRECTION('',(-0.766044443113482,0.64278760969309,7.8718778874222E-17));
#18566=DIRECTION('',(-0.642787609689814,-0.76604444311623,-9.38133875266908E-17));
#18567=CARTESIAN_POINT('',(2.51289321881345,-0.405,-3.93096));
#18568=DIRECTION('',(0.0,-1.22464679914735E-16,1.0));
#18569=DIRECTION('',(1.0,0.0,0.0));
#18570=DIRECTION('',(0.0,-1.22464679914735E-16,1.0));
#18571=DIRECTION('',(0.642787609689814,-0.76604444311623,-9.38133875266908E-17));
#18572=DIRECTION('',(0.766044443113482,0.64278760969309,7.8718778874222E-17));
#18573=DIRECTION('',(1.0,0.0,0.0));
#18574=DIRECTION('',(0.0,1.0,1.22464679914735E-16));
#18575=DIRECTION('',(-1.0,0.0,0.0));
#18576=DIRECTION('',(0.0,-1.0,-1.22464679914735E-16));
#18577=DIRECTION('',(0.0,-1.0,-1.22464679914735E-16));
#18578=DIRECTION('',(0.0,-1.0,-1.22464679914735E-16));
#18579=DIRECTION('',(0.0,1.0,1.22464679914735E-16));
#18580=DIRECTION('',(-1.0,-2.34651355420027E-12,-2.87365031330724E-28));
#18581=DIRECTION('',(-1.0,-2.34651355420027E-12,-2.87365031330724E-28));
#18582=DIRECTION('',(-1.0,-2.34651355420027E-12,-2.87365031330724E-28));
#18583=DIRECTION('',(-1.0,-2.34651355420027E-12,-2.87365031330724E-28));
#18584=DIRECTION('',(-1.0,-2.34651355420027E-12,-2.87365031330724E-28));
#18585=DIRECTION('',(-1.0,-2.34651355420027E-12,-2.87365031330724E-28));
#18586=DIRECTION('',(-1.0,-2.34651355420027E-12,-2.87365031330724E-28));
#18587=DIRECTION('',(-1.0,-2.34651355420027E-12,-2.87365031330724E-28));
#18588=DIRECTION('',(-1.0,-2.34651355420027E-12,-2.87365031330724E-28));
#18589=DIRECTION('',(-1.0,-2.34651355420027E-12,-2.87365031330724E-28));
#18590=DIRECTION('',(0.0,-1.0,-1.22464679914735E-16));
#18591=DIRECTION('',(-4.76603632847431E-24,4.89846576552911E-16,-1.0));
#18592=DIRECTION('',(1.0,0.0,0.0));
#18593=DIRECTION('',(0.0,-1.22464679914735E-16,1.0));
#18594=DIRECTION('',(4.76588989616877E-24,-4.89846576552911E-16,1.0));
#18595=DIRECTION('',(0.0,1.22464679914735E-16,-1.0));
#18596=CARTESIAN_POINT('',(-0.124999999995598,-0.8549999994181,-5.04668057314783));
#18597=DIRECTION('',(-1.0,-2.34648455180175E-12,4.76488966654708E-24));
#18598=DIRECTION('',(2.34648455180175E-12,-1.0,-1.22464679914735E-16));
#18599=DIRECTION('',(-2.20498290384558E-12,0.939692620785908,0.342020143325669));
#18600=DIRECTION('',(0.0,-1.22464679914735E-16,1.0));
#18601=DIRECTION('',(0.0,-1.0,-1.22464679914735E-16));
#18602=CARTESIAN_POINT('',(0.125000000004401,-0.85499999941751,-5.04668057314783));
#18603=DIRECTION('',(-1.0,-2.34648455180175E-12,4.76488966654708E-24));
#18604=DIRECTION('',(2.34648455180175E-12,-1.0,-1.22464679914735E-16));
#18605=DIRECTION('',(0.0,1.0,1.22464679914735E-16));
#18606=DIRECTION('',(0.0,1.22464679914735E-16,-1.0));
#18607=DIRECTION('',(2.20498290384558E-12,-0.939692620785908,-0.342020143325669));
#18608=DIRECTION('',(-4.76603632847431E-24,4.89846576552911E-16,-1.0));
#18609=DIRECTION('',(1.0,0.0,0.0));
#18610=DIRECTION('',(0.0,-1.22464679914735E-16,1.0));
#18611=DIRECTION('',(4.76588989616877E-24,-4.89846576552911E-16,1.0));
#18612=DIRECTION('',(0.0,1.22464679914735E-16,-1.0));
#18613=CARTESIAN_POINT('',(-0.774999999995599,-0.8549999994181,-5.04668057314783));
#18614=DIRECTION('',(-1.0,-2.34648455180175E-12,4.76488966654708E-24));
#18615=DIRECTION('',(2.34648455180175E-12,-1.0,-1.22464679914735E-16));
#18616=DIRECTION('',(-2.20498290384558E-12,0.939692620785908,0.342020143325669));
#18617=DIRECTION('',(0.0,-1.22464679914735E-16,1.0));
#18618=DIRECTION('',(0.0,-1.0,-1.22464679914735E-16));
#18619=CARTESIAN_POINT('',(-0.5249999999956,-0.85499999941751,-5.04668057314783));
#18620=DIRECTION('',(-1.0,-2.34648455180175E-12,4.76488966654708E-24));
#18621=DIRECTION('',(2.34648455180175E-12,-1.0,-1.22464679914735E-16));
#18622=DIRECTION('',(0.0,1.0,1.22464679914735E-16));
#18623=DIRECTION('',(0.0,1.22464679914735E-16,-1.0));
#18624=DIRECTION('',(2.20498290384558E-12,-0.939692620785908,-0.342020143325669));
#18625=DIRECTION('',(-4.76603632847431E-24,4.89846576552911E-16,-1.0));
#18626=DIRECTION('',(1.0,0.0,0.0));
#18627=DIRECTION('',(0.0,-1.22464679914735E-16,1.0));
#18628=DIRECTION('',(4.76588989616877E-24,-4.89846576552911E-16,1.0));
#18629=CARTESIAN_POINT('',(-1.1749999999956,-0.85499999941751,-5.04668057314783));
#18630=DIRECTION('',(-1.0,-2.34648455180175E-12,4.76488966654708E-24));
#18631=DIRECTION('',(2.34648455180175E-12,-1.0,-1.22464679914735E-16));
#18632=DIRECTION('',(0.0,1.0,1.22464679914735E-16));
#18633=DIRECTION('',(0.0,1.22464679914735E-16,-1.0));
#18634=DIRECTION('',(2.20498290384558E-12,-0.939692620785908,-0.342020143325669));
#18635=DIRECTION('',(0.0,1.22464679914735E-16,-1.0));
#18636=CARTESIAN_POINT('',(-1.4249999999956,-0.8549999994181,-5.04668057314783));
#18637=DIRECTION('',(-1.0,-2.34648455180175E-12,4.76488966654708E-24));
#18638=DIRECTION('',(2.34648455180175E-12,-1.0,-1.22464679914735E-16));
#18639=DIRECTION('',(-2.20498290384558E-12,0.939692620785908,0.342020143325669));
#18640=DIRECTION('',(0.0,-1.22464679914735E-16,1.0));
#18641=DIRECTION('',(0.0,-1.0,-1.22464679914735E-16));
#18642=DIRECTION('',(0.0,-1.22464679914735E-16,1.0));
#18643=DIRECTION('',(4.76588989616877E-24,-4.89846576552911E-16,1.0));
#18644=DIRECTION('',(0.0,-1.22464679914735E-16,1.0));
#18645=DIRECTION('',(1.0,0.0,0.0));
#18646=CARTESIAN_POINT('',(1.1750000000044,-0.8549999994181,-5.04668057314783));
#18647=DIRECTION('',(-1.0,-2.34648455180175E-12,4.76488966654708E-24));
#18648=DIRECTION('',(2.34648455180175E-12,-1.0,-1.22464679914735E-16));
#18649=DIRECTION('',(-2.20498290384558E-12,0.939692620785908,0.342020143325669));
#18650=DIRECTION('',(0.0,-1.22464679914735E-16,1.0));
#18651=DIRECTION('',(0.0,-1.0,-1.22464679914735E-16));
#18652=CARTESIAN_POINT('',(1.4250000000044,-0.85499999941751,-5.04668057314783));
#18653=DIRECTION('',(-1.0,-2.34648455180175E-12,4.76488966654708E-24));
#18654=DIRECTION('',(2.34648455180175E-12,-1.0,-1.22464679914735E-16));
#18655=DIRECTION('',(0.0,1.0,1.22464679914735E-16));
#18656=DIRECTION('',(0.0,1.22464679914735E-16,-1.0));
#18657=DIRECTION('',(2.20498290384558E-12,-0.939692620785908,-0.342020143325669));
#18658=DIRECTION('',(0.0,0.707106781186546,0.707106781186549));
#18659=DIRECTION('',(-1.0,0.0,0.0));
#18660=DIRECTION('',(0.0,-0.707106781186546,-0.707106781186549));
#18661=DIRECTION('',(1.0,0.0,0.0));
#18662=DIRECTION('',(0.0,0.707106781186546,0.707106781186549));
#18663=DIRECTION('',(-1.0,0.0,0.0));
#18664=DIRECTION('',(0.0,-0.707106781186546,-0.707106781186549));
#18665=DIRECTION('',(1.0,0.0,0.0));
#18666=DIRECTION('',(0.0,0.707106781186546,0.707106781186549));
#18667=DIRECTION('',(-1.0,0.0,0.0));
#18668=DIRECTION('',(0.0,-0.707106781186546,-0.707106781186549));
#18669=DIRECTION('',(1.0,0.0,0.0));
#18670=DIRECTION('',(0.0,0.707106781186546,0.707106781186549));
#18671=DIRECTION('',(-1.0,0.0,0.0));
#18672=DIRECTION('',(0.0,-0.707106781186546,-0.707106781186549));
#18673=DIRECTION('',(1.0,0.0,0.0));
#18674=DIRECTION('',(0.0,0.707106781186546,0.707106781186549));
#18675=DIRECTION('',(-1.0,0.0,0.0));
#18676=DIRECTION('',(0.0,-0.707106781186546,-0.707106781186549));
#18677=DIRECTION('',(1.0,0.0,0.0));
#18678=CARTESIAN_POINT('',(1.58500000000515,-1.175,-4.08096));
#18679=DIRECTION('',(-0.0,1.0,1.22464679914735E-16));
#18680=DIRECTION('',(1.0,0.0,0.0));
#18681=DIRECTION('',(0.0,1.0,1.22464679914735E-16));
#18682=CARTESIAN_POINT('',(1.58500000000515,-0.905,-4.08096));
#18683=DIRECTION('',(-0.0,1.0,1.22464679914735E-16));
#18684=DIRECTION('',(1.0,0.0,0.0));
#18685=DIRECTION('',(0.0,1.0,1.22464679914735E-16));
#18686=DIRECTION('',(0.0,1.0,1.22464679914735E-16));
#18687=CARTESIAN_POINT('',(-1.58499999999485,-0.905,-4.08096));
#18688=DIRECTION('',(-0.0,-1.0,-1.22464679914735E-16));
#18689=DIRECTION('',(-1.0,0.0,0.0));
#18690=DIRECTION('',(0.0,1.0,1.22464679914735E-16));
#18691=CARTESIAN_POINT('',(-1.58499999999485,-1.175,-4.08096));
#18692=DIRECTION('',(-0.0,-1.0,-1.22464679914735E-16));
#18693=DIRECTION('',(-1.0,0.0,0.0));
#18694=DIRECTION('',(0.0,1.0,1.22464679914735E-16));
#18695=DIRECTION('',(0.0,-1.0,-1.22464679914735E-16));
#18696=DIRECTION('',(0.0,1.0,1.22464679914735E-16));
#18697=DIRECTION('',(1.0,0.0,0.0));
#18698=DIRECTION('',(1.0,0.0,0.0));
#18699=CARTESIAN_POINT('',(1.525,0.445,-3.93096));
#18700=DIRECTION('',(0.0,-1.22464679914735E-16,1.0));
#18701=DIRECTION('',(1.0,0.0,0.0));
#18702=DIRECTION('',(0.0,1.0,1.22464679914735E-16));
#18703=CARTESIAN_POINT('',(1.525,0.245,-3.93096));
#18704=DIRECTION('',(0.0,-1.22464679914735E-16,1.0));
#18705=DIRECTION('',(1.0,0.0,0.0));
#18706=DIRECTION('',(1.0,0.0,0.0));
#18707=DIRECTION('',(0.0,1.0,1.22464679914735E-16));
#18708=DIRECTION('',(-1.0,0.0,0.0));
#18709=DIRECTION('',(0.0,1.0,1.22464679914735E-16));
#18710=DIRECTION('',(1.0,0.0,0.0));
#18711=DIRECTION('',(0.0,1.0,1.22464679914735E-16));
#18712=DIRECTION('',(-1.0,0.0,0.0));
#18713=DIRECTION('',(0.0,1.0,1.22464679914735E-16));
#18714=DIRECTION('',(1.0,0.0,0.0));
#18715=DIRECTION('',(0.0,1.0,1.22464679914735E-16));
#18716=DIRECTION('',(-1.0,0.0,0.0));
#18717=DIRECTION('',(0.0,1.0,1.22464679914735E-16));
#18718=DIRECTION('',(1.0,0.0,0.0));
#18719=DIRECTION('',(0.0,1.0,1.22464679914735E-16));
#18720=DIRECTION('',(-1.0,0.0,0.0));
#18721=DIRECTION('',(0.0,1.0,1.22464679914735E-16));
#18722=DIRECTION('',(1.0,0.0,0.0));
#18723=DIRECTION('',(0.0,1.0,1.22464679914735E-16));
#18724=DIRECTION('',(-1.0,0.0,0.0));
#18725=DIRECTION('',(0.0,1.0,1.22464679914735E-16));
#18726=DIRECTION('',(1.0,0.0,0.0));
#18727=CARTESIAN_POINT('',(-1.525,0.245,-3.93096));
#18728=DIRECTION('',(0.0,-1.22464679914735E-16,1.0));
#18729=DIRECTION('',(1.0,0.0,0.0));
#18730=DIRECTION('',(0.0,-1.0,-1.22464679914735E-16));
#18731=CARTESIAN_POINT('',(-1.525,0.445,-3.93096));
#18732=DIRECTION('',(0.0,1.22464679914735E-16,-1.0));
#18733=DIRECTION('',(-1.0,0.0,0.0));
#18734=DIRECTION('',(1.0,0.0,0.0));
#18735=DIRECTION('',(1.0,0.0,0.0));
#18736=CARTESIAN_POINT('',(1.73500000000515,-0.855,-5.07996));
#18737=DIRECTION('',(-1.0,0.0,0.0));
#18738=DIRECTION('',(0.0,1.0,1.22464679914735E-16));
#18739=DIRECTION('',(0.0,1.22464679914735E-16,-1.0));
#18740=DIRECTION('',(0.0,-1.22464679914735E-16,1.0));
#18741=DIRECTION('',(1.0,2.27878970142272E-43,-1.86077300247656E-27));
#18742=DIRECTION('',(-1.0,0.0,0.0));
#18743=DIRECTION('',(0.0,-1.0,-1.22464679914735E-16));
#18744=DIRECTION('',(1.0,0.0,0.0));
#18745=DIRECTION('',(-1.0,0.0,0.0));
#18746=DIRECTION('',(-1.0,0.0,0.0));
#18747=DIRECTION('',(-1.0,0.0,0.0));
#18748=DIRECTION('',(-1.0,0.0,0.0));
#18749=DIRECTION('',(0.0,1.22464679914735E-16,-1.0));
#18750=DIRECTION('',(0.0,1.0,1.22464679914735E-16));
#18751=DIRECTION('',(0.0,1.22464679914735E-16,-1.0));
#18752=DIRECTION('',(0.0,1.22464679914735E-16,-1.0));
#18753=DIRECTION('',(1.0,1.04592317773942E-28,-8.54061088035859E-13));
#18754=DIRECTION('',(1.0,1.04592317773942E-28,-8.54061088035859E-13));
#18755=DIRECTION('',(1.0,1.04592317773942E-28,-8.54061088035859E-13));
#18756=DIRECTION('',(1.0,1.04592317773942E-28,-8.54061088035859E-13));
#18757=DIRECTION('',(1.0,1.04592317773942E-28,-8.54061088035859E-13));
#18758=DIRECTION('',(-1.0,0.0,0.0));
#18759=DIRECTION('',(0.0,1.22464679914735E-16,-1.0));
#18760=DIRECTION('',(-1.0,0.0,0.0));
#18761=DIRECTION('',(0.0,1.22464679914735E-16,-1.0));
#18762=DIRECTION('',(-4.76603632847431E-24,4.89846576552911E-16,-1.0));
#18763=DIRECTION('',(1.0,0.0,0.0));
#18764=DIRECTION('',(0.0,1.22464679914735E-16,-1.0));
#18765=DIRECTION('',(0.0,-1.22464679914735E-16,1.0));
#18766=DIRECTION('',(0.0,-1.22464679914735E-16,1.0));
#18767=DIRECTION('',(0.0,1.22464679914735E-16,-1.0));
#18768=DIRECTION('',(0.0,-1.22464679914735E-16,1.0));
#18769=DIRECTION('',(1.0,2.27878970142272E-43,-1.86077300247656E-27));
#18770=DIRECTION('',(0.0,1.22464679914735E-16,-1.0));
#18771=DIRECTION('',(0.0,-1.22464679914735E-16,1.0));
#18772=DIRECTION('',(1.0,2.27878970142272E-43,-1.86077300247656E-27));
#18773=DIRECTION('',(0.0,1.22464679914735E-16,-1.0));
#18774=DIRECTION('',(0.0,-1.22464679914735E-16,1.0));
#18775=DIRECTION('',(1.0,2.27878970142272E-43,-1.86077300247656E-27));
#18776=DIRECTION('',(0.0,1.22464679914735E-16,-1.0));
#18777=DIRECTION('',(0.0,-1.22464679914735E-16,1.0));
#18778=DIRECTION('',(1.0,2.27878970142272E-43,-1.86077300247656E-27));
#18779=DIRECTION('',(0.0,1.22464679914735E-16,-1.0));
#18780=CARTESIAN_POINT('',(0.1875,0.245,-1.43096));
#18781=DIRECTION('',(1.0,0.0,0.0));
#18782=DIRECTION('',(0.0,-1.0,-1.22464679914735E-16));
#18783=DIRECTION('',(0.0,-1.0,-1.22464679914735E-16));
#18784=CARTESIAN_POINT('',(0.1875,0.414999995178824,-1.81855669042507));
#18785=DIRECTION('',(1.0,-5.77495817785514E-58,-7.07228404772013E-74));
#18786=DIRECTION('',(-7.85454954447636E-90,-1.22464679914735E-16,1.0));
#18787=DIRECTION('',(0.0,1.22464679914735E-16,-1.0));
#18788=CARTESIAN_POINT('',(-0.19,0.245,-1.43096));
#18789=DIRECTION('',(1.0,0.0,0.0));
#18790=DIRECTION('',(0.0,-1.0,-1.22464679914735E-16));
#18791=DIRECTION('',(0.0,-1.22464679914735E-16,1.0));
#18792=DIRECTION('',(0.0,-1.22464679914735E-16,1.0));
#18793=CARTESIAN_POINT('',(-0.19,0.414999995178824,-1.81855669042507));
#18794=DIRECTION('',(1.0,-5.77495817785514E-58,-7.07228404772013E-74));
#18795=DIRECTION('',(-7.85454954447636E-90,-1.22464679914735E-16,1.0));
#18796=DIRECTION('',(0.0,1.0,1.22464679914735E-16));
#18797=CARTESIAN_POINT('',(-1.49,0.245,-1.43096));
#18798=DIRECTION('',(1.0,0.0,0.0));
#18799=DIRECTION('',(0.0,-1.0,-1.22464679914735E-16));
#18800=DIRECTION('',(0.0,-1.22464679914735E-16,1.0));
#18801=DIRECTION('',(0.0,-1.22464679914735E-16,1.0));
#18802=CARTESIAN_POINT('',(-1.49,0.414999995178824,-1.81855669042507));
#18803=DIRECTION('',(1.0,-5.77495817785514E-58,-7.07228404772013E-74));
#18804=DIRECTION('',(-7.85454954447636E-90,-1.22464679914735E-16,1.0));
#18805=DIRECTION('',(0.0,1.0,1.22464679914735E-16));
#18806=DIRECTION('',(0.0,1.22464679914735E-16,-1.0));
#18807=CARTESIAN_POINT('',(-1.11,0.245,-1.43096));
#18808=DIRECTION('',(1.0,0.0,0.0));
#18809=DIRECTION('',(0.0,-1.0,-1.22464679914735E-16));
#18810=DIRECTION('',(0.0,-1.0,-1.22464679914735E-16));
#18811=CARTESIAN_POINT('',(-1.11,0.414999995178824,-1.81855669042507));
#18812=DIRECTION('',(1.0,-5.77495817785514E-58,-7.07228404772013E-74));
#18813=DIRECTION('',(-7.85454954447636E-90,-1.22464679914735E-16,1.0));
#18814=DIRECTION('',(0.0,1.22464679914735E-16,-1.0));
#18815=DIRECTION('',(0.0,1.22464679914735E-16,-1.0));
#18816=CARTESIAN_POINT('',(1.4875,0.245,-1.43096));
#18817=DIRECTION('',(1.0,0.0,0.0));
#18818=DIRECTION('',(0.0,-1.0,-1.22464679914735E-16));
#18819=DIRECTION('',(0.0,-1.0,-1.22464679914735E-16));
#18820=CARTESIAN_POINT('',(1.4875,0.414999995178824,-1.81855669042507));
#18821=DIRECTION('',(1.0,-5.77495817785514E-58,-7.07228404772013E-74));
#18822=DIRECTION('',(-7.85454954447636E-90,-1.22464679914735E-16,1.0));
#18823=DIRECTION('',(0.0,1.22464679914735E-16,-1.0));
#18824=DIRECTION('',(0.0,1.22464679914735E-16,-1.0));
#18825=CARTESIAN_POINT('',(-0.4625,0.245,-1.43096));
#18826=DIRECTION('',(1.0,0.0,0.0));
#18827=DIRECTION('',(0.0,-1.0,-1.22464679914735E-16));
#18828=DIRECTION('',(0.0,-1.0,-1.22464679914735E-16));
#18829=CARTESIAN_POINT('',(-0.4625,0.414999995178824,-1.81855669042507));
#18830=DIRECTION('',(1.0,-5.77495817785514E-58,-7.07228404772013E-74));
#18831=DIRECTION('',(-7.85454954447636E-90,-1.22464679914735E-16,1.0));
#18832=DIRECTION('',(0.0,1.22464679914735E-16,-1.0));
#18833=CARTESIAN_POINT('',(-0.84,0.245,-1.43096));
#18834=DIRECTION('',(1.0,0.0,0.0));
#18835=DIRECTION('',(0.0,-1.0,-1.22464679914735E-16));
#18836=DIRECTION('',(0.0,-1.22464679914735E-16,1.0));
#18837=DIRECTION('',(0.0,-1.22464679914735E-16,1.0));
#18838=CARTESIAN_POINT('',(-0.84,0.414999995178824,-1.81855669042507));
#18839=DIRECTION('',(1.0,-5.77495817785514E-58,-7.07228404772013E-74));
#18840=DIRECTION('',(-7.85454954447636E-90,-1.22464679914735E-16,1.0));
#18841=DIRECTION('',(0.0,1.0,1.22464679914735E-16));
#18842=CARTESIAN_POINT('',(1.11,0.245,-1.43096));
#18843=DIRECTION('',(1.0,0.0,0.0));
#18844=DIRECTION('',(0.0,-1.0,-1.22464679914735E-16));
#18845=DIRECTION('',(0.0,-1.22464679914735E-16,1.0));
#18846=DIRECTION('',(0.0,-1.22464679914735E-16,1.0));
#18847=CARTESIAN_POINT('',(1.11,0.414999995178824,-1.81855669042507));
#18848=DIRECTION('',(1.0,-5.77495817785514E-58,-7.07228404772013E-74));
#18849=DIRECTION('',(-7.85454954447636E-90,-1.22464679914735E-16,1.0));
#18850=DIRECTION('',(0.0,1.0,1.22464679914735E-16));
#18851=DIRECTION('',(0.0,1.22464679914735E-16,-1.0));
#18852=CARTESIAN_POINT('',(0.8375,0.245,-1.43096));
#18853=DIRECTION('',(1.0,0.0,0.0));
#18854=DIRECTION('',(0.0,-1.0,-1.22464679914735E-16));
#18855=DIRECTION('',(0.0,-1.0,-1.22464679914735E-16));
#18856=CARTESIAN_POINT('',(0.8375,0.414999995178824,-1.81855669042507));
#18857=DIRECTION('',(1.0,-5.77495817785514E-58,-7.07228404772013E-74));
#18858=DIRECTION('',(-7.85454954447636E-90,-1.22464679914735E-16,1.0));
#18859=DIRECTION('',(0.0,1.22464679914735E-16,-1.0));
#18860=CARTESIAN_POINT('',(0.46,0.245,-1.43096));
#18861=DIRECTION('',(1.0,0.0,0.0));
#18862=DIRECTION('',(0.0,-1.0,-1.22464679914735E-16));
#18863=DIRECTION('',(0.0,-1.22464679914735E-16,1.0));
#18864=DIRECTION('',(0.0,-1.22464679914735E-16,1.0));
#18865=CARTESIAN_POINT('',(0.46,0.414999995178824,-1.81855669042507));
#18866=DIRECTION('',(1.0,-5.77495817785514E-58,-7.07228404772013E-74));
#18867=DIRECTION('',(-7.85454954447636E-90,-1.22464679914735E-16,1.0));
#18868=DIRECTION('',(0.0,1.0,1.22464679914735E-16));
#18869=DIRECTION('',(-1.0,0.0,0.0));
#18870=CARTESIAN_POINT('',(1.525,0.245,-1.43096));
#18871=DIRECTION('',(1.0,0.0,0.0));
#18872=DIRECTION('',(0.0,-1.0,-1.22464679914735E-16));
#18873=DIRECTION('',(-1.0,0.0,0.0));
#18874=DIRECTION('',(-1.0,0.0,0.0));
#18875=DIRECTION('',(-1.0,0.0,0.0));
#18876=DIRECTION('',(-1.0,0.0,0.0));
#18877=DIRECTION('',(-1.0,0.0,0.0));
#18878=DIRECTION('',(0.0,-1.22464679914735E-16,1.0));
#18879=DIRECTION('',(-1.0,0.0,0.0));
#18880=DIRECTION('',(-1.0,0.0,0.0));
#18881=DIRECTION('',(-1.0,0.0,0.0));
#18882=DIRECTION('',(-1.0,0.0,0.0));
#18883=DIRECTION('',(-1.0,0.0,0.0));
#18884=CARTESIAN_POINT('',(1.525,0.245,-1.43096));
#18885=DIRECTION('',(-0.0,1.0,1.22464679914735E-16));
#18886=DIRECTION('',(1.0,0.0,0.0));
#18887=DIRECTION('',(0.0,-1.0,-1.22464679914735E-16));
#18888=CARTESIAN_POINT('',(1.525,0.445,-1.43096));
#18889=DIRECTION('',(-0.0,1.0,1.22464679914735E-16));
#18890=DIRECTION('',(1.0,0.0,0.0));
#18891=DIRECTION('',(0.0,-1.0,-1.22464679914735E-16));
#18892=CARTESIAN_POINT('',(-1.525,0.245,-1.43096));
#18893=DIRECTION('',(1.0,0.0,0.0));
#18894=DIRECTION('',(0.0,-1.0,-1.22464679914735E-16));
#18895=DIRECTION('',(-1.0,0.0,0.0));
#18896=CARTESIAN_POINT('',(-1.525,0.245,-1.43096));
#18897=DIRECTION('',(-0.0,-1.0,-1.22464679914735E-16));
#18898=DIRECTION('',(-1.0,0.0,0.0));
#18899=CARTESIAN_POINT('',(-1.525,0.245,-1.43096));
#18900=DIRECTION('',(0.0,1.22464679914735E-16,-1.0));
#18901=DIRECTION('',(-1.0,0.0,0.0));
#18902=CARTESIAN_POINT('',(1.525,0.445,-1.43096));
#18903=DIRECTION('',(-1.0,0.0,0.0));
#18904=DIRECTION('',(0.0,1.0,1.22464679914735E-16));
#18905=CARTESIAN_POINT('',(1.525,0.445,-1.43096));
#18906=DIRECTION('',(0.0,1.22464679914735E-16,-1.0));
#18907=DIRECTION('',(-1.0,0.0,0.0));
#18908=CARTESIAN_POINT('',(1.525,0.245,-1.43096));
#18909=DIRECTION('',(0.0,1.22464679914735E-16,-1.0));
#18910=DIRECTION('',(-1.0,0.0,0.0));
#18911=DIRECTION('',(0.0,-1.22464679914735E-16,1.0));
#18912=CARTESIAN_POINT('',(-1.525,0.445,-1.43096));
#18913=DIRECTION('',(-0.0,-1.0,-1.22464679914735E-16));
#18914=DIRECTION('',(-1.0,0.0,0.0));
#18915=CARTESIAN_POINT('',(-1.525,0.445,-1.43096));
#18916=DIRECTION('',(-1.0,0.0,0.0));
#18917=DIRECTION('',(0.0,1.0,1.22464679914735E-16));
#18918=CARTESIAN_POINT('',(-1.525,0.445,-1.43096));
#18919=DIRECTION('',(0.0,1.22464679914735E-16,-1.0));
#18920=DIRECTION('',(-1.0,0.0,0.0));
#18921=DIRECTION('',(0.0,-1.22464679914735E-16,1.0));
#18922=DIRECTION('',(0.0,-1.22464679914735E-16,1.0));
#18923=DIRECTION('',(0.0,1.0,1.22464679914735E-16));
#18924=DIRECTION('',(0.0,1.0,1.22464679914735E-16));
#18925=DIRECTION('',(0.0,1.22464679914735E-16,-1.0));
#18926=DIRECTION('',(1.0,0.0,0.0));
#18927=DIRECTION('',(0.0,-1.22464679914735E-16,1.0));
#18928=DIRECTION('',(0.0,-1.0,-1.22464679914735E-16));
#18929=DIRECTION('',(0.0,1.0,1.22464679914735E-16));
#18930=DIRECTION('',(0.0,-1.22464679914735E-16,1.0));
#18931=DIRECTION('',(0.0,-1.22464679914735E-16,1.0));
#18932=DIRECTION('',(0.0,-1.22464679914735E-16,1.0));
#18933=DIRECTION('',(0.0,-1.22464679914735E-16,1.0));
#18934=DIRECTION('',(0.0,-1.22464679914735E-16,1.0));
#18935=DIRECTION('',(0.0,-1.22464679914735E-16,1.0));
#18936=DIRECTION('',(0.0,-1.22464679914735E-16,1.0));
#18937=DIRECTION('',(0.0,-1.22464679914735E-16,1.0));
#18938=DIRECTION('',(0.0,-1.22464679914735E-16,1.0));
#18939=DIRECTION('',(0.0,-1.22464679914735E-16,1.0));
#18940=VERTEX_POINT('',#19035);
#18941=VERTEX_POINT('',#19036);
#18942=LINE('',#19037,#19038);
#18943=VERTEX_POINT('',#19039);
#18944=LINE('',#19040,#19041);
#18945=VERTEX_POINT('',#19042);
#18946=LINE('',#19043,#19044);
#18947=LINE('',#19045,#19046);
#18948=VERTEX_POINT('',#19047);
#18949=VERTEX_POINT('',#19048);
#18950=LINE('',#19049,#19050);
#18951=LINE('',#19051,#19052);
#18952=LINE('',#19053,#19054);
#18953=CIRCLE('',#19055,0.4);
#18954=LINE('',#19056,#19057);
#18955=LINE('',#19058,#19059);
#18956=CIRCLE('',#19060,0.4);
#18957=LINE('',#19061,#19062);
#18958=LINE('',#19063,#19064);
#18959=VERTEX_POINT('',#19065);
#18960=VERTEX_POINT('',#19066);
#18961=LINE('',#19067,#19068);
#18962=VERTEX_POINT('',#19069);
#18963=LINE('',#19070,#19071);
#18964=VERTEX_POINT('',#19072);
#18965=LINE('',#19073,#19074);
#18966=LINE('',#19075,#19076);
#18967=VERTEX_POINT('',#19077);
#18968=VERTEX_POINT('',#19078);
#18969=LINE('',#19079,#19080);
#18970=LINE('',#19081,#19082);
#18971=LINE('',#19083,#19084);
#18972=CIRCLE('',#19085,0.4);
#18973=LINE('',#19086,#19087);
#18974=LINE('',#19088,#19089);
#18975=CIRCLE('',#19090,0.4);
#18976=LINE('',#19091,#19092);
#18977=LINE('',#19093,#19094);
#18978=VERTEX_POINT('',#19095);
#18979=VERTEX_POINT('',#19096);
#18980=LINE('',#19097,#19098);
#18981=VERTEX_POINT('',#19099);
#18982=LINE('',#19100,#19101);
#18983=VERTEX_POINT('',#19102);
#18984=LINE('',#19103,#19104);
#18985=LINE('',#19105,#19106);
#18986=VERTEX_POINT('',#19107);
#18987=VERTEX_POINT('',#19108);
#18988=LINE('',#19109,#19110);
#18989=LINE('',#19111,#19112);
#18990=LINE('',#19113,#19114);
#18991=CIRCLE('',#19115,0.4);
#18992=LINE('',#19116,#19117);
#18993=LINE('',#19118,#19119);
#18994=CIRCLE('',#19120,0.4);
#18995=LINE('',#19121,#19122);
#18996=LINE('',#19123,#19124);
#18997=VERTEX_POINT('',#19125);
#18998=VERTEX_POINT('',#19126);
#18999=LINE('',#19127,#19128);
#19000=VERTEX_POINT('',#19129);
#19001=LINE('',#19130,#19131);
#19002=VERTEX_POINT('',#19132);
#19003=LINE('',#19133,#19134);
#19004=LINE('',#19135,#19136);
#19005=VERTEX_POINT('',#19137);
#19006=VERTEX_POINT('',#19138);
#19007=LINE('',#19139,#19140);
#19008=LINE('',#19141,#19142);
#19009=LINE('',#19143,#19144);
#19010=CIRCLE('',#19145,0.4);
#19011=LINE('',#19146,#19147);
#19012=LINE('',#19148,#19149);
#19013=CIRCLE('',#19150,0.4);
#19014=LINE('',#19151,#19152);
#19015=LINE('',#19153,#19154);
#19016=VERTEX_POINT('',#19155);
#19017=VERTEX_POINT('',#19156);
#19018=LINE('',#19157,#19158);
#19019=VERTEX_POINT('',#19159);
#19020=LINE('',#19160,#19161);
#19021=VERTEX_POINT('',#19162);
#19022=LINE('',#19163,#19164);
#19023=LINE('',#19165,#19166);
#19024=VERTEX_POINT('',#19167);
#19025=VERTEX_POINT('',#19168);
#19026=LINE('',#19169,#19170);
#19027=LINE('',#19171,#19172);
#19028=LINE('',#19173,#19174);
#19029=CIRCLE('',#19175,0.4);
#19030=LINE('',#19176,#19177);
#19031=LINE('',#19178,#19179);
#19032=CIRCLE('',#19180,0.4);
#19033=LINE('',#19181,#19182);
#19034=LINE('',#19183,#19184);
#19035=CARTESIAN_POINT('',(1.17500000000499,-1.1049999994181,-5.43096));
#19036=CARTESIAN_POINT('',(1.17500000000534,-1.2549999994181,-5.43096));
#19037=CARTESIAN_POINT('',(1.17500000000022,0.925,-5.43096));
#19038=VECTOR('',#19185,1000.0);
#19039=CARTESIAN_POINT('',(1.42500000000499,-1.10499999941751,-5.43096));
#19040=CARTESIAN_POINT('',(1.925,-1.10499999941634,-5.43096));
#19041=VECTOR('',#19186,1000.0);
#19042=CARTESIAN_POINT('',(1.42500000000534,-1.25499999941751,-5.43096));
#19043=CARTESIAN_POINT('',(1.42500000000022,0.925,-5.43096));
#19044=VECTOR('',#19187,1000.0);
#19045=CARTESIAN_POINT('',(1.925,-1.25499999941634,-5.43096));
#19046=VECTOR('',#19188,1000.0);
#19047=CARTESIAN_POINT('',(1.42500000000534,-1.25499999941751,-5.04668057314783));
#19048=CARTESIAN_POINT('',(1.17500000000534,-1.2549999994181,-5.04668057314783));
#19049=CARTESIAN_POINT('',(1.92500000000094,-1.25499999941634,-5.04668057314783));
#19050=VECTOR('',#19189,1000.0);
#19051=CARTESIAN_POINT('',(1.17500000000534,-1.2549999994181,-3.85096));
#19052=VECTOR('',#19190,1000.0);
#19053=CARTESIAN_POINT('',(1.42500000000534,-1.25499999941751,-3.85096));
#19054=VECTOR('',#19191,1000.0);
#19055=AXIS2_PLACEMENT_3D('',#19192,#19193,#19194);
#19056=CARTESIAN_POINT('',(1.17500000000499,-1.1049999994181,-3.85096));
#19057=VECTOR('',#19195,1000.0);
#19058=CARTESIAN_POINT('',(1.92500000000032,-0.99180805674661,-4.67080352483347));
#19059=VECTOR('',#19196,1000.0);
#19060=AXIS2_PLACEMENT_3D('',#19197,#19198,#19199);
#19061=CARTESIAN_POINT('',(1.42500000000499,-1.10499999941751,-3.85096));
#19062=VECTOR('',#19200,1000.0);
#19063=CARTESIAN_POINT('',(1.49999999999977,0.165816695765362,-1.81855669042507));
#19064=VECTOR('',#19201,1000.0);
#19065=CARTESIAN_POINT('',(-1.42499999999501,-1.1049999994181,-5.43096));
#19066=CARTESIAN_POINT('',(-1.42499999999466,-1.2549999994181,-5.43096));
#19067=CARTESIAN_POINT('',(-1.42499999999977,0.925,-5.43096));
#19068=VECTOR('',#19202,1000.0);
#19069=CARTESIAN_POINT('',(-1.17499999999501,-1.10499999941751,-5.43096));
#19070=CARTESIAN_POINT('',(-0.675,-1.10499999941634,-5.43096));
#19071=VECTOR('',#19203,1000.0);
#19072=CARTESIAN_POINT('',(-1.17499999999466,-1.25499999941751,-5.43096));
#19073=CARTESIAN_POINT('',(-1.17499999999977,0.925,-5.43096));
#19074=VECTOR('',#19204,1000.0);
#19075=CARTESIAN_POINT('',(-0.675,-1.25499999941634,-5.43096));
#19076=VECTOR('',#19205,1000.0);
#19077=CARTESIAN_POINT('',(-1.17499999999466,-1.25499999941751,-5.04668057314783));
#19078=CARTESIAN_POINT('',(-1.42499999999466,-1.2549999994181,-5.04668057314783));
#19079=CARTESIAN_POINT('',(-0.674999999999061,-1.25499999941634,-5.04668057314783));
#19080=VECTOR('',#19206,1000.0);
#19081=CARTESIAN_POINT('',(-1.42499999999466,-1.2549999994181,-3.85096));
#19082=VECTOR('',#19207,1000.0);
#19083=CARTESIAN_POINT('',(-1.17499999999466,-1.25499999941751,-3.85096));
#19084=VECTOR('',#19208,1000.0);
#19085=AXIS2_PLACEMENT_3D('',#19209,#19210,#19211);
#19086=CARTESIAN_POINT('',(-1.42499999999501,-1.1049999994181,-3.85096));
#19087=VECTOR('',#19212,1000.0);
#19088=CARTESIAN_POINT('',(-0.674999999999679,-0.99180805674661,-4.67080352483347));
#19089=VECTOR('',#19213,1000.0);
#19090=AXIS2_PLACEMENT_3D('',#19214,#19215,#19216);
#19091=CARTESIAN_POINT('',(-1.17499999999501,-1.10499999941751,-3.85096));
#19092=VECTOR('',#19217,1000.0);
#19093=CARTESIAN_POINT('',(-1.10000000000022,0.165816695765362,-1.81855669042507));
#19094=VECTOR('',#19218,1000.0);
#19095=CARTESIAN_POINT('',(-0.774999999995013,-1.1049999994181,-5.43096));
#19096=CARTESIAN_POINT('',(-0.774999999994661,-1.2549999994181,-5.43096));
#19097=CARTESIAN_POINT('',(-0.774999999999776,0.925,-5.43096));
#19098=VECTOR('',#19219,1000.0);
#19099=CARTESIAN_POINT('',(-0.524999999995013,-1.10499999941751,-5.43096));
#19100=CARTESIAN_POINT('',(-0.025000000000001,-1.10499999941634,-5.43096));
#19101=VECTOR('',#19220,1000.0);
#19102=CARTESIAN_POINT('',(-0.524999999994661,-1.25499999941751,-5.43096));
#19103=CARTESIAN_POINT('',(-0.524999999999776,0.925,-5.43096));
#19104=VECTOR('',#19221,1000.0);
#19105=CARTESIAN_POINT('',(-0.025000000000001,-1.25499999941634,-5.43096));
#19106=VECTOR('',#19222,1000.0);
#19107=CARTESIAN_POINT('',(-0.524999999994661,-1.25499999941751,-5.04668057314783));
#19108=CARTESIAN_POINT('',(-0.774999999994661,-1.2549999994181,-5.04668057314783));
#19109=CARTESIAN_POINT('',(-0.0249999999990624,-1.25499999941634,-5.04668057314783));
#19110=VECTOR('',#19223,1000.0);
#19111=CARTESIAN_POINT('',(-0.774999999994661,-1.2549999994181,-3.85096));
#19112=VECTOR('',#19224,1000.0);
#19113=CARTESIAN_POINT('',(-0.524999999994661,-1.25499999941751,-3.85096));
#19114=VECTOR('',#19225,1000.0);
#19115=AXIS2_PLACEMENT_3D('',#19226,#19227,#19228);
#19116=CARTESIAN_POINT('',(-0.774999999995013,-1.1049999994181,-3.85096));
#19117=VECTOR('',#19229,1000.0);
#19118=CARTESIAN_POINT('',(-0.02499999999968,-0.99180805674661,-4.67080352483347));
#19119=VECTOR('',#19230,1000.0);
#19120=AXIS2_PLACEMENT_3D('',#19231,#19232,#19233);
#19121=CARTESIAN_POINT('',(-0.524999999995013,-1.10499999941751,-3.85096));
#19122=VECTOR('',#19234,1000.0);
#19123=CARTESIAN_POINT('',(-0.450000000000226,0.165816695765362,-1.81855669042507));
#19124=VECTOR('',#19235,1000.0);
#19125=CARTESIAN_POINT('',(-0.124999999995012,-1.1049999994181,-5.43096));
#19126=CARTESIAN_POINT('',(-0.12499999999466,-1.2549999994181,-5.43096));
#19127=CARTESIAN_POINT('',(-0.124999999999775,0.925,-5.43096));
#19128=VECTOR('',#19236,1000.0);
#19129=CARTESIAN_POINT('',(0.125000000004988,-1.10499999941751,-5.43096));
#19130=CARTESIAN_POINT('',(0.625,-1.10499999941634,-5.43096));
#19131=VECTOR('',#19237,1000.0);
#19132=CARTESIAN_POINT('',(0.12500000000534,-1.25499999941751,-5.43096));
#19133=CARTESIAN_POINT('',(0.125000000000225,0.925,-5.43096));
#19134=VECTOR('',#19238,1000.0);
#19135=CARTESIAN_POINT('',(0.625,-1.25499999941634,-5.43096));
#19136=VECTOR('',#19239,1000.0);
#19137=CARTESIAN_POINT('',(0.12500000000534,-1.25499999941751,-5.04668057314783));
#19138=CARTESIAN_POINT('',(-0.12499999999466,-1.2549999994181,-5.04668057314783));
#19139=CARTESIAN_POINT('',(0.625000000000939,-1.25499999941634,-5.04668057314783));
#19140=VECTOR('',#19240,1000.0);
#19141=CARTESIAN_POINT('',(-0.12499999999466,-1.2549999994181,-3.85096));
#19142=VECTOR('',#19241,1000.0);
#19143=CARTESIAN_POINT('',(0.12500000000534,-1.25499999941751,-3.85096));
#19144=VECTOR('',#19242,1000.0);
#19145=AXIS2_PLACEMENT_3D('',#19243,#19244,#19245);
#19146=CARTESIAN_POINT('',(-0.124999999995012,-1.1049999994181,-3.85096));
#19147=VECTOR('',#19246,1000.0);
#19148=CARTESIAN_POINT('',(0.625000000000321,-0.99180805674661,-4.67080352483347));
#19149=VECTOR('',#19247,1000.0);
#19150=AXIS2_PLACEMENT_3D('',#19248,#19249,#19250);
#19151=CARTESIAN_POINT('',(0.125000000004988,-1.10499999941751,-3.85096));
#19152=VECTOR('',#19251,1000.0);
#19153=CARTESIAN_POINT('',(0.199999999999775,0.165816695765362,-1.81855669042507));
#19154=VECTOR('',#19252,1000.0);
#19155=CARTESIAN_POINT('',(0.525000000004988,-1.1049999994181,-5.43096));
#19156=CARTESIAN_POINT('',(0.52500000000534,-1.2549999994181,-5.43096));
#19157=CARTESIAN_POINT('',(0.525000000000225,0.925,-5.43096));
#19158=VECTOR('',#19253,1000.0);
#19159=CARTESIAN_POINT('',(0.775000000004988,-1.10499999941751,-5.43096));
#19160=CARTESIAN_POINT('',(1.275,-1.10499999941634,-5.43096));
#19161=VECTOR('',#19254,1000.0);
#19162=CARTESIAN_POINT('',(0.77500000000534,-1.25499999941751,-5.43096));
#19163=CARTESIAN_POINT('',(0.775000000000225,0.925,-5.43096));
#19164=VECTOR('',#19255,1000.0);
#19165=CARTESIAN_POINT('',(1.275,-1.25499999941634,-5.43096));
#19166=VECTOR('',#19256,1000.0);
#19167=CARTESIAN_POINT('',(0.77500000000534,-1.25499999941751,-5.04668057314783));
#19168=CARTESIAN_POINT('',(0.52500000000534,-1.2549999994181,-5.04668057314783));
#19169=CARTESIAN_POINT('',(1.27500000000094,-1.25499999941634,-5.04668057314783));
#19170=VECTOR('',#19257,1000.0);
#19171=CARTESIAN_POINT('',(0.52500000000534,-1.2549999994181,-3.85096));
#19172=VECTOR('',#19258,1000.0);
#19173=CARTESIAN_POINT('',(0.77500000000534,-1.25499999941751,-3.85096));
#19174=VECTOR('',#19259,1000.0);
#19175=AXIS2_PLACEMENT_3D('',#19260,#19261,#19262);
#19176=CARTESIAN_POINT('',(0.525000000004988,-1.1049999994181,-3.85096));
#19177=VECTOR('',#19263,1000.0);
#19178=CARTESIAN_POINT('',(1.27500000000032,-0.99180805674661,-4.67080352483347));
#19179=VECTOR('',#19264,1000.0);
#19180=AXIS2_PLACEMENT_3D('',#19265,#19266,#19267);
#19181=CARTESIAN_POINT('',(0.775000000004988,-1.10499999941751,-3.85096));
#19182=VECTOR('',#19268,1000.0);
#19183=CARTESIAN_POINT('',(0.849999999999775,0.165816695765362,-1.81855669042507));
#19184=VECTOR('',#19269,1000.0);
#19185=DIRECTION('',(2.34651355420027E-12,-1.0,-1.22464679998746E-16));
#19186=DIRECTION('',(-1.0,-2.34651355420027E-12,4.76488688638499E-24));
#19187=DIRECTION('',(2.34651355420027E-12,-1.0,-1.22464679998746E-16));
#19188=DIRECTION('',(1.0,2.34651355420027E-12,-4.76488688638499E-24));
#19189=DIRECTION('',(-1.0,-2.34651355420027E-12,4.76488966299532E-24));
#19190=DIRECTION('',(4.76603632847431E-24,-4.89846576552911E-16,1.0));
#19191=DIRECTION('',(-4.76588989616877E-24,4.89846576552911E-16,-1.0));
#19192=CARTESIAN_POINT('',(1.1750000000044,-0.8549999994181,-5.04668057314783));
#19193=DIRECTION('',(-1.0,-2.34648455180175E-12,4.76488966654708E-24));
#19194=DIRECTION('',(2.34648455180175E-12,-1.0,-1.22464679914735E-16));
#19195=DIRECTION('',(-4.76603632847431E-24,4.89846576552911E-16,-1.0));
#19196=DIRECTION('',(-1.0,-2.34651355420027E-12,4.76488966299532E-24));
#19197=CARTESIAN_POINT('',(1.4250000000044,-0.85499999941751,-5.04668057314783));
#19198=DIRECTION('',(-1.0,-2.34648455180175E-12,4.76488966654708E-24));
#19199=DIRECTION('',(2.34648455180175E-12,-1.0,-1.22464679914735E-16));
#19200=DIRECTION('',(4.76588989616877E-24,-4.89846576552911E-16,1.0));
#19201=DIRECTION('',(1.0,-8.07793566946316E-28,-1.31266454628776E-27));
#19202=DIRECTION('',(2.34651355420027E-12,-1.0,-1.22464679998746E-16));
#19203=DIRECTION('',(-1.0,-2.34651355420027E-12,4.76488688638499E-24));
#19204=DIRECTION('',(2.34651355420027E-12,-1.0,-1.22464679998746E-16));
#19205=DIRECTION('',(1.0,2.34651355420027E-12,-4.76488688638499E-24));
#19206=DIRECTION('',(-1.0,-2.34651355420027E-12,4.76488966299532E-24));
#19207=DIRECTION('',(4.76603632847431E-24,-4.89846576552911E-16,1.0));
#19208=DIRECTION('',(-4.76588989616877E-24,4.89846576552911E-16,-1.0));
#19209=CARTESIAN_POINT('',(-1.4249999999956,-0.8549999994181,-5.04668057314783));
#19210=DIRECTION('',(-1.0,-2.34648455180175E-12,4.76488966654708E-24));
#19211=DIRECTION('',(2.34648455180175E-12,-1.0,-1.22464679914735E-16));
#19212=DIRECTION('',(-4.76603632847431E-24,4.89846576552911E-16,-1.0));
#19213=DIRECTION('',(-1.0,-2.34651355420027E-12,4.76488966299532E-24));
#19214=CARTESIAN_POINT('',(-1.1749999999956,-0.85499999941751,-5.04668057314783));
#19215=DIRECTION('',(-1.0,-2.34648455180175E-12,4.76488966654708E-24));
#19216=DIRECTION('',(2.34648455180175E-12,-1.0,-1.22464679914735E-16));
#19217=DIRECTION('',(4.76588989616877E-24,-4.89846576552911E-16,1.0));
#19218=DIRECTION('',(1.0,-8.07793566946316E-28,-1.31266454628776E-27));
#19219=DIRECTION('',(2.34651355420027E-12,-1.0,-1.22464679998746E-16));
#19220=DIRECTION('',(-1.0,-2.34651355420027E-12,4.76488688638499E-24));
#19221=DIRECTION('',(2.34651355420027E-12,-1.0,-1.22464679998746E-16));
#19222=DIRECTION('',(1.0,2.34651355420027E-12,-4.76488688638499E-24));
#19223=DIRECTION('',(-1.0,-2.34651355420027E-12,4.76488966299532E-24));
#19224=DIRECTION('',(4.76603632847431E-24,-4.89846576552911E-16,1.0));
#19225=DIRECTION('',(-4.76588989616877E-24,4.89846576552911E-16,-1.0));
#19226=CARTESIAN_POINT('',(-0.774999999995599,-0.8549999994181,-5.04668057314783));
#19227=DIRECTION('',(-1.0,-2.34648455180175E-12,4.76488966654708E-24));
#19228=DIRECTION('',(2.34648455180175E-12,-1.0,-1.22464679914735E-16));
#19229=DIRECTION('',(-4.76603632847431E-24,4.89846576552911E-16,-1.0));
#19230=DIRECTION('',(-1.0,-2.34651355420027E-12,4.76488966299532E-24));
#19231=CARTESIAN_POINT('',(-0.5249999999956,-0.85499999941751,-5.04668057314783));
#19232=DIRECTION('',(-1.0,-2.34648455180175E-12,4.76488966654708E-24));
#19233=DIRECTION('',(2.34648455180175E-12,-1.0,-1.22464679914735E-16));
#19234=DIRECTION('',(4.76588989616877E-24,-4.89846576552911E-16,1.0));
#19235=DIRECTION('',(1.0,-8.07793566946316E-28,-1.31266454628776E-27));
#19236=DIRECTION('',(2.34651355420027E-12,-1.0,-1.22464679998746E-16));
#19237=DIRECTION('',(-1.0,-2.34651355420027E-12,4.76488688638499E-24));
#19238=DIRECTION('',(2.34651355420027E-12,-1.0,-1.22464679998746E-16));
#19239=DIRECTION('',(1.0,2.34651355420027E-12,-4.76488688638499E-24));
#19240=DIRECTION('',(-1.0,-2.34651355420027E-12,4.76488966299532E-24));
#19241=DIRECTION('',(4.76603632847431E-24,-4.89846576552911E-16,1.0));
#19242=DIRECTION('',(-4.76588989616877E-24,4.89846576552911E-16,-1.0));
#19243=CARTESIAN_POINT('',(-0.124999999995598,-0.8549999994181,-5.04668057314783));
#19244=DIRECTION('',(-1.0,-2.34648455180175E-12,4.76488966654708E-24));
#19245=DIRECTION('',(2.34648455180175E-12,-1.0,-1.22464679914735E-16));
#19246=DIRECTION('',(-4.76603632847431E-24,4.89846576552911E-16,-1.0));
#19247=DIRECTION('',(-1.0,-2.34651355420027E-12,4.76488966299532E-24));
#19248=CARTESIAN_POINT('',(0.125000000004401,-0.85499999941751,-5.04668057314783));
#19249=DIRECTION('',(-1.0,-2.34648455180175E-12,4.76488966654708E-24));
#19250=DIRECTION('',(2.34648455180175E-12,-1.0,-1.22464679914735E-16));
#19251=DIRECTION('',(4.76588989616877E-24,-4.89846576552911E-16,1.0));
#19252=DIRECTION('',(1.0,-8.07793566946316E-28,-1.31266454628776E-27));
#19253=DIRECTION('',(2.34651355420027E-12,-1.0,-1.22464679998746E-16));
#19254=DIRECTION('',(-1.0,-2.34651355420027E-12,4.76488688638499E-24));
#19255=DIRECTION('',(2.34651355420027E-12,-1.0,-1.22464679998746E-16));
#19256=DIRECTION('',(1.0,2.34651355420027E-12,-4.76488688638499E-24));
#19257=DIRECTION('',(-1.0,-2.34651355420027E-12,4.76488966299532E-24));
#19258=DIRECTION('',(4.76603632847431E-24,-4.89846576552911E-16,1.0));
#19259=DIRECTION('',(-4.76588989616877E-24,4.89846576552911E-16,-1.0));
#19260=CARTESIAN_POINT('',(0.525000000004402,-0.8549999994181,-5.04668057314783));
#19261=DIRECTION('',(-1.0,-2.34648455180175E-12,4.76488966654708E-24));
#19262=DIRECTION('',(2.34648455180175E-12,-1.0,-1.22464679914735E-16));
#19263=DIRECTION('',(-4.76603632847431E-24,4.89846576552911E-16,-1.0));
#19264=DIRECTION('',(-1.0,-2.34651355420027E-12,4.76488966299532E-24));
#19265=CARTESIAN_POINT('',(0.775000000004401,-0.85499999941751,-5.04668057314783));
#19266=DIRECTION('',(-1.0,-2.34648455180175E-12,4.76488966654708E-24));
#19267=DIRECTION('',(2.34648455180175E-12,-1.0,-1.22464679914735E-16));
#19268=DIRECTION('',(4.76588989616877E-24,-4.89846576552911E-16,1.0));
#19269=DIRECTION('',(1.0,-8.07793566946316E-28,-1.31266454628776E-27));
#19270=PRESENTATION_LAYER_ASSIGNMENT('','',(#461,#463,#465,#467,#469,#471,#473,#475,#477,#479,#481,#483,#485,#487,#489,#491,#493,#495,#497,#499,#501,#503,#505,#507,#509,#511,#513,#515,#517,#519,#521,#523,#525,#527,#529,#531,#533,#535,#537,#539,#541,#543,#545,#547,#549,#551,#553,#555,#557,#559,#561,#563,#565,#567,#569,#571,#573,#575,#577,#579,#581,#583,#585,#587,#589,#591,#593,#595,#597,#599,#601,#603,#605,#607,#609,#611,#613,#615,#617,#619,#621,#623,#625,#627,#629,#631,#633,#635,#637,#639,#641,#643,#645,#647,#649,#651,#653,#655,#657,#659,#661,#663,#665,#667,#669,#671,#673,#675,#677,#679,#681,#683,#685,#687,#689,#691,#693,#695,#697,#699,#701,#703,#705,#707,#709,#711,#713,#715,#717,#719,#721,#723,#725,#727,#729,#731,#733,#735,#737,#739,#741,#743,#745,#747,#749,#751,#753,#755,#757,#759,#761,#763,#765,#767,#769,#771,#773,#775,#777,#779,#781,#783,#785,#787,#789,#791,#793,#795,#797,#799,#801,#803,#805,#807,#809,#811,#813,#815,#817,#819,#821,#823,#825,#827,#829,#831,#833,#835,#837,#839,#841,#843,#845,#847,#849,#851,#853,#855,#857,#859,#861,#863,#865,#867,#869,#871,#873,#875,#877,#879,#881,#883,#885,#887,#889,#891,#893,#895,#897,#899,#901,#903,#905,#907,#909,#911,#913,#915,#917,#919,#921,#923,#925,#927,#929,#931,#933,#935,#937,#939,#941,#943,#945,#947,#949,#951,#953,#955,#957,#959,#961,#963,#965,#967,#969,#971,#973,#975,#977,#979,#981,#983,#985,#987,#989,#991,#993,#995,#997,#999,#1001,#1003,#1005,#1007,#1009,#1011,#1013,#1015,#1017,#1019,#1021,#1023,#1025,#1027,#1029,#1031,#1033,#1035,#1037,#1039,#1041,#1043,#1045,#1047,#1049,#1051,#1053,#1055,#1057,#1059,#1061,#1063,#1065,#1067,#1069,#1071,#1073,#1075,#1077,#1079,#1081,#1083,#1085,#1087,#1089,#1091,#1093,#1095,#1097,#1099,#1101,#1103,#1105,#1107,#1109,#1111,#1113,#1115,#1117,#1119,#1121,#1123,#1125,#1127,#1129,#1131,#1133,#1135,#1137,#1139,#1141,#1143,#1145,#1147,#1149,#1151,#1153,#1155,#1157,#1159,#1161,#1163,#1165,#1167,#1169,#1171,#1173,#1175,#1177,#1179,#1181,#1183,#1185,#1187,#1189,#1191,#1193,#1195,#1197,#1199,#1201,#1203,#1205,#1207,#1209,#1211,#1213,#1215,#1217,#1219,#1221,#1223,#1225,#1227,#1229,#1231,#1233,#1235,#1237,#1239,#1241,#1243,#1245,#1247,#1249,#1251,#1253,#1255,#1257,#1259,#1261,#1263,#1265,#1267,#1269,#1271,#1273,#1275,#1277,#1279,#1281,#1283,#1285,#1287,#1289,#1291,#1293,#1295,#1297,#1299,#1301,#1303,#1305,#1307,#1309,#1311,#1313,#1315,#1317,#1319,#1321,#1323,#1325,#1327,#1329,#1331,#1333,#3985,#3986,#3987,#3988,#3989,#3990,#3991,#3992,#3993,#3994,#3995,#3996,#3997,#3998,#3999,#4000,#4001,#4002,#4003,#4004,#4005,#4006,#4007,#4008,#4009,#4010,#4011,#4012,#4013,#4014,#4015,#4016,#4017,#4018,#4019,#4020,#4021,#4022,#4023,#4024,#4025,#4026,#4027,#4028,#4029,#8426,#8427,#8428,#8431,#8432,#8433,#8435,#8436,#8437,#8438,#8440,#8441,#8442,#8443,#8445,#8446,#8447,#8448,#8449,#8450,#8451,#8452,#8454,#8455,#8456,#8457,#8458,#8459,#8460,#8461,#8463,#8464,#8465,#8466,#8467,#8468,#8469,#8470,#8472,#8473,#8475,#8476,#8477,#8479,#8480,#8481,#8482,#8483,#8484,#8486,#8487,#8488,#8489,#8490,#8492,#8493,#8494,#8495,#8497,#8498,#8499,#8500,#8501,#8502,#8503,#8504,#8505,#8506,#8507,#8508,#8509,#8510,#8511,#8512,#8513,#8514,#8515,#8516,#8517,#8518,#8519,#8520,#8521,#8522,#8523,#8524,#8525,#8526,#8527,#8528,#8529,#8530,#8531,#8532,#8533,#8534,#8535,#8536,#8537,#8538,#8539,#8540,#8541,#8542,#8543,#8544,#8545,#8546,#8547,#8548,#8549,#8551,#8552,#8553,#8554,#8555,#8557,#8558,#8559,#8560,#8561,#8562,#8563,#8564,#8565,#8566,#8567,#8569,#8570,#8571,#8573,#8574,#8575,#8576,#8577,#8578,#8580,#8581,#8582,#8583,#8584,#8585,#8587,#8588,#8589,#8590,#8591,#8592,#8593,#8595,#8596,#8597,#8598,#8599,#8600,#8601,#8602,#8604,#8605,#8606,#8607,#8609,#8610,#8611,#8613,#8614,#8615,#8616,#8617,#8618,#8619,#8621,#8622,#8623,#8625,#8626,#8627,#8629,#8630,#8631,#8632,#8634,#8635,#8636,#8637,#8639,#8640,#8641,#8642,#8644,#8645,#8646,#8647,#8649,#8650,#8651,#8652,#8654,#8655,#8656,#8658,#8659,#8660,#8662,#8663,#8664,#8666,#8667,#8668,#8670,#8671,#8672,#8673,#8674,#8676,#8677,#8678,#8679,#8681,#8682,#8683,#8684,#8686,#8687,#8688,#8689,#8690,#8692,#8693,#8694,#8695,#8697,#8698,#8699,#8700,#8702,#8703,#8704,#8705,#8707,#8708,#8710,#8711,#8713,#8714,#8716,#8717,#8719,#8720,#8722,#8723,#8724,#8726,#8727,#8728,#8729,#8731,#8732,#8733,#8735,#8736,#8737,#8739,#8740,#8741,#8743,#8744,#8745,#8747,#8748,#8749,#8751,#8752,#8753,#8755,#8756,#8757,#8759,#8760,#8761,#8762,#8763,#8764,#8765,#8767,#8768,#8769,#8770,#8771,#8772,#8774,#8775,#8776,#8777,#8778,#8780,#8781,#8782,#8783,#8785,#8786,#8787,#8789,#8790,#8792,#8793,#8795,#8796,#8797,#8798,#8800,#8801,#8802,#8803,#8805,#8807,#8808,#8809,#8810,#8811,#8812,#8813,#8815,#8816,#8817,#8818,#8819,#8821,#8822,#8823,#8824,#8825,#8826,#8827,#8828,#8830,#8831,#8832,#8834,#8835,#8836,#8838,#8839,#8840,#8841,#8843,#8844,#8845,#8847,#8848,#8850,#8851,#8853,#8855,#8857,#8858,#8860,#8861,#8863,#8864,#8865,#8866,#8868,#8869,#8871,#8872,#8873,#8874,#8876,#8877,#8878,#8880,#8881,#8882,#8884,#8885,#8886,#8887,#8889,#8890,#8891,#8892,#8893,#8895,#8896,#8897,#8898,#8899,#8901,#8902,#8903,#8904,#8905,#8906,#8907,#8909,#8910,#8911,#8912,#8914,#8915,#8916,#8917,#8919,#8920,#8921,#8922,#8923,#8925,#8926,#8927,#8928,#8930,#8931,#8932,#8934,#8935,#8936,#8938,#8939,#8940,#8941,#8943,#8944,#8945,#8946,#8948,#8949,#8950,#8952,#8953,#8955,#8956,#8958,#8959,#8960,#8962,#8963,#8964,#8966,#8967,#8968,#8969,#8971,#8972,#8973,#8974,#8976,#8977,#8978,#8979,#8982,#8983,#8984,#8985,#8987,#8988,#8989,#8991,#8993,#8994,#8996,#8997,#8998,#9000,#9001,#9002,#9004,#9005,#9006,#9007,#9009,#9010,#9011,#9012,#9014,#9015,#9016,#9018,#9019,#9020,#9022,#9023,#9024,#9025,#9026,#9027,#9028,#9029,#9030,#9031,#9032,#9033,#9034,#9035,#9036,#9037,#9038,#9039,#9040,#9041,#9042,#9043,#9044,#9046,#9047,#9048,#9050,#9051,#9053,#9054,#9055,#9056,#9058,#9059,#9060,#9062,#9063,#9064,#9065,#9067,#9068,#9069,#9070,#9072,#9073,#9075,#9076,#9078,#9079,#9081,#9083,#9084,#9085,#9086,#9088,#9089,#9091,#9092,#9094,#9095,#9097,#9098,#9099,#9101,#9102,#9103,#9104,#9105,#9107,#9108,#9110,#9112,#9113,#9114,#9115,#9116,#9117,#9118,#9119,#9121,#9122,#9123,#9124,#9126,#9127,#9128,#9129,#9130,#9131,#9133,#9134,#9136,#9137,#9138,#9140,#9141,#9142,#9143,#9145,#9146,#9147,#9149,#9150,#9152,#9153,#9154,#9155,#9156,#9157,#9158,#9159,#9160,#9162,#9163,#9164,#9165,#9167,#9168,#9170,#9171,#9172,#9173,#9174,#9176,#9177,#9180,#9181,#9182,#9184,#9185,#9186,#9188,#9189,#9190,#9191,#9192,#9194,#9195,#9196,#9197,#9198,#9199,#9201,#9202,#9204,#9205,#9207,#9208,#9209,#9211,#9212,#9213,#9215,#9216,#9217,#9218,#9219,#9221,#9222,#9223,#9224,#9226,#9227,#9228,#9229,#9231,#9233,#9234,#9235,#9236,#9238,#9240,#9241,#9242,#9244,#9246,#9247,#9248,#9249,#9250,#9252,#9253,#9254,#9255,#9257,#9258,#9259,#9260,#9261,#9263,#9264,#9265,#9266,#9268,#9269,#9270,#9271,#9273,#9276,#9278,#9279,#9280,#9281,#9282,#9284,#9286,#9287,#9288,#9289,#9291,#9292,#9294,#9297,#9299,#9300,#9301,#9302,#9303,#9304,#9306,#9308,#9309,#9311,#9312,#9313,#9314,#9316,#9317,#9320,#9321,#9322,#9323,#9325,#9326,#9327,#9328,#9330,#9331,#9333,#9334,#9336,#9337,#9338,#9340,#9342,#9343,#9345,#9346,#9347,#9348,#9350,#9351,#9353,#9355,#9357,#9358,#9359,#9361,#9362,#9363,#9364,#9367,#9368,#9370,#9372,#9374,#9375,#9376,#9377,#9378,#9380,#9381,#9382,#9383,#9384,#9385,#9386,#9387,#9389,#9391,#9392,#9394,#9396,#9397,#9399,#9400,#9401,#9402,#9403,#9404,#9405,#9406,#9407,#9408,#9409,#9410,#9411,#9412,#9413,#9414,#9415,#9416,#9417,#9418,#9419,#9420,#9421,#9422,#9423,#9424,#9425,#9426,#9427,#9428,#9429,#9430,#9431,#9432,#9433,#9434,#9436,#9438,#9439,#9442,#9445,#9446,#9450,#9453,#9455,#9456,#9457,#9459,#9460,#9461,#9462,#9463,#9465,#9467,#9468,#9470,#9471,#9472,#9473,#9474,#9475,#9477,#9479,#9481,#9482,#9484,#9485,#9487,#9488,#9489,#9491,#9492,#9493,#9495,#9496,#9500,#9502,#9504,#9506,#9508,#9510,#9514,#9515,#9517,#9518,#9519,#9520,#9523,#9524,#9525,#9526,#9527,#9528,#9530,#9531,#9532,#9533,#9534,#9536,#9537,#9538,#9540,#9541,#9543,#9544,#9546,#9547,#9549,#9551,#9552,#9554,#9555,#9558,#9560,#9562,#9564,#9567,#9568,#9572,#9573,#9574,#9576,#9577,#9578,#9580,#9581,#9583,#9585,#9586,#9588,#9592,#9593,#9594,#9595,#9596,#9598,#9599,#9600,#9601,#9602,#9604,#9605,#9606,#9608,#9609,#9610,#9612,#9614,#9615,#9616,#9617,#9618,#9619,#9620,#9622,#9623,#9624,#9625,#9626,#9628,#9629,#9630,#9632,#9633,#9635,#9636,#9638,#9640,#9641,#9642,#9644,#9645,#9646,#9648,#9649,#9651,#9652,#9653,#9654,#9656,#9657,#9658,#9659,#9660,#9661,#9662,#9663,#9665,#9672,#9673,#9674,#9675,#9676,#9677,#9679,#9680,#9681,#9683,#9685,#9686,#9687,#9689,#9690,#9692,#9693,#9694,#9696,#9697,#9699,#9700,#9703,#9704,#9705,#9707,#9708,#9709,#9712,#9713,#9714,#9716,#9717,#9719,#9721,#9722,#9726,#9728,#9729,#9730,#9732,#9733,#9735,#9736,#9738,#9739,#9742,#9743,#9747,#9748,#9750,#9751,#9753,#9754,#9755,#9756,#9757,#9759,#9760,#9761,#9763,#9765,#9767,#9768,#9770,#9772,#9773,#9775,#9776,#9778,#9780,#9782,#9783,#9785,#9786,#9787,#9789,#9790,#9792,#9793,#9794,#9795,#9796,#9797,#9798,#9800,#9801,#9802,#9804,#9805,#9806,#9807,#9808,#9809,#9811,#9814,#9817,#9818,#9819,#9820,#9821,#9822,#9823,#9824,#9825,#9826,#9827,#9828,#9831,#9832,#9833,#9834,#9836,#9837,#9838,#9839,#9840,#9842,#9843,#9844,#9845,#9847,#9848,#9849,#9850,#9852,#9853,#9854,#9855,#9856,#9858,#9859,#9860,#9861,#9863,#9864,#9865,#9866,#9868,#9869,#9870,#9871,#9873,#9874,#9875,#9876,#9877,#9879,#9880,#9881,#9882,#9884,#9885,#9886,#9887,#9889,#9890,#9891,#9892,#9894,#9895,#9896,#9897,#9899,#9900,#9901,#9902,#9904,#9905,#9906,#9907,#9909,#9910,#9911,#9912,#9914,#9915,#9916,#9917,#9919,#9920,#9921,#9922,#9924,#9925,#9926,#9927,#9929,#9931,#9933,#9935,#9936,#9937,#9938,#9939,#9940,#9941,#9942,#9943,#9944,#9945,#9946,#9947,#9948,#9949,#9950,#9951,#9952,#9953,#9954,#9955,#9956,#9957,#9958,#9959,#9960,#9961,#9962,#9963,#9964,#9966,#9967,#9969,#9970,#9971,#9973,#9974,#9975,#9977,#9979,#9981,#9983,#9985,#9986,#9988,#9989,#9991,#9992,#9993,#9994,#9995,#9996,#9997,#9998,#9999,#10001,#10004,#10005,#10006,#10008,#10010,#10011,#10012,#10014,#10015,#10016,#10018,#10019,#10020,#10022,#10023,#10024,#10026,#10027,#10028,#10029,#10030,#10032,#10033,#10034,#10035,#10036,#10038,#10039,#10040,#10041,#10042,#10044,#10045,#10046,#10047,#10048,#10050,#10051,#10052,#10053,#10054,#10056,#10057,#10058,#10059,#10060,#10062,#10063,#10064,#10065,#10066,#10068,#10069,#10070,#10071,#10072,#10074,#10075,#10076,#10077,#10078,#10080,#10081,#10082,#10083,#10084,#10086,#10087,#10088,#10090,#10092,#10093,#10095,#10096,#10098,#10099,#10102,#10103,#10106,#10109,#10110,#10111,#10112,#10114,#10115,#10117,#10118,#10120,#10121,#10123,#10125,#10127,#10128,#10129,#10131,#10132,#10134,#10135,#10137,#10139,#10141,#10147,#10149,#10152,#10153,#10155,#10157,#10160,#10163,#10165,#10167,#10169,#10171,#10269,#10271,#10278,#10280,#10284,#10285,#10287,#10289,#10293,#10294,#10296,#10298,#10303,#10305,#10307,#10309,#10311,#10313,#10317,#10318,#10320,#10322,#10324,#10326,#10328,#10330,#10334,#10335,#10337,#10339,#10341,#10343,#10345,#10347,#10351,#10355,#10356,#10361,#10362,#10364,#10366,#10368,#10370,#10374,#10375,#10377,#10379,#10381,#10385,#10387,#10389,#10393,#10394,#10396,#10398,#10400,#10402,#10404,#10406,#10408,#10410,#10412,#10414,#10416,#10418,#10420,#10422,#10424,#10426,#10428,#10430,#10432,#10434,#10437,#10438,#10440,#10442,#10444,#10446,#10448,#10450,#10452,#10454,#10456,#10458,#10460,#10462,#10464,#10466,#10468,#10470,#10472,#10474,#10476,#10479,#10480,#10482,#10484,#10486,#10488,#10490,#10492,#10494,#10496,#10500,#10501,#10503,#10505,#10507,#10511,#10512,#10514,#10516,#10518,#10520,#10522,#10524,#10526,#10528,#10530,#10534,#10536,#10540,#10541,#10544,#10546,#10548,#10552,#10553,#10555,#10557,#10559,#10561,#10565,#10566,#10568,#10570,#10572,#10574,#10576,#10580,#10581,#10583,#10585,#10587,#10589,#10591,#10593,#10597,#10598,#10601,#10605,#10607,#10611,#10612,#10614,#10616,#10618,#10620,#10622,#10626,#10628,#10632,#10637,#10639,#10641,#10645,#10646,#10648,#10650,#10654,#10655,#10657,#10659,#10663,#10664,#10666,#10668,#10672,#10673,#10675,#10677,#10681,#10682,#10687,#10688,#10693,#10694,#10699,#10700,#10705,#10707,#10709,#10714,#10717,#10721,#10723,#10728,#10731,#10733,#10737,#10738,#10740,#10742,#10746,#10747,#10749,#10751,#10755,#10757,#10759,#10763,#10767,#10771,#10775,#10779,#10783,#10785,#10789,#10790,#10792,#10794,#10798,#10800,#10804,#10806,#10810,#10812,#10816,#10818,#10822,#10824,#10828,#10830,#10834,#10836,#10840,#10842,#10844,#10846,#10848,#10850,#10854,#10855,#10857,#10859,#10861,#10863,#10867,#10869,#10871,#10873,#10877,#10878,#10880,#10882,#10886,#10888,#10898,#10900,#10902,#10906,#10908,#10910,#10916,#10917,#10919,#10922,#10924,#10926,#10930,#10932,#10934,#10939,#10941,#10943,#10945,#10947,#10949,#10951,#10955,#10957,#10961,#10963,#10967,#10968,#10970,#10972,#10976,#10978,#10982,#10986,#10994,#10998,#11002,#11003,#11005,#11007,#11011,#11015,#11017,#11019,#11023,#11025,#11029,#11031,#11035,#11036,#11038,#11040,#11044,#11045,#11047,#11049,#11054,#11055,#11057,#11059,#11061,#11065,#11066,#11068,#11071,#11073,#11075,#11079,#11085,#11086,#11089,#11093,#11094,#11096,#11098,#11103,#11104,#11106,#11108,#11112,#11113,#11118,#11119,#11124,#11125,#11127,#11129,#11133,#11134,#11136,#11138,#11142,#11144,#11148,#11152,#11156,#11161,#11166,#11167,#11169,#11171,#11175,#11176,#11178,#11180,#11184,#11186,#11193,#11195,#11199,#11206,#11210,#11212,#11216,#11218,#11222,#11223,#11225,#11227,#11231,#11232,#11234,#11236,#11240,#11242,#11246,#11248,#11252,#11255,#11257,#11259,#11261,#11263,#11265,#11267,#11269,#11271,#11273,#11275,#11277,#11279,#11281,#11283,#11285,#11287,#11289,#11295,#11297,#11301,#11305,#11306,#11308,#11313,#11315,#11319,#11320,#11322,#11324,#11328,#11330,#11335,#11339,#11343,#11349,#11350,#11353,#11357,#11361,#11365,#11370,#11374,#11376,#11378,#11380,#11384,#11390,#11391,#11393,#11395,#11397,#11399,#11402,#11406,#11407,#11410,#11414,#11415,#11417,#11419,#11421,#11423,#11430,#11432,#11436,#11438,#11443,#11444,#11455,#11463,#11465,#11467,#11471,#11475,#11477,#11479,#11488,#11489,#11494,#11496,#11500,#11502,#11504,#11506,#11510,#11511,#11513,#11515,#11517,#11519,#11523,#11527,#11531,#11533,#11537,#11538,#11543,#11546,#11548,#11552,#11554,#11556,#11560,#11561,#11564,#11570,#11571,#11574,#11580,#11582,#11588,#11589,#11596,#11597,#11599,#11601,#11605,#11606,#11609,#11611,#11616,#11618,#11622,#11625,#11634,#11636,#11638,#11640,#11646,#11652,#11661,#11664,#11675,#11676,#11678,#11680,#11684,#11689,#11690,#11692,#11694,#11698,#11701,#11705,#11709,#11714,#11720,#11724,#11726,#11728,#11732,#11744,#11745,#11747,#11749,#11754,#11764,#11771,#11776,#11782,#11788,#11792,#11793,#11795,#11797,#11799,#11801,#11804,#11806,#11808,#11810,#11812,#11814,#11816,#11818,#11821,#11823,#11825,#11827,#11829,#11831,#11833,#11835,#11837,#11839,#11841,#11843,#11845,#11847,#11849,#11852,#11856,#11862,#11880,#11882,#11886,#11887,#11889,#11891,#11893,#11902,#11903,#11905,#11908,#11910,#11918,#11922,#11926,#11931,#11933,#11959,#11961,#11963,#11968,#11970,#11972,#11974,#11976,#11980,#11982,#11984,#11989,#11991,#11998,#12010,#12029,#12030,#12035,#12036,#12041,#12047,#12055,#12056,#12058,#12060,#12065,#12066,#12068,#12070,#12072,#12076,#12078,#12082,#12089,#12091,#12093,#12095,#12097,#12099,#12103,#12105,#12107,#12109,#12117,#12121,#12127,#12132,#12134,#12138,#12142,#12143,#12146,#12150,#12151,#12154,#12156,#12158,#12160,#12162,#12173,#12175,#12177,#12179,#12181,#12185,#12186,#12193,#12195,#12202,#12203,#12208,#12216,#12217,#12222,#12224,#12229,#12231,#12235,#12241,#12250,#12269,#12273,#12277,#12279,#12282,#12286,#12288,#12296,#12302,#12306,#12314,#12318,#12320,#12324,#12329,#12332,#12334,#12336,#12340,#12342,#12346,#12348,#12352,#12362,#12364,#12367,#12369,#12371,#12373,#12375,#12377,#12379,#12381,#12387,#12389,#12393,#12394,#12396,#12398,#12400,#12404,#12406,#12408,#12413,#12415,#12419,#12420,#12422,#12424,#12426,#12430,#12432,#12434,#12439,#12441,#12445,#12447,#12449,#12453,#12454,#12456,#12458,#12460,#12464,#12465,#12468,#12472,#12474,#12476,#12480,#12482,#12484,#12488,#12489,#12491,#12493,#12497,#12498,#12500,#12502,#12506,#12507,#12509,#12511,#12515,#12516,#12518,#12520,#12524,#12525,#12527,#12529,#12533,#12535,#12537,#12541,#12543,#12545,#12557,#12559,#12561,#12563,#12565,#12567,#12569,#12571,#12573,#12575,#12577,#12579,#12581,#12583,#12585,#12587,#12589,#12591,#12593,#12595,#12597,#12599,#12601,#12603,#12605,#12607,#12612,#12616,#12618,#12622,#12624,#12636,#12649,#12651,#12658,#12659,#12666,#12668,#12672,#12674,#12678,#12680,#12684,#12686,#12690,#12692,#12695,#12699,#12700,#12703,#12708,#12709,#12712,#12717,#12719,#12722,#12726,#12728,#12731,#12735,#12737,#12740,#12744,#12745,#12748,#12753,#12754,#12757,#12762,#12764,#12767,#12771,#12772,#12775,#12780,#12782,#12791,#12806,#12808,#12810,#12814,#12818,#12829,#12830,#16912,#16913,#16914,#16915,#16916,#16917,#16918,#16919,#16920,#16921,#16922,#16923,#16924,#16925,#16926,#16927,#16928,#16929,#16930,#16931,#16932,#16933,#16934,#16935,#16936,#16937,#16938,#16939,#16940,#16941,#16942,#16943,#16944,#16945,#16946,#16947,#16948,#16949,#16950,#16951,#16952,#16953,#16954,#16955,#16956,#16957,#16958,#16959,#16960,#16961,#16962,#16963,#16964,#16965,#16966,#16967,#16968,#16969,#16970,#16971,#16972,#16973,#16974,#16975,#16976,#18940,#18941,#18943,#18945,#18948,#18949,#18959,#18960,#18962,#18964,#18967,#18968,#18978,#18979,#18981,#18983,#18986,#18987,#18997,#18998,#19000,#19002,#19005,#19006,#19016,#19017,#19019,#19021,#19024,#19025));
ENDSEC;
END-ISO-10303-21;
